order_id,customer_id,date,nearest_warehouse,shopping_cart,order_price,delivery_charges,customer_lat,customer_long,coupon_discount,order_total,season,is_expedited_delivery,distance_to_nearest_warehouse,latest_customer_review,is_happy_customer
ORD101108,ID0577456440,2019-05-20,Bakers,"[('Candle Inferno', 1), ('Alcon 10', 1)]",9380.0,81.52,-37.8231459,144.9885529,10,8523.52,Autumn,True,1.5772,convoy 2 yes i like my convoy. a few more surface blemishes than i had hoped for but very functional. i think it will serve me well.,1.0
ORD116859,ID0233255225,2019-11-24,,"[('Alcon 10', 1), ('Thunder line', 2)]",13310.0,83.04,-37.7988316,144.98308369999995,25,10065.54,Spring,False,,so happy with it so far this is the most underrated phone... so happy with it so far!,1.0
ORD162115,ID0248746945,2019-03-03,Bakers,"[('Candle Inferno', 1), ('Lucent 330S', 2), ('Thunder line', 2), ('Olivia x460', 2)]",9700.0,66.68,-37.823082,144.99159469999995,15,8311.68,Autumn,False,1.4914,highly recommend ! this phone is perfect. i love it. brand new as described. works great. couldn't be happier. great packing was on time. a first class transaction all the way !,1.0
ORD460515,ID1492150953,2019-11-18,Thompson,"[('Alcon 10', 2), ('iAssist Line', 1), ('Thunder line', 2), ('Candle Inferno', 1)]",24915.0,85.01,-37.8145433,144.9520468,15,21262.76,Spring,True,0.4847,headphone missing headphone is not available inside box please advise,0.0
ORD173206,ID0746912558,2019-03-23,Nickolson,"[('iAssist Line', 2), ('Lucent 330S', 2)]",6910.0,81.87,-37.8248028,144.9828208,10,6300.87,Autumn,True,1.3561,"best ❤ phone my son loves his new phone. he upgraded and is amazing how good phone works and, camera features.",1.0
ORD319150,ID0207085408,2019-03-30,Bakers,"[('Toshika 750', 2), ('Lucent 330S', 2), ('Candle Inferno', 1)]",11530.0,67.21,-37.811672,145.0153872,10,10444.21,Autumn,False,1.7823,very pleased with this phone. looks and works like its brand new,1.0
ORD185539,ID6167440977,2019-07-11,Nickolson,"[('iStream', 2), ('Thunder line', 1), ('Olivia x460', 2), ('Alcon 10', 1)]",13880.0,51.56,-37.8151371,144.9637175,25,10461.56,Winter,False,0.6413,"no está mi pedido he comprado este móvil el día 5 de julio, me han descontado el dinero y ni siquiera figura en mis pedidos.",0.0
ORD252160,ID4793613062,2019-01-07,Thompson,"[('iStream', 2), ('Lucent 330S', 2)]",2760.0,97.01,-37.8079694,144.9340681,0,2857.01,Summer,True,1.2576,four stars it works pretty good abroad. a bought it for a good price and works very good with windows.,1.0
ORD428364,ID0441587733,2019-03-11,Thompson,"[('Candle Inferno', 1), ('Lucent 330S', 1)]",1660.0,65.09,-37.8143802,144.9382043,25,1310.09,Autumn,False,0.8024,"overall great value for money the phone works great, speaker quality is good and display is good. the hid the notch feature don't really make sense though",1.0
ORD286690,ID4927643640,2019-11-04,Thompson,"[('Thunder line', 1), ('iStream', 1)]",2330.0,80.95,-37.8056537,144.9332706,15,2061.45,Spring,False,1.4433,"great phone for the money moved up from a lucent g5s+ w/ 64gb memory, 4gb ram, 2.0 ghz processor. the g6 i bought has 32gb memory, 3gb ram and a 1.8 processor, but i find it to be just as fast if not faster than the old phone. battery life is great, lasts all day. easy to use and set up.",1.0
ORD292791,ID0634783569,2019-05-24,Thompson,"[('Alcon 10', 2), ('iStream', 2)]",18200.0,79.05,-37.8127454,144.93719109999995,10,16459.05,Autumn,True,0.8687,pros:great value for moneyenough power to handle lot of android gamesdecent battery lifecons:feels slow after using for a few weekslow-resolution screen and camera.,1.0
ORD052271,ID0214146589,2019-04-12,Nickolson,"[('Toshika 750', 1), ('Olivia x460', 2), ('Thunder line', 1)]",8950.0,66.35,-37.8056609,144.97146940000005,15,7673.85,Autumn,True,1.4496,careful who you buy from. phone kept cycling on and off and wouldn't stay on since i have received it 3 days ago . batterylife horrible only will stay charged for 4 hours .,0.0
ORD012631,ID1833120507,2019-11-16,Thompson,"[('iAssist Line', 1), ('Olivia x460', 2)]",4675.0,108.91,-37.79970460000001,144.9550666,10,4316.41,Spring,True,1.6059,"this phone is amazing! the camera takes the most clear and crisp ... this phone is amazing! the camera takes the most clear and crisp photos the speaker is loud, which is perfect for listening to music! i absolutely love this phone and am so glad that i bought it!",1.0
ORD330874,ID0844489347,2019-11-09,Thompson,"[('iAssist Line', 2), ('Lucent 330S', 2)]",6910.0,102.68,-37.8207969,144.94801669999995,10,6321.68,Spring,True,0.9081,"value, great camera very happy with this phone. my only complaint is the fingerprint can be a little ""touchy"" tho face recognition works amazing!! ver good value compared to olivia",1.0
ORD048189,ID1479905312,2019-05-23,Thompson,"[('iAssist Line', 2), ('iStream', 1), ('Candle Inferno', 2)]",5460.0,51.38,-37.8212135,144.95571619999996,10,4965.38,Autumn,False,1.2174,very disappointed as it was a present for my teenage son did not work. it wouldn't charge and the microphone was not working. very disappointed as it was a present for my teenage son.,0.0
ORD337872,ID0591415025,2019-08-14,Nickolson,"[('Alcon 10', 2), ('Thunder line', 1)]",20080.0,65.72,-37.8191633,144.961103,15,17133.72,Winter,False,0.7456,i put it on a tv that didn’t have a great picture and it now looks like a new tv,1.0
ORD025644,ID0723957249,2019-03-01,Bakers,"[('Universe Note', 2), ('iStream', 2)]",7200.0,66.4,-37.8026155,145.00515009999995,25,5466.4,Autumn,False,1.1983,amazing phone for the price exactly what i was looking for my old phone didn't hold a charge for half a day this can easily last over a day of normal usage the screen is very readable outside and has a pretty decent camera for the price this is definitely worth it.,1.0
ORD334340,ID0176721271,2019-06-20,Nickolson,"[('Candle Inferno', 2), ('Alcon 10', 1)]",9810.0,74.98,-37.8141917,144.9671072,15,8413.48,Winter,True,0.5352,i bought a second one! a wonderful phone especially for the price. if you want a considerably capable olivia phone at 10-20% of their flagship phone price than the a20 is the way to go. placed sim from my us at&t phone in this device and was up and running within minutes.,1.0
ORD482707,ID0710018068,2019-12-13,Thompson,"[('Thunder line', 2), ('pearTV', 2), ('Candle Inferno', 2)]",17840.0,95.74,-37.8151825,144.936401,10,16151.74,Summer,True,0.9788,is great. use it for music mostly.,1.0
ORD393898,ID0591393322,2019-04-10,Nickolson,"[('Toshika 750', 2), ('Alcon 10', 1)]",17590.0,65.42,-37.8193484,144.9614874,0,17655.42,Autumn,False,0.714,five stars great phone! excellent customer service from seller!!!!,1.0
ORD391247,ID0703556742,2019-08-28,Thompson,"[('Alcon 10', 1), ('Thunder line', 2)]",13310.0,63.17,-37.8061735,144.95614619999995,25,10045.67,Winter,True,1.0774,"the phone is defective phone keeps restarting after five minutes of use, as doenst come with warranty i just bought the most expensive paperweight bad product",0.0
ORD467998,ID5402876183,2019-03-15,Nickolson,"[('Candle Inferno', 1), ('iStream', 1), ('pearTV', 1)]",6890.0,,-37.820542,144.976733,25,5232.73,Autumn,False,0.6677,"nice phone bought this to replace my moms j3. she likes this was much better. little bigger, little faster, better camera",1.0
ORD333753,ID0131213185,2019-10-29,Nickolson,"[('Toshika 750', 2), ('Alcon 10', 1), ('Olivia x460', 1)]",18815.0,79.44,-37.8133061,144.9603376,25,14190.69,Spring,False,1.0015,universe note 10 plus great phone.,1.0
ORD426389,ID0060653733,2019-10-02,Thompson,"[('pearTV', 2), ('Toshika 750', 2), ('Thunder line', 2), ('Candle Inferno', 2)]",26480.0,57.89,-37.8127594,144.9428102,5,25213.89,Spring,False,0.3746,this device does not interact with my home filled with pear devices.  how disappointing!,0.0
ORD096457,ID0282852693,2019-01-08,Bakers,"[('Thunder line', 2), ('iStream', 1), ('Alcon 10', 1), ('Candle Inferno', 2)]",14320.0,83.98,-37.7964505,145.0087756,10,12971.98,Summer,False,1.9216,love my thunder line easy to use and set up,1.0
ORD175686,ID4637139144,2019-12-28,Thompson,"[('pearTV', 1), ('Toshika 750', 2), ('Olivia x460', 1), ('Lucent 330S', 1)]",17405.0,90.61,-37.8087991,144.94791830000003,5,16625.36,Summer,True,0.4377,"amazing phone. no regrets i use this phone as my daily work horse. amazed by the quality, speed and battery life of the phone. 100% recommended",1.0
ORD188356,ID0331414893,2019-10-23,Bakers,"[('Thunder line', 1), ('Candle Inferno', 2), ('Alcon 10', 2), ('iStream', 1)]",21090.0,82.36,-37.820376,145.00206709999995,5,20117.86,Spring,False,1.3025,a+ with 5 gold stars!!! worth it!!! especially if you can't afford the new thousand dollar phone's this eill do. trust me! it's a olivia! it should be more expensive! loves it!,1.0
ORD262200,ID1985549819,2019-08-13,Nickolson,"[('pearTV', 2), ('Thunder line', 1), ('Alcon 10', 1)]",,84.59,-37.8007669,144.9668691,15,,Winter,True,1.9985,five stars excellent experience so far!,1.0
ORD479142,ID1234672054,2019-02-18,Nickolson,"[('Thunder line', 1), ('iStream', 2), ('Lucent 330S', 1)]",3710.0,73.06,-37.8221711,144.9634245,5,3597.56,Summer,False,0.6698,price vs quality great,1.0
ORD120587,ID3146808090,2019-09-22,Bakers,"[('Universe Note', 2), ('Lucent 330S', 2)]",,84.96,-37.81319129999999,144.9902056,0,,Spring,True,0.5674,"short lived. i bought this as a replacement phone for my college daughter, as hers died. it was just like her old phone, and we thought this would pickup where the other left off. she used it for 3 months, and it died. i really expected at least year. nothing lasts forever...",0.0
ORD166100,ID2272185758,2019-07-28,Bakers,"[('iStream', 2), ('Thunder line', 1)]",2480.0,82.44,-37.81632379999999,145.01423469999997,25,1942.44,Winter,True,1.8135,good value few scratches in back otherwise perfect condition doesn't come in original box or have any accessories but a really good value for money,1.0
ORD407783,ID2658548177,2019-09-26,Thompson,"[('Candle Inferno', 2), ('pearTV', 1)]",7170.0,82.03,-37.8036661,144.9630279,0,7252.03,Spring,False,1.7249,three stars very nice but does not work with us cellular.,1.0
ORD132213,ID0129952493,2019-02-11,,"[('Olivia x460', 1), ('Toshika 750', 1)]",5545.0,86.02,-37.8072023,144.99642219999996,25,4244.77,Summer,True,0.3281,"ok, but specs different than advertised. this is a pretty decent phone for the price. however, the description is wrong. as mentioned by other reviewers, the phone has 1g of ram, not 2. screen is mediocre but serviceable.",1.0
ORD413577,ID0363988495,2019-09-05,Bakers,"[('Candle Inferno', 1), ('Toshika 750', 2), ('Alcon 10', 1)]",18020.0,100.96,-37.802519200000006,144.9922671,25,13615.96,Spring,True,0.8722,👍 this phone is amazing!,1.0
ORD304456,ID2177825298,2019-03-18,,"[('iStream', 2), ('iAssist Line', 1)]",2525.0,66.45,-37.812452,145.0122352,15,2212.7,Autumn,True,,one star wast of money,0.0
ORD295432,ID6167265866,2019-07-01,Nickolson,"[('Thunder line', 1), ('iAssist Line', 1), ('Lucent 330S', 1)]",5635.0,61.9,-37.8164377,144.967108,25,4288.15,Winter,False,0.3222,"cellular phone review. i was immensely satisfied with the product. its absolutely perfect for my needs. fast shipping, good service.",1.0
ORD140961,ID3721159057,2019-07-15,Bakers,"[('Lucent 330S', 1), ('Thunder line', 2), ('iStream', 1), ('Olivia x460', 2)]",8190.0,71.44,-37.8166191,145.0134406,25,6213.94,Winter,False,1.7629,"you can have up to 3 different phone providers on the same phone. the product was really good for your buck. all the featers you get on this phone, i have no personal complain. everything is really responsive, and the amount of memory is also not bad.",
ORD102265,ID0578120680,2019-09-03,Thompson,"[('Olivia x460', 2), ('Thunder line', 2)]",6810.0,80.18,-37.8240196,144.942638,15,5868.68,Spring,False,1.3218,perfect burner phone. cheap durable exactly what i wanted.,
ORD187066,ID1449295036,2019-10-15,Nickolson,"[('Olivia x460', 2), ('Lucent 330S', 2), ('Thunder line', 1), ('pearTV', 1)]",13400.0,81.01,-37.8168287,144.9823523,10,12141.01,Spring,False,1.1427,i love the camera great product,1.0
ORD018807,ID0576868759,2019-09-24,,"[('iStream', 2), ('Alcon 10', 1)]",9250.0,84.03,-37.824038,144.99054130000005,10,8409.03,Spring,False,1.6166,quick with getting the product to me and quick with responses. i really like the phone everything works fine.,1.0
ORD151419,ID0519816212,2019-06-06,Thompson,"[('Olivia x460', 1), ('Lucent 330S', 1), ('Toshika 750', 1), ('iAssist Line', 1)]",9000.0,71.17,-37.8275232,144.95117240000005,25,6821.17,Winter,False,1.692,five stars excellent!,1.0
ORD178084,ID0591407730,2019-09-02,Nickolson,"[('Universe Note', 1), ('Alcon 10', 1), ('pearTV', 1), ('iAssist Line', 2)]",23160.0,78.98,-37.8231807,144.96072790000005,5,22080.98,Spring,False,0.9287,"great features great phone, big screen, nfc, fingerprint scanner, good audio quality, all the features i like.",1.0
ORD495236,ID3367904406,2019-04-23,Nickolson,"[('Alcon 10', 2), ('iAssist Line', 1)]",20125.0,80.8,-37.81293270000001,144.9680768,5,19199.55,Autumn,True,0.6435,"lucentrolla perfection after many cell phones of other brands i decided to go back to lucentrolla. i love this phone, while i wish it had a few more features, it's a perfect smart phone for the thrifty phone buyer, comparable to the two leading phone names but at a fraction of the price.",1.0
ORD225912,ID0581702946,2019-10-15,Thompson,"[('iStream', 2), ('Toshika 750', 1)]",4620.0,71.07,-37.815102,144.9230496,5,4460.07,Spring,False,2.1295,wifi stopped working-no guarantee for the device xiaomi in my country ask money to fix it after a few weeks wifi stopped totally working the xiaomi in greece say they cant fix it if i dont pay a lot of money i wonder why there is no quarantee,0.0
ORD160277,ID0287629445,2019-12-13,Thompson,"[('iStream', 2), ('iAssist Line', 1), ('Candle Inferno', 1)]",2955.0,78.16,-37.8051406,144.9489936,15,2589.91,Summer,True,0.8554,charging port sucks my phone didn't even last a week. first the charger stopped working. then i bought a new one. now my charging port went out.,0.0
ORD340058,ID0287630779,2019-09-14,Thompson,"[('Thunder line', 1), ('Toshika 750', 2)]",10820.0,102.51,-37.8054761,144.94402030000003,10,9840.51,Spring,True,0.8448,"have not had time to really use it, but hope to download books and games.",1.0
ORD303400,ID2705192017,2019-06-13,Nickolson,"[('Toshika 750', 1), ('Lucent 330S', 1), ('iAssist Line', 1), ('Thunder line', 1)]",9955.0,,-37.8213835,144.9694675,0,10017.94,Winter,False,0.3105,four stars thank yo u your a best seller,1.0
ORD274518,ID0581731627,2019-06-18,Thompson,"[('Universe Note', 1), ('Alcon 10', 2)]",21350.0,85.99,-37.804762,144.9241477,10,19300.99,Winter,True,2.1998,"great little phone! i mostly love the sound volume and quality, since i am hard of hearing. i like all other features of it too. however, it's now out of production, so it's hard to find them.",1.0
ORD018841,ID3793626747,2019-10-21,Nickolson,"[('Candle Inferno', 1), ('iStream', 2)]",730.0,88.01,-37.82316760000001,144.97813180000003,0,818.01,Spring,True,0.9102,"unlocked but it accepts only verizon sim which is painful to have it delivered and return it back description should be very clear,unlocked but it accepts only verizon sim which is painful to have it delivered and return it back.unhappy about this deal.",0.0
ORD074769,ID0267319278,2019-04-26,Nickolson,"[('Thunder line', 1), ('pearTV', 2), ('iAssist Line', 2), ('Alcon 10', 2)]",37150.0,77.41,-37.823141,144.9707969,5,35369.91,Autumn,True,0.5178,"16gb camera quality perfect flat and easy to use high speed processor, 16gb camera quality perfect flat and easy to use. love love.",1.0
ORD393502,ID3114181810,2019-12-14,Nickolson,"[('iStream', 1), ('Alcon 10', 2), ('Lucent 330S', 2), ('pearTV', 2)]",33130.0,82.19,-37.8112434,144.9636954,15,28242.69,Summer,True,0.9669,died within 3 months! it's only 4 days past return window too! purchased this new phone in november 2016. it died today 2/4/17. it won't charge or turn on. i maintained it meticulously in a case and treated it with tlc.,
ORD466657,ID0598401526,2019-06-26,Nickolson,"[('Lucent 330S', 1), ('Universe Note', 2), ('Alcon 10', 2)]",26030.0,74.98,-37.8145453,144.96397140000005,0,26104.98,Winter,True,0.6663,great phone great for a refurbished phone.,1.0
ORD088401,ID2975216739,2019-03-13,Thompson,"[('iAssist Line', 2), ('Toshika 750', 2), ('Lucent 330S', 1)]",14320.0,83.88,-37.7992678,144.95919980000005,10,12971.88,Autumn,True,1.8344,value for money. a very good phone. five months of usage and no problem thus far.,
ORD399882,ID0767664999,2019-09-28,,"[('Olivia x460', 1), ('Universe Note', 1)]",4675.0,91.3,-37.8080452,144.97335880000003,10,4298.8,Spring,True,1.2212,do not buy from them i spent almost 400 dollars. got the phone tried to activate. had to call verizon. verizon told me that the phone can't be activated because whoever sold me the phone never paid the bill so the phone can never be activated. they sold me a phone that will never work. i would rate 0 but unfortunately its not an option.,0.0
ORD304370,ID3085953501,2019-10-28,Nickolson,"[('Alcon 10', 1), ('Thunder line', 1), ('Toshika 750', 1), ('pearTV', 2)]",28070.0,85.1,-37.8180818,144.9777076,0,28155.1,Spring,True,0.7195,"broke less than a year after purchase bought this phone in march 2019 and it broke already. the phone stopped charging, i had to hold it just right to charge for a couple of days and then it died completely:( all my pictures are gone :(",0.0
ORD093159,ID1249092049,2019-11-24,Bakers,"[('Candle Inferno', 1), ('Universe Note', 2)]",7330.0,103.66,-37.8031045,144.9905,25,5601.16,Spring,True,0.8728,best buy for under 200$ love this phone so much i bought one for my wife,1.0
ORD015278,ID0052600156,2019-08-10,Thompson,"[('Candle Inferno', 2), ('Olivia x460', 1)]",2085.0,83.26,-37.7998614,144.9588099,10,1959.76,Winter,True,1.7608,"when the phone works it works great, but often freezes to the point that i ... when the phone works it works great, but often freezes to the point that i have to restart it at least once a week and the seller has no type warranty uggh",1.0
ORD432449,ID1964023935,2019-06-29,Thompson,"[('Lucent 330S', 2), ('Candle Inferno', 2), ('pearTV', 1)]",9630.0,78.6,-37.8189643,144.9525952,25,7301.1,Winter,True,0.8524,un gran teléfono genial,1.0
ORD375003,ID0576859101,2019-01-23,,"[('Alcon 10', 1), ('Toshika 750', 2), ('Lucent 330S', 1), ('iStream', 1)]",18970.0,102.68,-37.8246285,144.9888834,5,18124.18,Summer,True,1.7219,great for the money! exellent product for the cost. a flagship phone with arguably the best camera on the market for around 500$. it came with all the stock pieces that would be included from google exept for headphines.,1.0
ORD194797,ID0245507480,2019-01-31,Thompson,"[('Alcon 10', 2), ('iAssist Line', 1), ('Olivia x460', 2), ('iStream', 1)]",22725.0,70.53,-37.7991342,144.9613558,0,22795.53,Summer,False,1.9622,"for the price, it's tough to complain but it does occasionally stutter or get slow downs. overall, you can't find a tablet at this price that will outperform but if you do have the extra money, i would use it for the new inferno hd 8 instead.",0.0
ORD305160,ID0591258328,2019-11-07,Thompson,"[('Lucent 330S', 1), ('pearTV', 1), ('Toshika 750', 1)]",11860.0,105.57,-37.8242187,144.9537168,0,11965.57,Spring,True,1.4119,looks good so far im going to use this week with my over see trip .looks good so far.,1.0
ORD072665,ID0846567423,2019-06-19,Nickolson,"[('iStream', 2), ('Alcon 10', 1), ('Candle Inferno', 2), ('iAssist Line', 1)]",12335.0,58.63,-37.82023220000001,144.96873290000005,10,11160.13,Winter,True,0.1959,camera overrated sim card malfunction camera way overrated. phone accidentally unlocks the screen with hardly any touch. i had to return the first phone because the sim card slot was broken,0.0
ORD187734,ID0547589976,2019-03-18,Bakers,"[('pearTV', 2), ('iStream', 1)]",12770.0,78.95,-37.8159539,144.9865358,10,11571.95,Autumn,True,1.0123,"as good as new the product arrived on time. the phone looked absolutely brand new. it came with a charger in a box. i have been using it for a week, haven’t found a problem at all. the phone is in perfect shape and does not show any problem. definitely recommended",
ORD371516,ID4544035099,2019-07-25,Nickolson,"[('Alcon 10', 1), ('Thunder line', 2)]",13310.0,76.54,-37.8121452,144.96289019999998,10,12055.54,Winter,True,0.9266,nice phone its working just fine in guatemala. carrier: tigo.,1.0
ORD170535,ID0634784119,2019-04-09,Thompson,"[('Thunder line', 1), ('iAssist Line', 2), ('Alcon 10', 2), ('Universe Note', 2)]",31430.0,,-37.81383320000001,144.9376909,25,23652.67,Autumn,True,0.8348,five stars great phone. just as advertised!,1.0
ORD100632,ID0577456446,2019-05-23,Bakers,"[('Candle Inferno', 1), ('iAssist Line', 1), ('Olivia x460', 1), ('Alcon 10', 1)]",12830.0,69.06,-37.823147,144.98825449999995,0,12899.06,Autumn,False,1.5873,five stars delivered on time works fine,1.0
ORD470693,ID3210158654,2019-12-25,,"[('Universe Note', 2), ('pearTV', 1), ('iStream', 2)]",13510.0,89.79,-37.8085942,144.948182,10,12248.79,Summer,True,,"excellent product excellent product, i bought it a few months ago and i have no complaint, the camera good resolution, the price is definitely very good",1.0
ORD013941,ID0628177510,2019-10-11,,"[('Lucent 330S', 2), ('Candle Inferno', 2), ('pearTV', 1)]",9630.0,95.77,-37.8113413,144.9475256,15,8281.27,Spring,True,0.1536,"the phone was in great condition. it also works without any issues the phone was in great condition. it also works without any issues, but it did not include a sim card.",1.0
ORD497643,ID4061053474,2019-11-10,,"[('Toshika 750', 1), ('Lucent 330S', 2)]",6780.0,69.05,-37.80998889999999,144.9953274,15,5832.05,Spring,False,,five stars good phone i dont text but do receive them,1.0
ORD170068,ID0581717966,2019-11-05,Thompson,"[('Thunder line', 2), ('Olivia x460', 1)]",5585.0,90.93,-37.8054867,144.9351555,25,4279.68,Spring,True,1.3182,two stars didn’t work,0.0
ORD194402,ID6282174092,2019-10-20,Nickolson,"[('iAssist Line', 2), ('Candle Inferno', 1)]",4880.0,77.31,-37.8233588,144.9785671,5,4713.31,Spring,False,0.9538,"this is my second candle inferno hd. i was satisfied with the first one, but now i'm really enjoying the larger screen. my biggest need is to preserve the progress i've made in various games without having to replay them, but at least i have access to all my books, movies and games. love the candle!",1.0
ORD481000,ID0107156483,2019-01-25,Nickolson,"[('Thunder line', 2), ('iStream', 1)]",4510.0,64.23,-37.8263028,144.9798403,0,4574.23,Summer,False,1.2469,one star not working well after 5 months,0.0
ORD493262,ID4162427909,2019-07-31,Nickolson,"[('iAssist Line', 1), ('Candle Inferno', 2), ('Lucent 330S', 2), ('iStream', 1)]",5695.0,73.61,-37.8197402,144.9700566,15,4914.36,Winter,True,0.135,gret back-up phone using this as an emergency back-up phone on verizon. nice unit for the price. small powerful and fast processor for 3g phone.,1.0
ORD191853,ID3268156354,2019-04-28,Nickolson,"[('iAssist Line', 2), ('pearTV', 2), ('Toshika 750', 2)]",25710.0,80.84,-37.8224721,144.9828079,5,24505.34,Autumn,True,1.2431,"don’t use it for much as i thought we would. synced with kasa-cam and use it to check up on our baby in the crib a lot. lyrics for music is cool, too. other than that it’s used as a clock and standard line’ish features.",1.0
ORD160363,ID0560986728,2019-05-01,,"[('Lucent 330S', 2), ('Olivia x460', 1)]",3685.0,66.47,-37.8199098,144.9436993,15,3198.72,Autumn,False,,excellent product arrived in time excellent product arrived in time indicated,1.0
ORD342230,ID0282825789,2019-11-17,Thompson,"[('pearTV', 2), ('Thunder line', 2), ('iStream', 2), ('Toshika 750', 1)]",21600.0,78.77,-37.8026926,144.95072539999995,5,20598.77,Spring,False,1.1566,"flip phone pleased with phone, i needed 1 that closed so i didn' t call everyone accidentally . a little pricey but it was what i needed",1.0
ORD244238,ID0471341037,2019-01-23,Nickolson,"[('Thunder line', 2), ('iAssist Line', 1)]",6585.0,81.56,-37.8040667,144.9668552,10,6008.06,Summer,False,1.6345,great buy! good value value for the money & easy to use.,1.0
ORD051278,ID0633912883,2019-05-22,Thompson,"[('pearTV', 2), ('Alcon 10', 2)]",30520.0,79.5,-37.8148074,144.95762390000004,10,27547.5,Autumn,True,0.9581,nice tabket for the money with many nice features and durable,1.0
ORD058552,ID0306968306,2019-05-24,Thompson,"[('Candle Inferno', 1), ('pearTV', 2)]",13050.0,81.36,-37.8158245,144.9326915,0,13131.36,Autumn,True,1.3121,"three stars it didn't come in retail packaging as stated, yes it's important for what i needed it for.",1.0
ORD159620,ID3072718448,2019-06-25,Nickolson,"[('Candle Inferno', 2), ('Universe Note', 1), ('Lucent 330S', 2)]",6770.0,53.31,-37.8252348,144.9567953,0,6823.31,Winter,False,1.3433,one star i was unable to active the phone because it had been reported lost or stolen.,
ORD279618,ID2314545797,2019-10-18,Bakers,"[('Thunder line', 2), ('iAssist Line', 2)]",8810.0,77.27,-37.8047344,144.9882562,0,8887.27,Spring,False,0.8482,"love it! finally upgraded from my pixel 1, and the pixel 2 is great! i couldn't even tell the phone had been refurbished - it looks new. i was worried about battery life, but so far, so good!",1.0
ORD110056,ID4095230643,2019-08-07,Bakers,"[('Olivia x460', 2), ('iAssist Line', 2), ('Thunder line', 1)]",9080.0,,-37.810386,144.992749,15,7792.03,Winter,True,0.2226,good purchase we've been using the phone for 4+ weeks now. we've had no issues with it.,1.0
ORD408850,ID6167489434,2019-01-28,Thompson,"[('Olivia x460', 1), ('Alcon 10', 2), ('Toshika 750', 1), ('Candle Inferno', 2)]",24305.0,74.24,-37.8119421,144.9594111,5,23163.99,Summer,False,1.0885,five stars i absolutely love it.,1.0
ORD088900,ID0581710144,2019-12-26,Thompson,"[('Alcon 10', 2), ('Lucent 330S', 2)]",20360.0,,-37.8050968,144.9287544,10,18407.55,Summer,False,1.8182,"love this product love this phone. works great. have been using it for several months, have had no problems. great camera and great sound quality. will never buy ""popular"" brand phone for outrageous price again.",1.0
ORD097219,ID0612726023,2019-07-05,Nickolson,"[('pearTV', 1), ('iStream', 1)]",6460.0,75.87,-37.8150923,144.9615645,15,5566.87,Winter,True,0.8033,great gift easy to use and she loves being able to take it anywhere,1.0
ORD305839,ID0740374973,2019-04-01,Bakers,"[('pearTV', 2), ('iStream', 2), ('Toshika 750', 1)]",17240.0,68.07,-37.8037097,145.0116178,10,15584.07,Autumn,False,1.602,five stars it was a great replacement for me note 7 until i could get the note 8. good condition.,1.0
ORD158210,ID2140983798,2019-09-02,Thompson,"[('Lucent 330S', 2), ('Universe Note', 2)]",9360.0,77.85,-37.8067305,144.9393992,10,8501.85,Spring,False,0.9448,best phone i've ever had best phone i've ever had. i had the olivia 4s prior to this one. the capabilities are incredible. i will never go back to alcons again. androids rule.,1.0
ORD000218,ID0778942036,2019-06-09,Bakers,"[('Lucent 330S', 2), ('Toshika 750', 2), ('iStream', 2), ('iAssist Line', 1)]",13625.0,,-37.8168985,145.0141518,25,10289.11,Winter,False,1.8327,bought as a gift for my 86 yr old mom to stalk her kids and grandkids on fb. she mastered it in a few.minutes with minimal instruction. now i have to watch my posts.,1.0
ORD246609,ID6167417949,2019-08-10,Nickolson,"[('Olivia x460', 2), ('Universe Note', 1), ('Toshika 750', 1), ('Alcon 10', 2)]",28120.0,75.6,-37.8141304,144.96319640000004,0,28195.6,Winter,True,0.7478,five stars i bought it for my son birthday and he love it,
ORD370844,ID0702352315,2019-11-18,Thompson,"[('iStream', 2), ('Universe Note', 2), ('Alcon 10', 2), ('iAssist Line', 2)]",29550.0,60.48,-37.8053659,144.94149230000005,15,25177.98,Spring,False,0.9498,i have had nothing but problems with this phone from ... i have had nothing but problems with this phone from the start. it constantly freezes and is basically a pain to do anything with because of the freezing.,0.0
ORD121808,ID0137148242,2019-07-02,Thompson,"[('Alcon 10', 1), ('Thunder line', 2)]",13310.0,71.38,-37.7998331,144.93983469999995,0,13381.38,Winter,False,1.5645,a much needed upgrade amazing phone even in 2019. software upgraded to android pie and works like a charm,1.0
ORD287622,ID6167344579,2019-12-03,Nickolson,"[('pearTV', 1), ('Toshika 750', 1), ('Alcon 10', 1)]",19580.0,88.29,-37.816032,144.97258119999995,10,17710.29,Summer,True,0.3904,i love you so much,1.0
ORD325478,ID5276517410,2019-11-22,Nickolson,"[('Alcon 10', 1), ('Universe Note', 2)]",15850.0,61.87,-37.8152643,144.9777675,15,13534.37,Spring,False,0.8121,the phone is no good i bought this phone on july 18th 2018 and it's now august 21st and it stop working .. this is suppose to be a new phone i didn't even get a month service form it ... i do not recommend anyone to buy it,0.0
ORD154930,ID0207085815,2019-09-18,Bakers,"[('pearTV', 1), ('iAssist Line', 2)]",10760.0,83.24,-37.8103519,145.01521019999996,0,10843.24,Spring,False,1.7574,five stars love the phone it was flawless,
ORD293974,ID0589402277,2019-02-13,Nickolson,"[('Candle Inferno', 2), ('Lucent 330S', 2)]",3320.0,93.97,-37.8116975,144.9704856,0,3413.97,Summer,True,0.7722,"make sure your aware that it can only be used with prepaid card i found out the hard way, that you can not activate the phone with carrier, only use with buying of prepaid cards only. on all prepaid phone from verizon.",1.0
ORD428777,ID5002595127,2019-07-09,Thompson,"[('Olivia x460', 2), ('Lucent 330S', 1), ('pearTV', 2)]",16300.0,63.83,-37.8120417,144.9531543,0,16363.83,Winter,False,0.5398,just perfect great my mom loved its very nice phone an great for the price,1.0
ORD423849,ID1095506178,2019-01-31,Bakers,"[('iStream', 1), ('iAssist Line', 1), ('Toshika 750', 2)]",11015.0,82.55,-37.8000254,144.98595600000004,0,11097.55,Summer,True,1.3775,"no 4g lte i bought the olivia universe a50 to use in the metro detroit area with metro pcs. the phone functions worked decently. except for the 4g lte. even though in the description and on the box it says it has it. it only operated on ""e"" and would not enable on the phone and the internet ran very slow or didn't connect at all.",0.0
ORD196015,ID0702375979,2019-04-12,Thompson,"[('Universe Note', 2), ('Candle Inferno', 2)]",7760.0,65.38,-37.8072282,144.9424879,25,5885.38,Autumn,True,0.7278,worse thing i' ve ever bought. it was in bad shape full of scratches itlookedas used as it was no hapoy with it at all.,0.0
ORD123676,ID2400290311,2019-06-21,Bakers,"[('iStream', 1), ('Toshika 750', 2), ('Olivia x460', 1), ('Universe Note', 1)]",13465.0,63.66,-37.8060509,144.9838667,5,12855.41,Winter,True,1.0918,"disappointed probably the worst universe s that has ever been made. if you're planning on buying this phone, just add an extra $100 and get yourself the s6.",
ORD448437,ID0317535755,2019-04-11,Nickolson,"[('Alcon 10', 2), ('Lucent 330S', 1), ('iStream', 2)]",19430.0,81.69,-37.8051377,144.96418630000005,0,19511.69,Autumn,True,1.5706,five stars dam good for the price,1.0
ORD433719,ID1445473969,2019-05-31,Bakers,"[('Thunder line', 2), ('Alcon 10', 2), ('Lucent 330S', 2), ('Olivia x460', 1)]",25945.0,55.04,-37.82138270000001,144.98910569999995,25,19513.79,Autumn,False,1.3773,one star it wasn't international unlocked.,0.0
ORD209979,ID4005718489,2019-01-27,Bakers,"[('Olivia x460', 2), ('iStream', 2)]",2750.0,81.63,-37.82036160000001,144.9895831,0,2831.63,Summer,True,1.2562,one star fake phone no original olivia,0.0
ORD253659,ID1463547020,2019-12-05,Bakers,"[('Toshika 750', 2), ('pearTV', 1), ('Alcon 10', 2), ('Universe Note', 2)]",39750.0,76.54,-37.818575,145.0052604,0,39826.54,Summer,False,1.2999,looks cool haven't gotten it yet getting it i. the afternoon yay it seems like. a good phone,1.0
ORD008627,ID1327054084,2019-07-26,,"[('Thunder line', 2), ('pearTV', 2), ('iAssist Line', 2)]",21430.0,61.48,-37.8135283,144.9651206,10,19348.48,Winter,True,,one star not impressed,0.0
ORD066850,ID6167489488,2019-12-01,Nickolson,"[('Universe Note', 1), ('iStream', 2), ('Toshika 750', 2)]",,76.12,-37.8178439,144.9621165,15,,Summer,True,0.6591,"defective and not truly unlocked the speaker to play music/videos out loud doesn’t work, it just makes a crackling noise. and the phone isn’t truly unlocked, you can only use it for at&t. very disappointed as this was a big purchase for me to make.",0.0
ORD444306,ID0373652885,2019-09-21,Thompson,"[('iAssist Line', 2), ('Toshika 750', 2)]",13090.0,,-37.8107157,144.9261449,5,12503.63,Spring,False,1.853,it was cracked when i got it was crack and the just stopped working i didn't have the money to send back,0.0
ORD258496,ID2170946978,2019-09-23,Bakers,"[('Universe Note', 1), ('iStream', 2), ('Candle Inferno', 1), ('Thunder line', 2)]",8540.0,106.24,-37.801799,144.9841714,0,8646.24,Spring,True,1.3338,great phone the phone was in very good shape. the only thing is the battery doesn’t last long. when i went to bed it was 100% and when i woke up it was 84%,1.0
ORD455973,ID0572849519,2019-12-03,Bakers,"[('iStream', 2), ('Universe Note', 1)]",3750.0,72.7,-37.7999938,144.97483,5,3635.2,Summer,False,2.1118,avoid phone did not arrive on time. picture messaging also does not work.,0.0
ORD104357,ID0091970965,2019-05-20,Thompson,"[('Toshika 750', 2), ('Alcon 10', 1), ('Thunder line', 1)]",19770.0,64.88,-37.816894,144.9491465,5,18846.38,Autumn,False,0.5041,four stars great phone.,
ORD477113,ID2325395494,2019-03-25,Thompson,"[('Candle Inferno', 2), ('Alcon 10', 1), ('iAssist Line', 2), ('Universe Note', 2)]",21160.0,67.26,-37.8086131,144.9590029,0,21227.26,Autumn,False,1.1427,love it love the phone no problems am giving them out as x-mas presents.,1.0
ORD282212,ID0128876884,2019-02-17,Bakers,"[('Thunder line', 1), ('Alcon 10', 2), ('Lucent 330S', 1), ('Universe Note', 2)]",28210.0,76.17,-37.8027541,144.99499519999995,25,21233.67,Summer,True,0.8064,no battery life. i bought the phone for my wife. she says that it will not keep a charge longer than two hours. she fully charges it in the morning and with two hours it is completely dead.,0.0
ORD241976,ID6167279401,2019-01-21,,"[('Candle Inferno', 2), ('pearTV', 1), ('iStream', 2), ('Toshika 750', 2)]",16110.0,77.02,-37.8101985,144.96151719999997,0,16187.02,Summer,False,1.1716,"i'm finding more and more uses for this all the time. it keeps me informed with news and weather, i can get a daily bible verse, and have it play music. new skills are added all the time. the future is here!",1.0
ORD469511,ID0387153102,2019-07-03,Thompson,"[('Lucent 330S', 2), ('Universe Note', 2), ('iAssist Line', 2), ('Olivia x460', 2)]",16260.0,,-37.8111533,144.9456368,5,15520.44,Winter,True,0.2109,no problems with this phone this phone is awesome!!,1.0
ORD094109,ID4996764094,2019-07-24,Thompson,"[('Toshika 750', 1), ('Thunder line', 2)]",8680.0,74.01,-37.8114594,144.95336469999995,10,7886.01,Winter,True,0.5699,"fun item to play with and get used to using.  sometimes has hard time answering the questions you ask, but i think it will be better.",1.0
ORD278491,ID6126053594,2019-07-03,Nickolson,"[('pearTV', 1), ('Candle Inferno', 2), ('iStream', 1)]",,63.05,-37.8201239,144.96463280000003,10,,Winter,False,0.4648,"great phone great phone can't beat the price, have cricket wireless and it works great! upgrade from the honor 6x",1.0
ORD378773,ID0395252748,2019-04-30,Bakers,"[('Lucent 330S', 2), ('iStream', 1), ('Toshika 750', 2), ('Universe Note', 2)]",18150.0,69.58,-37.7998537,144.9762149,15,15497.08,Autumn,False,2.018,great budget phone. hard to find good cases for it though. great phone if on a budget.,
ORD122023,ID4315827367,2019-03-28,Bakers,"[('pearTV', 1), ('iStream', 2)]",6610.0,64.73,-37.8126689,145.0002816,25,5022.23,Autumn,False,0.5345,five stars dual sim capability is great! it pushes 4g/3g as i hoped.,1.0
ORD462646,ID6167191741,2019-02-12,,"[('Universe Note', 2), ('Olivia x460', 2)]",9350.0,54.0,-37.8145878,144.9700684,15,8001.5,Summer,False,0.4484,vieja ratera no me quiso pagar mi dinero pagué no le colplen nada kanga no por que mitieron esta bloqueado si neli pueden desbloquear para no recordarlo el celular es delo peor está persona no me quiso pagar mi dinero 123 mala persona no le coplen nada,0.0
ORD068736,ID6167265866,2019-05-19,Nickolson,"[('pearTV', 1), ('Toshika 750', 2), ('iStream', 2), ('Olivia x460', 2)]",17700.0,62.55,-37.8164377,144.967108,15,15107.55,Autumn,False,0.3222,five stars great smartphone with good performance and very good camera !!,1.0
ORD192141,ID0370751499,2019-03-24,Bakers,"[('iStream', 1), ('Lucent 330S', 1), ('Alcon 10', 1)]",10330.0,65.38,-37.813012,144.9859131,10,9362.38,Autumn,False,0.8856,gift for husband.  great!,1.0
ORD035158,ID0581707051,2019-12-12,Thompson,"[('iStream', 1), ('pearTV', 1)]",6460.0,102.41,-37.8054867,144.9265966,0,6562.41,Summer,True,1.9702,good phone i love this phone and the camera but i wish it was scratch proof like the other toshika phones,1.0
ORD197044,ID2190483578,2019-12-09,Thompson,"[('Toshika 750', 2), ('Olivia x460', 2), ('Thunder line', 1)]",13270.0,63.99,-37.8070898,144.9599543,10,12006.99,Summer,False,1.2925,worst phone i bought this phone and it said it was new and it was a used phone with persons contact and name. each time you try to set up your email on it the phone reboot itself and delete everything!!! i would not recommend this phone and if i could give it a zero i would!!!,0.0
ORD455379,ID1224804764,2019-05-07,Thompson,"[('Universe Note', 2), ('Candle Inferno', 2), ('Thunder line', 2)]",12120.0,64.03,-37.81332379999999,144.9384266,25,9154.03,Autumn,False,0.7635,"good product everything looks very good and exactly as it mentioned in the product specification. the battery life might be a problem, i need to recharge my phone once a day. but i guess that's also normal to a old phone.",1.0
ORD065860,ID0702372648,2019-01-13,Thompson,"[('Candle Inferno', 2), ('Alcon 10', 1), ('Universe Note', 1), ('Toshika 750', 1)]",17580.0,92.55,-37.8063016,144.9415632,15,15035.55,Summer,True,0.8588,five stars excellent no regrets works fine in the bahamas where i live,1.0
ORD494061,ID0589664669,2019-06-02,Thompson,"[('Toshika 750', 2), ('Lucent 330S', 1), ('pearTV', 1)]",16180.0,,-37.8215607,144.9551428,0,16248.06,Winter,False,1.2177,great looking and has all the bells great looking and has all the bells... carbon fiber is the look. it does put all sign ins all over the thing even if not linked if you have security issues. but all newer phones do this. comprende aqui,1.0
ORD108802,ID2716423451,2019-09-18,Thompson,"[('Thunder line', 1), ('pearTV', 2), ('Candle Inferno', 1), ('iStream', 1)]",15380.0,95.21,-37.8147265,144.9457999,15,13168.21,Spring,True,0.2544,"great phone at a great price! this phone was purchased for my son. he is extremely pleased and loves the large size. the more i look at it, the more i wonder if i shouldn't get one as well. .",
ORD020364,ID3146808061,2019-03-27,Bakers,"[('Olivia x460', 1), ('Lucent 330S', 1)]",2455.0,80.01,-37.8116114,144.9839132,0,2535.01,Autumn,True,1.0115,love it great battery life love it,1.0
ORD240895,ID1458418018,2019-10-01,,"[('iStream', 2), ('iAssist Line', 1), ('Toshika 750', 1), ('Universe Note', 1)]",10295.0,111.78,-37.8198341,145.0108556,5,9892.03,Spring,True,1.757,got it specifically to work with the august smart lock and it connected to it with ease.  definitely ties the smart home together.,1.0
ORD249143,ID0282825839,2019-04-02,Thompson,"[('Thunder line', 2), ('Universe Note', 2)]",11260.0,81.75,-37.8032848,144.9512167,0,11341.75,Autumn,True,1.1069,five stars really good phone for 1 cent with a contract it cannot get any better than that,1.0
ORD005807,ID1283643429,2019-11-15,Nickolson,"[('Candle Inferno', 1), ('iStream', 2), ('Lucent 330S', 1)]",1960.0,110.8,-37.80029310000001,144.96556769999995,15,1776.8,Spring,True,2.0672,"upgrade happy i really love my phone. .i'm :-( it took me so long to upgrade, however i'm super happy with it.",1.0
ORD018946,ID0560997598,2019-08-21,Thompson,"[('Toshika 750', 1), ('Thunder line', 1), ('iStream', 1), ('Candle Inferno', 2)]",7510.0,66.26,-37.81156770000001,144.9360585,25,5698.76,Winter,False,0.9761,best excellent condition,1.0
ORD023152,ID2190560998,2019-06-17,Nickolson,"[('Olivia x460', 2), ('pearTV', 1)]",8760.0,59.57,-37.8142003,144.96317,25,6629.57,Winter,True,0.7444,not s real olivia universe 8+? it is a model made for uae - an arabic country. the battery life is shorter compare the same phone made for us.,0.0
ORD174649,ID0577518122,2019-12-18,Nickolson,"[('Lucent 330S', 1), ('Thunder line', 2)]",5590.0,93.83,-37.8244322,144.9757989,15,4845.33,Summer,True,0.8509,"best value! the best decision i’ve made buying a phone. phone is in perfect condition. battery condition is at 98%! best value for the price, much cheaper than buying a new phone directly from verizon brand new. will absolutely buy me next phone from verizon pre-owned.",1.0
ORD083214,ID2190566769,2019-03-18,Nickolson,"[('Candle Inferno', 1), ('Olivia x460', 1), ('Lucent 330S', 1), ('Alcon 10', 2)]",20785.0,77.15,-37.8172446,144.9645721,15,17744.4,Autumn,True,0.4629,olivia is the best always been my favorite phones of olivia so does my wife.,1.0
ORD116810,ID6167247321,2019-12-15,Nickolson,"[('iAssist Line', 1), ('Olivia x460', 2), ('Universe Note', 2), ('Candle Inferno', 1)]",12005.0,90.25,-37.8182414,144.96516469999997,0,12095.25,Summer,True,0.3877,"love everything about the phone love everything about the phone, except the fact that i have needed to get 3(!) device replacements for parts failing on the phone under warranty.",1.0
ORD383350,ID0575434448,2019-11-23,Nickolson,"[('Universe Note', 2), ('Candle Inferno', 2)]",7760.0,81.61,-37.819804100000006,144.98529069999995,15,6677.61,Spring,False,1.3906,amazing design but arrived slightly scuffed i love the design and so far battery life is good but my phone arrived lightly scuffed. also the boxed was only taped on one side but idk if it comes in like that. this is a phone u want to get a case for.,1.0
ORD250027,ID0580158995,2019-03-04,Thompson,"[('Lucent 330S', 2), ('iAssist Line', 2), ('Thunder line', 2)]",11270.0,80.9,-37.8000075,144.9371309,0,11350.9,Autumn,True,1.6589,"the best cell phone i've ever bought the best cell phone i've ever bought. easy use bright brilliant display, pictures come out beautiful. easy to communicate between all my devices. the alcon 6 has nothing on the olivia note 3 or 4",1.0
ORD258771,ID0664378473,2019-09-28,Nickolson,"[('Lucent 330S', 1), ('Thunder line', 2), ('Universe Note', 1)]",9040.0,97.01,-37.8200177,144.9670299,25,6877.01,Spring,True,0.2724,"love the phon and very fast shipping love the phon and very fast shipping! only downside, somethings wrong with the audio jack and it crackles when connected to a aux cord. other than that, very satisfied",1.0
ORD065398,ID1445498783,2019-08-13,,"[('iAssist Line', 1), ('Candle Inferno', 1), ('Toshika 750', 2)]",11295.0,79.86,-37.8169429,144.98343469999998,15,9680.61,Winter,True,,five stars great phone!!!,1.0
ORD139816,ID0589702590,2019-09-16,Thompson,"[('Toshika 750', 1), ('iStream', 2), ('iAssist Line', 1), ('Candle Inferno', 2)]",7705.0,79.43,-37.8209023,144.95494219999995,0,7784.43,Spring,False,1.1483,"all around great! this phone is an amazing purchase, if you're looking for a great all around mid range phone this phone is for you!",1.0
ORD476752,ID0591408082,2019-06-25,Nickolson,"[('Lucent 330S', 1), ('Toshika 750', 1)]",5550.0,62.15,-37.8216037,144.961309,10,5057.15,Winter,True,0.7984,buyer beware!!!! phone stopped working after month i have had this phone for 1 month and 8 days and it turned off and stopped working completely. being 8 days out of the return i am stuck with a $180 phone that only worked for a month. not happy.,0.0
ORD473050,ID2462381390,2019-06-22,Thompson,"[('Olivia x460', 2), ('Lucent 330S', 2)]",4910.0,72.13,-37.8000729,144.96203789999996,15,4245.63,Winter,False,1.9237,love the phone. lightning fast delivery. i am super happy about the phone. the photos are stunning. ui is very easy. the phone arrived much faster than indicated in the shipping information. happy with the product and the services.,1.0
ORD268080,ID6167440960,2019-09-13,Nickolson,"[('pearTV', 1), ('Toshika 750', 1)]",10630.0,72.53,-37.8159722,144.9636147,25,8045.03,Spring,False,0.5981,"late but ok it cane late, but it works fine",1.0
ORD362158,ID0387153043,2019-07-05,Thompson,"[('Toshika 750', 2), ('iStream', 1)]",8790.0,79.28,-37.8021222,144.94823390000005,10,7990.28,Winter,True,1.179,phone works well just not with my provider it just didn’t work with xfinity mobile so i do have to return this item unlocked does not mean fully unlocked apparently i still haven’t figured it out,1.0
ORD474224,ID1404235151,2019-11-25,Bakers,"[('Universe Note', 2), ('iStream', 1), ('Olivia x460', 2)]",9500.0,79.73,-37.8185808,144.9990696,25,7204.73,Spring,False,1.0135,"s10 for the win! an overall great smartphone. packed with features, great battery life and amazing photos!",1.0
ORD131004,ID6202471440,2019-10-29,,"[('Thunder line', 1), ('iAssist Line', 2)]",6630.0,103.67,-37.8229455,144.9811356,0,6733.67,Spring,True,,i love it. the best i have ever owned,1.0
ORD047162,ID4283908118,2019-11-01,Nickolson,"[('Olivia x460', 1), ('iAssist Line', 2)]",5675.0,105.94,-37.8081851,144.9756244,10,5213.44,Spring,True,1.276,"i love having this on my desk. the fact that i can video with friends, listen to music with the words right there, and see my digico cloud cam feeds from one location is pretty spectacular. i got this one sale too, which was stellar. it has me thinking i need another one for the front room.",1.0
ORD324862,ID6167279404,2019-03-03,,"[('Thunder line', 2), ('Olivia x460', 1)]",5585.0,67.34,-37.8100218,144.96213659999995,10,5093.84,Autumn,False,1.1558,"nice phone this is a nice phone, easy to use, no major issues at this time. i like that i was able to add my old sim card to the one in the phone. nice screen size, good picture quality, good audio without headphones. only problem i've had is getting it to pair with my car's bluetooth.",1.0
ORD366454,ID6167417900,2019-07-04,Thompson,"[('Thunder line', 2), ('Olivia x460', 1)]",5585.0,76.79,-37.8172191,144.9532949,15,4824.04,Winter,True,0.7455,you can call people i bought this for my youngest child to use. he has damaged it already but that was to be expected. it only has 8 gb but he only uses it to make calls and to sometimes text. if you are needing a phone for more than that i would recommend a newer better quality phone.,1.0
ORD454455,ID4637139143,2019-11-10,Thompson,"[('Toshika 750', 1), ('Thunder line', 1), ('Universe Note', 1), ('Candle Inferno', 1)]",10380.0,73.69,-37.8086333,144.9475917,0,10453.69,Spring,False,0.4521,great phone if you don't need the latest and greatest. i wanted a phone that could be rooted / jail broken. handle punishment. this fit the bill.,1.0
ORD111206,ID0703556744,2019-12-22,Thompson,"[('Thunder line', 2), ('pearTV', 1), ('iStream', 2)]",10970.0,62.23,-37.8065073,144.9579553,15,9386.73,Summer,False,1.178,i wanted to like it worst phone i’ve ever owned. fingerprint reader is difficult to use. freezes up too much & you have to restart. apps work better on alcons than this phone. the only good thing is the long battery life but not worth $900. i’m switching back to mt alcon8,0.0
ORD004042,ID2975262285,2019-12-04,Bakers,"[('iStream', 2), ('iAssist Line', 2), ('Toshika 750', 2)]",13390.0,66.32,-37.8237139,144.9971719,25,10108.82,Summer,False,1.5365,one star crap,0.0
ORD100501,ID0575554313,2019-08-11,Nickolson,"[('Olivia x460', 2), ('iStream', 1)]",2600.0,68.02,-37.8260379,144.9837062,5,2538.02,Winter,False,1.4952,"great value this is a good small no frills basic phone for making and getting calls, just what a phone is suppose to do",1.0
ORD332786,ID3555802866,2019-04-29,Thompson,"[('Alcon 10', 2), ('Lucent 330S', 2)]",20360.0,68.41,-37.805931,144.93810469999997,10,18392.41,Autumn,False,1.0885,"amazing all around everything is great, super snappy, gets faster as you use it. works perfectly fine with verizon, definitely staying with oneplus from this point.",1.0
ORD265537,ID4297530196,2019-02-16,Bakers,"[('iAssist Line', 2), ('pearTV', 1), ('iStream', 2), ('Lucent 330S', 2)]",13520.0,84.58,-37.801224,144.98386509999997,25,10224.58,Summer,True,1.3975,broke in 5 months. no refund got this phone in april. it broke in september. the seller offered no help or refund. money don't the drain.,0.0
ORD444185,ID5406376907,2019-06-25,Thompson,"[('Candle Inferno', 2), ('Toshika 750', 2), ('Lucent 330S', 1)]",10730.0,84.4,-37.799540500000006,144.96349540000003,5,10277.9,Winter,True,2.0553,"amazing the best smart phone that i ever had. interface is excellent, touch screen works well and there are plenty of apps from google play store.",1.0
ORD012122,ID0591408006,2019-05-04,Nickolson,"[('iStream', 2), ('Lucent 330S', 2), ('Universe Note', 1), ('Alcon 10', 1)]",15160.0,65.96,-37.8215159,144.9611783,5,14467.96,Autumn,False,0.8048,five stars awesome! boyfriend loves it.,1.0
ORD157690,ID0591229839,2019-07-17,Thompson,"[('iStream', 2), ('Alcon 10', 2), ('iAssist Line', 2)]",22650.0,80.59,-37.82551760000001,144.95160790000003,25,17068.09,Winter,True,1.4845,good buy good phone,
ORD376905,ID6167191163,2019-06-16,Nickolson,"[('Alcon 10', 2), ('Lucent 330S', 2), ('pearTV', 2)]",32980.0,62.9,-37.8156668,144.96555590000003,0,33042.9,Winter,False,0.4792,awesome phone pretty awesome phone for the price,1.0
ORD206766,ID3210156254,2019-10-13,Thompson,"[('Candle Inferno', 2), ('Universe Note', 2), ('Thunder line', 1)]",9940.0,,-37.80806079999999,144.9490295,25,7555.73,Spring,True,0.5416,good phone but the touch unresponsive was a good experience for a moment but the smartphone in a moment but was waste of money the screen is unresponsive.,1.0
ORD193971,ID4633550176,2019-07-21,,"[('iStream', 1), ('Candle Inferno', 2)]",1010.0,49.65,-37.80647020000001,144.9468763,0,1059.65,Winter,False,,this device is ok for reading or listening to audiobooks via overdrive app. wouldn't recommend it though really. waited to buy candle for years. would suggest doing research before buying this device.,0.0
ORD094010,ID4518401169,2019-03-02,,"[('pearTV', 2), ('Candle Inferno', 1), ('Alcon 10', 2)]",30950.0,64.4,-37.8072367,144.9495695,15,26371.9,Autumn,False,0.6439,really quality product very easy to use,1.0
ORD158519,ID0597547724,2019-08-28,Nickolson,"[('Universe Note', 2), ('Lucent 330S', 2)]",9360.0,,-37.8154375,144.96439919999997,0,9424.29,Winter,False,0.5734,flip top phone i think it’s one of the best flip top phones ever made so far i love it,1.0
ORD285880,ID1449266839,2019-08-03,Bakers,"[('pearTV', 1), ('Lucent 330S', 2), ('Thunder line', 1)]",10950.0,67.66,-37.8163994,144.9839803,10,9922.66,Winter,False,1.2195,fantastic phone! comparable to a flagship! i am very glad i got this phone for the price and me not being a person that needs all the bells whistles and steven spielberg cameras i am very satisfied! i got a deal with a free sd card too!,1.0
ORD096175,ID0332544812,2019-08-10,Thompson,"[('Olivia x460', 2), ('Universe Note', 1)]",5900.0,67.59,-37.799918,144.94393730000004,5,5672.59,Winter,False,1.4463,"i'm amazed at how many movies, tv shows and more is available. i am planning to drop cable service soon and am very happy to know i'll have lots of viewing pleasure with the inferno stick and not pay the outrageous cable bills.",1.0
ORD228933,ID0331143078,2019-05-14,Nickolson,"[('Alcon 10', 2), ('pearTV', 1), ('iStream', 2)]",24510.0,69.01,-37.7996445,144.9700446,15,20902.51,Autumn,False,2.11,"good phone, good conditioned, came as advertised excellent phone, shipped promptly and received with no problems. came in brand new box from xp, phone is exactly as advertised. the phone itself is excellent and a seriously good deal with it's feature-set, androidone, and price.",1.0
ORD293702,ID0702374365,2019-11-16,Thompson,"[('Alcon 10', 2), ('Universe Note', 1), ('pearTV', 2), ('Thunder line', 1)]",36150.0,,-37.807637,144.9426125,5,34416.98,Spring,False,0.684,phone was in great shape great shape,1.0
ORD105820,ID0248746922,2019-01-22,,"[('Thunder line', 2), ('iAssist Line', 1), ('Toshika 750', 2)]",15225.0,99.39,-37.8222475,144.9962533,0,15324.39,Summer,True,1.3667,"it came cheap works great, freezes at times it has it's pros and cons likes mines being used and all .. it came cheap works great , freezes at times , the camera's okay , but i personally find it better to buy a $22 than a $400 phone anyday .",1.0
ORD250066,ID0332797046,2019-12-21,Bakers,"[('iAssist Line', 2), ('Thunder line', 1), ('Alcon 10', 2), ('Candle Inferno', 1)]",24960.0,69.41,-37.8095744,145.00032040000005,15,21285.41,Summer,False,0.45,five stars everything i had hoped for,1.0
ORD491844,ID0030385488,2019-11-30,Bakers,"[('pearTV', 1), ('Toshika 750', 2)]",14950.0,103.38,-37.8171412,144.9961801,25,11315.88,Spring,True,0.7997,five stars nice phone.,1.0
ORD011828,ID4283908166,2019-07-26,Bakers,"[('iStream', 2), ('Thunder line', 1), ('iAssist Line', 1)]",4705.0,,-37.8105932,145.0007346,0,4780.22,Winter,True,0.4885,five stars this is a great phone.,1.0
ORD299711,ID2400284474,2019-07-17,Nickolson,"[('iStream', 2), ('Toshika 750', 1)]",4620.0,59.61,-37.8199004,144.9650407,5,4448.61,Winter,True,0.4224,phone has a few scratches the phone has scratches on the front and back,0.0
ORD495302,ID0591233420,2019-04-26,Thompson,"[('pearTV', 1), ('Candle Inferno', 2)]",7170.0,52.05,-37.82449879999999,144.9526951,5,6863.55,Autumn,False,1.4063,"watch out what you are talking through! bug in side of it watch out what you are talking through! i'm not kidding, a friend of mine from china said that, everything you do to the phone will might be recorded in the communist government.",0.0
ORD256180,ID3215192017,2019-07-03,Thompson,"[('Alcon 10', 1), ('Toshika 750', 2), ('Candle Inferno', 1)]",18020.0,74.36,-37.80897120000001,144.94920459999997,0,18094.36,Winter,True,0.4529,phone note 5 this is one of olivia best phone of its time. the only bad thing about this phone is the battery life.,1.0
ORD464832,ID4909776716,2019-11-11,Bakers,"[('pearTV', 2), ('Candle Inferno', 2)]",13480.0,66.98,-37.8215769,145.0022939,10,12198.98,Spring,False,1.4309,"had to return it as hulu does not work on device.  it kept coming up with errors, and hulu app not being able to open at times.  it was hit and miss, and at times, hulu will stop working right in the middle of a show or movie.  plus inferno stick is very slow in opening the apps.",0.0
ORD420535,ID0393114984,2019-11-04,Bakers,"[('iAssist Line', 1), ('Alcon 10', 2)]",20125.0,74.85,-37.8113222,145.0005072,25,15168.6,Spring,False,0.4868,"better option than going to the store good phone , a little light but works fine. only bad thing is that doesn't have nfc , the rest works fine.",1.0
ORD025715,ID0702451456,2019-07-02,Thompson,"[('Lucent 330S', 1), ('Candle Inferno', 2)]",2090.0,63.12,-37.80473660000001,144.9460673,5,2048.62,Winter,True,0.8879,one star what a turd. constantly restarts through out the day.,0.0
ORD202312,ID0628171546,2019-01-15,Thompson,"[('pearTV', 1), ('iStream', 2), ('Olivia x460', 2)]",9060.0,54.38,-37.8144213,144.9501635,5,8661.38,Summer,False,0.3346,huge waste of my money phone did not come with the sim card needed and the charger they sent me did not even match the phone! phone shuts off for no reason. huge waste of my money,0.0
ORD398458,ID0343337615,2019-06-08,Nickolson,"[('iStream', 2), ('pearTV', 2)]",12920.0,74.64,-37.8003684,144.967071,15,11056.64,Winter,False,2.0406,great quality. great phone . didnt realized it didnt have microsd expansión. my bad. but the 8 gb make it. i guess 3d generation will have microsd,
ORD295311,ID3218227002,2019-01-27,Thompson,"[('iAssist Line', 2), ('Alcon 10', 2), ('Toshika 750', 1)]",26670.0,77.48,-37.8066411,144.9460875,25,20079.98,Summer,True,0.677,should say at&t and sprint what phone should be advertised is at&t and sprint cuz when you google it it shows up you ask verizon,0.0
ORD162942,ID0575384688,2019-05-18,Nickolson,"[('Olivia x460', 2), ('Thunder line', 1)]",4630.0,79.95,-37.8194259,144.98193659999995,5,4478.45,Autumn,True,1.093,four stars great,1.0
ORD398850,ID6167344504,2019-04-21,Nickolson,"[('Universe Note', 1), ('Lucent 330S', 2), ('Candle Inferno', 1)]",6340.0,54.23,-37.8071015,144.9659105,10,5760.23,Autumn,False,1.3189,dont buy from this seller the phone came and it was locked plus it blacked out and stopped working after two days wasted money,0.0
ORD057919,ID3431070188,2019-02-19,Bakers,"[('iStream', 1), ('Alcon 10', 1), ('iAssist Line', 1), ('Thunder line', 2)]",15685.0,95.3,-37.8169324,145.0029929,15,13427.55,Summer,True,1.0305,best of breed best phone available at this price.,1.0
ORD265749,ID0052450483,2019-09-29,,"[('Lucent 330S', 1), ('Universe Note', 1), ('pearTV', 1), ('iStream', 2)]",11290.0,89.27,-37.7914845,144.9367602,5,10814.77,Spring,False,,durable phone with great camera. great durable phone with a surprisingly sharp camera.,1.0
ORD380334,ID2399230961,2019-01-02,Bakers,"[('pearTV', 1), ('Thunder line', 2), ('Candle Inferno', 2)]",11530.0,62.75,-37.8061962,144.9835092,5,11016.25,Summer,False,1.1144,not as advertised. carrier locked not fully unlocked sells phones locked to att/t-mobile yet says fully unlocked in discription.,
ORD131750,ID0122749619,2019-10-21,Thompson,"[('Toshika 750', 1), ('iStream', 2)]",4620.0,98.3,-37.813362700000006,144.9416517,5,4487.3,Spring,True,0.4825,todo ok todo ok,1.0
ORD442172,ID0541399559,2019-02-23,,"[('iStream', 2), ('Lucent 330S', 2)]",2760.0,71.27,-37.7939847,144.9469908,25,2141.27,Summer,False,,replace this defective phone and i'll rereview. after my return window ended my phone mysteriously had the screen discolor with lines across the screen. this is such a disappointment.,0.0
ORD356902,ID4418536067,2019-06-14,Thompson,"[('Olivia x460', 1), ('Universe Note', 2), ('Thunder line', 2)]",12485.0,67.57,-37.8023828,144.9633268,15,10679.82,Winter,True,1.8321,meid: imei: 356485060817726 id sim: 8921601001159956879f ims ... meid : imei : 356485060817726 id sim : 8921601001159956879f ims : not subscribed,0.0
ORD303564,ID2776664740,2019-04-09,Nickolson,"[('iAssist Line', 2), ('Universe Note', 2), ('Alcon 10', 2)]",29250.0,67.71,-37.8242985,144.95530730000004,0,29317.71,Autumn,False,1.4042,great worked great but now we can't use it due to verizon & cell co. regulations,1.0
ORD169779,ID0767658571,2019-09-29,Nickolson,"[('Olivia x460', 2), ('Lucent 330S', 1)]",3680.0,80.51,-37.8076246,144.9732695,0,3760.51,Spring,False,1.2642,great phone great phone,1.0
ORD279027,ID6167236651,2019-06-22,Nickolson,"[('iStream', 1), ('Candle Inferno', 2), ('pearTV', 2)]",13630.0,65.13,-37.8121901,144.9621422,15,11650.63,Winter,False,0.9658,great buy love this phone. great battery,1.0
ORD436328,ID1463620428,2019-09-17,Bakers,"[('iAssist Line', 1), ('Alcon 10', 2), ('Thunder line', 1)]",22305.0,89.87,-37.81674829999999,145.0074769,5,21279.62,Spring,True,1.3132,"so it is now useless and was a waste of my money and i'd ... it didn't fit my phone screen, so it is now useless and was a waste of my money and i'd like a refund.",0.0
ORD071771,ID0026680093,2019-04-05,Thompson,"[('Thunder line', 1), ('Universe Note', 1)]",5630.0,75.15,-37.8121781,144.94445380000005,0,5705.15,Autumn,True,0.2365,"not a great buy.. not terrible right out of the box and the touch screen is slow and prone to freezing. it's a cheaper phone, but you want to get more use out of it thsn a few months. the size is nice, camera is just ok, memory just ok, speed is slowish but not terrible. all aroung okay phone.",1.0
ORD069633,ID2090732594,2019-06-28,Bakers,"[('Lucent 330S', 1), ('iAssist Line', 2), ('Thunder line', 1)]",7860.0,,-37.8058785,144.98187439999995,25,5975.76,Winter,True,1.261,great phone. would recommend. phone looks great. works great. relieve to have a non-cracked screen. my only issue is that the battery drains quicker. other than that it’s totally worth the buy.,1.0
ORD132069,ID0202495424,2019-03-29,Thompson,"[('Olivia x460', 1), ('Toshika 750', 1)]",5545.0,84.87,-37.80184000000001,144.9287179,10,5075.37,Autumn,True,2.0147,its an okay phone thought it would be better in quality though.,
ORD426668,ID3967630111,2019-04-22,Thompson,"[('Universe Note', 2), ('Toshika 750', 1), ('Thunder line', 2)]",15580.0,51.12,-37.8190448,144.95183369999995,25,11736.12,Autumn,False,0.8238,i purchased this to download books for school. screen too small and os was not to my liking,
ORD351766,ID5563404260,2019-08-04,,"[('Thunder line', 1), ('Toshika 750', 1), ('Lucent 330S', 1)]",7730.0,69.5,-37.81806829999999,145.0106825,10,7026.5,Winter,False,,five stars i got than i expect it's very good everything i order from digico is nice,1.0
ORD312025,ID2358053629,2019-12-28,Bakers,"[('Olivia x460', 1), ('pearTV', 1)]",7535.0,78.01,-37.8143499,144.98707919999995,5,7236.26,Summer,True,0.8654,"it is tough to use these tablets if you are use to pear products. internal memory is minimal and is taken up by all of the digico programs it is running. everytime my kids play a game, the wireless connection shuts down due to running out of memory. i would not recommend these tablets for anything more that an e-book reader.",0.0
ORD484367,ID1463620841,2019-09-07,Bakers,"[('Toshika 750', 2), ('pearTV', 1), ('Candle Inferno', 1)]",15380.0,105.84,-37.8167697,145.0071835,5,14716.84,Spring,True,1.2935,nice,1.0
ORD388198,ID6167417924,2019-08-22,Thompson,"[('Alcon 10', 2), ('Olivia x460', 2), ('iStream', 2), ('Lucent 330S', 2)]",23110.0,76.39,-37.8158559,144.9571644,15,19719.89,Winter,True,0.9559,i purchased this tablet for my 9 year old son and he loves it. nice bright screen and has two speakers for pretty good sound for a tablet. great for games and watching videos.,1.0
ORD260120,ID0245531231,2019-09-17,,"[('Thunder line', 1), ('Universe Note', 2), ('Candle Inferno', 2)]",9940.0,76.16,-37.8124004,144.965599,25,7531.16,Spring,False,,"soso good for 1 year, after that my phone its over.... i felt how fast i lost my money",1.0
ORD272518,ID0294624930,2019-06-11,,"[('Toshika 750', 2), ('Olivia x460', 2)]",11090.0,63.17,-37.8190847,144.963387,5,10598.67,Winter,False,0.5448,five stars bought for wife she loves it,1.0
ORD053533,ID0128876884,2019-01-05,Bakers,"[('iAssist Line', 2), ('Thunder line', 1), ('Toshika 750', 1)]",10950.0,92.93,-37.8027541,144.99499519999995,5,10495.43,Summer,True,0.8064,five stars perfecto,1.0
ORD327795,ID1449289339,2019-10-13,Bakers,"[('iStream', 2), ('Lucent 330S', 2), ('Thunder line', 1), ('Alcon 10', 1)]",13890.0,101.45,-37.8153045,144.98582199999996,15,11907.95,Spring,True,1.0169,as advertised basically indistinguishable from a new phone. had a minor hiccup with voicemail activation on verizon that was resolved by calling them. doesn't come with headphones or a dongle; comes with a non-oem charger and cable.,1.0
ORD220006,ID5668009827,2019-07-26,Bakers,"[('iStream', 2), ('iAssist Line', 2), ('pearTV', 2)]",17370.0,69.05,-37.810702,145.01174319999996,15,14833.55,Winter,False,1.4542,five stars good quality,1.0
ORD348636,ID1466671804,2019-07-21,Thompson,"[('iStream', 2), ('Lucent 330S', 1), ('Toshika 750', 2)]",10170.0,73.29,-37.8262599,144.9288674,5,9734.79,Winter,False,2.2021,"it's a sturdy, simple phone this is the phone my husband who is legally blind is use to, so we have bought it over and over if and when he breaks his. it's a sturdy, simple phone. wish it had an easier way to charge it. overall my husband is happy, so we all are happy.",1.0
ORD235771,ID4369807452,2019-09-19,Nickolson,"[('Universe Note', 1), ('iStream', 1), ('Lucent 330S', 2), ('Thunder line', 2)]",10420.0,99.18,-37.8137121,144.97210859999996,15,8956.18,Spring,True,0.5882,y2k you have a good battery life the camera is great as well and use it for work,1.0
ORD000403,ID5424203842,2019-10-25,Nickolson,"[('iAssist Line', 1), ('Universe Note', 2)]",9125.0,102.96,-37.8228795,144.9806268,5,8771.71,Spring,True,1.0844,"love it, easy to operate. very reasonable price - on sale.",1.0
ORD466907,ID1668523258,2019-10-22,Nickolson,"[('pearTV', 1), ('Toshika 750', 1), ('iStream', 1), ('Universe Note', 1)]",14230.0,75.96,-37.8207581,144.96189740000003,0,14305.96,Spring,False,0.7148,not bad so far so good! the phone looked brand spanking new. long battery life and everything seems to be functional,1.0
ORD224492,ID5232347245,2019-07-29,,"[('Universe Note', 1), ('Olivia x460', 2)]",5900.0,73.37,-37.8117322,144.9483402,5,5678.37,Winter,True,0.1532,good phone for the money i wish the battery lasted a little longer but the pic quality is great and the phone itsself is pretty good,1.0
ORD482727,ID0207093572,2019-01-29,Bakers,"[('Toshika 750', 2), ('iAssist Line', 2)]",13090.0,77.09,-37.8041467,145.0078254,5,12512.59,Summer,False,1.2848,its very nice,1.0
ORD285655,ID0227770421,2019-09-14,Bakers,"[('pearTV', 2), ('Olivia x460', 2), ('Lucent 330S', 1)]",16300.0,105.96,-37.7990396,144.9850633,10,14775.96,Spring,True,1.5124,"i love this phone good and nice phone, i love it!",1.0
ORD422142,ID4260590669,2019-01-27,Thompson,"[('Thunder line', 1), ('iStream', 1), ('Candle Inferno', 1), ('Alcon 10', 1)]",11710.0,,-37.7991009,144.95392980000003,5,11206.47,Summer,False,1.6269,awesome love everything about it.,1.0
ORD042238,ID0128891277,2019-05-12,Bakers,"[('iStream', 2), ('Alcon 10', 1), ('pearTV', 1), ('Universe Note', 2)]",22460.0,53.84,-37.8014528,145.00688259999995,5,21390.84,Autumn,False,1.398,two stars batt. life not good,0.0
ORD302875,ID0202774099,2019-11-18,Thompson,"[('iAssist Line', 2), ('Candle Inferno', 2), ('Lucent 330S', 2)]",7770.0,,-37.8080228,144.93377990000005,10,7073.41,Spring,False,1.2782,"five stars excellent love , love, love",1.0
ORD425314,ID3067843937,2019-03-28,,"[('Universe Note', 1), ('Toshika 750', 1), ('Thunder line', 1), ('iStream', 1)]",10100.0,66.52,-37.8006565,145.00315930000005,25,7641.52,Autumn,True,,fingerprint reader is garbage phones ok. fingerprint reader is the worst and most unresponsive thing i've ever seen. texts keep not sending also. i ended up selling the phone and getting the g7. olivia should have never put the fingerprint in the screen.,0.0
ORD348957,ID4157116150,2019-05-21,Bakers,"[('Candle Inferno', 1), ('iStream', 1)]",580.0,65.52,-37.817663,144.9911581,15,558.52,Autumn,False,0.9256,great purchase. the phone works very well. great purchase.,1.0
ORD320442,ID0250933571,2019-11-01,Bakers,"[('Thunder line', 1), ('iStream', 1)]",2330.0,83.07,-37.8227967,145.00501630000005,0,2413.07,Spring,False,1.6645,xperia phone bought this phone because of its picture quality and it has never disappointed me. the pictures and video are crisp clear so also is the audio. it's a good buy for the price,1.0
ORD161689,ID1668522925,2019-11-22,Thompson,"[('Olivia x460', 1), ('Thunder line', 2), ('iStream', 1), ('Universe Note', 2)]",12635.0,76.74,-37.8061379,144.9399532,25,9552.99,Spring,False,0.9596,"good phone good phone, right price",1.0
ORD241667,ID1833875775,2019-02-07,Thompson,"[('Universe Note', 1), ('Toshika 750', 1), ('Thunder line', 1), ('Lucent 330S', 1)]",11180.0,78.38,-37.8052677,144.9370948,25,8463.38,Summer,False,1.2038,love the product but dislike that i can’t sync up my pear music for iassist to play,1.0
ORD364171,ID2705184149,2019-03-12,Nickolson,"[('Lucent 330S', 2), ('Toshika 750', 1), ('Olivia x460', 2)]",9230.0,76.54,-37.81993660000001,144.9687322,10,8383.54,Autumn,True,0.1658,best phone for the price. really awsome phone works great has android oreo.. selfie game is 🔥🔥🔥🔥🔥🔥😊 storage10 selfie flash10 usb c 10 .. price makes this one of the better phones because quality is 🔥 honestly its better than a alcon and a olivia for this price.,1.0
ORD492565,ID4655086240,2019-01-17,Thompson,"[('Lucent 330S', 1), ('iStream', 2), ('Alcon 10', 2), ('Olivia x460', 2)]",21880.0,87.16,-37.8109126,144.9457174,5,20873.16,Summer,True,0.2292,five stars love this phone,1.0
ORD320078,ID0247007096,2019-01-28,Nickolson,"[('Toshika 750', 2), ('Alcon 10', 2)]",26540.0,75.94,-37.8096131,144.9675642,10,23961.94,Summer,False,1.015,risk payed off i know that some people were very unfortunate to receive defective or destroyed phones but i got a perfect one that i'm very happy with...risk it and hope for the best.,1.0
ORD065857,ID0581737052,2019-10-18,Thompson,"[('iStream', 1), ('Thunder line', 2), ('Universe Note', 1)]",7960.0,81.13,-37.805175,144.93283390000005,15,6847.13,Spring,False,1.5047,"awesome phone from reliable seller the phone is amazing! the screen is simply the best on the market right now. i read different comments about unreliable sellers selling fake or refurbished phones. i was lucky i bought mine from seller, thecoos. got the phone new as described without problem.",1.0
ORD344673,ID4716795830,2019-11-18,Thompson,"[('Universe Note', 1), ('Alcon 10', 2)]",21350.0,102.69,-37.8190262,144.9529897,10,19317.69,Spring,True,0.8782,great!! i am quite amazed wih all the capabilities and ease of use.,1.0
ORD319897,ID1621189042,2019-11-16,Thompson,"[('Candle Inferno', 1), ('iAssist Line', 1)]",2655.0,,-37.8151511,144.94485559999995,10,2447.94,Spring,False,0.3376,what a scam phone didn't last six months. i paid over 360 dollars for phone. doesn't even work anymore. stop working after 3rd month,0.0
ORD078893,ID0577456447,2019-01-01,Bakers,"[('Toshika 750', 2), ('Thunder line', 2), ('Lucent 330S', 1)]",14230.0,99.17,-37.8231775,144.9884654,0,14329.17,Summer,True,1.5834,"recommend great phone, clear pictures. like all, battery never lasts long enough",1.0
ORD324196,ID0361227457,2019-05-20,Bakers,"[('Thunder line', 1), ('pearTV', 1), ('iStream', 1)]",8640.0,81.56,-37.8011823,144.9768985,25,6561.56,Autumn,True,1.8875,just like new performs well like new,1.0
ORD348965,ID0709968575,2019-02-13,,"[('Lucent 330S', 1), ('pearTV', 1)]",7540.0,73.73,-37.8131389,144.9359178,0,7613.73,Summer,False,,four stars great phone!!!,1.0
ORD466291,ID0036822150,2019-10-31,,"[('Alcon 10', 2), ('Candle Inferno', 1)]",18330.0,79.0,-37.8214948,144.95793909999998,10,16576.0,Spring,False,,"just like new received phone on time, with the charger and all adapters. wouldn't know it was a refurnished product that saved me hundreds of $. everything works perfectly!",1.0
ORD255647,ID4637139145,2019-05-22,Thompson,"[('Toshika 750', 2), ('iStream', 2), ('Universe Note', 2)]",15840.0,77.44,-37.8085721,144.94768190000005,5,15125.44,Autumn,True,0.4597,four stars well worth the money,1.0
ORD403960,ID6167489470,2019-12-20,Nickolson,"[('Olivia x460', 2), ('iStream', 1), ('Lucent 330S', 1)]",,78.77,-37.8158834,144.9612715,15,,Summer,True,0.7882,"dont get wet dont get wet suppose to be water proof but,got wet and would not turn back on",0.0
ORD134035,ID0589472357,2019-09-23,Nickolson,"[('Lucent 330S', 1), ('Toshika 750', 1), ('iStream', 1)]",5700.0,77.75,-37.809304,144.9728542,5,5492.75,Spring,False,1.0743,just like new so far so good. i worked in telecommunications for over 10 years and this product delivered like a brand new out of the box device. all original olivia packaging.,
ORD121089,ID0506160213,2019-01-04,Thompson,"[('Alcon 10', 2), ('pearTV', 1), ('iAssist Line', 1), ('Universe Note', 2)]",33335.0,58.44,-37.8196552,144.9525596,25,25059.69,Summer,False,0.915,not happy. the olivia universe rugby that was sent to me was used and with no paper work to inform how to use it. the phone was rattling around in the box. it was advertised a new phone. that's what i paid for and expected to receive. not happy.,0.0
ORD498317,ID0248746942,2019-11-07,Bakers,"[('Candle Inferno', 1), ('Thunder line', 1), ('Toshika 750', 2), ('iStream', 1)]",11400.0,105.99,-37.82279370000001,144.98919650000005,10,10365.99,Spring,True,1.5202,five stars great phone. description was very accurate. would buy again from seller,1.0
ORD016570,ID2469584355,2019-08-30,Bakers,"[('Olivia x460', 1), ('iAssist Line', 2), ('Lucent 330S', 1)]",6905.0,66.84,-37.7999208,144.98887130000003,0,6971.84,Winter,False,1.2533,great love it. works perfectly.,
ORD329743,ID0355819035,2019-08-01,Bakers,"[('Thunder line', 1), ('iStream', 1), ('Alcon 10', 1), ('Toshika 750', 2)]",19920.0,62.58,-37.8087653,144.9961892,10,17990.58,Winter,False,0.1608,love my pixel 3!! a great phone! replaced my alcon!,1.0
ORD338128,ID3213448174,2019-04-15,Nickolson,"[('pearTV', 1), ('Thunder line', 2), ('Alcon 10', 2)]",28570.0,68.51,-37.8090664,144.9614455,10,25781.51,Autumn,True,1.278,stolen phone sold us a stolen phone so we couldn't activate it. we ended up returning it and just purchasing a new one through our phone plan.,0.0
ORD348906,ID0036825302,2019-03-30,Thompson,"[('Alcon 10', 1), ('iAssist Line', 1), ('Toshika 750', 1)]",15495.0,68.13,-37.8253564,144.9462415,5,14788.38,Autumn,False,1.4137,so-so i love windows and xp but the screen is not as sensitive to touch as it should be,1.0
ORD198343,ID0746912868,2019-12-26,Nickolson,"[('Olivia x460', 2), ('Alcon 10', 1)]",11400.0,99.8,-37.8255378,144.9847156,10,10359.8,Summer,True,1.5412,is a nice cellphone in general i think that this cell phone is completely awesome the only think that i don't love at all is that the windows system needs to have more opportunity to be costume,
ORD119693,ID0591432437,2019-09-19,Nickolson,"[('iAssist Line', 1), ('Toshika 750', 2)]",10865.0,72.77,-37.8190672,144.9655408,10,9851.27,Spring,False,0.3565,great value this phone met all of my expectations!,1.0
ORD024740,ID0060088899,2019-10-07,Nickolson,"[('iStream', 1), ('Lucent 330S', 1)]",1380.0,103.72,-37.8214578,144.98387580000005,0,1483.72,Spring,True,1.2993,five stars extremely satisfied. best phone u ever had shipped without a problem and received promptly,1.0
ORD211176,ID2672355457,2019-10-01,,"[('Alcon 10', 1), ('iAssist Line', 2)]",13400.0,79.47,-37.7992575,144.9895341,5,12809.47,Spring,False,,"very nice phone works well well the phone works fine, don't know if it was brand new sealed but might have been a demo or something but no big deal. waited for a long time before review to make sure had no issues with the phone. thanks",1.0
ORD473789,ID0560984594,2019-12-22,Thompson,"[('Alcon 10', 1), ('Candle Inferno', 2), ('Lucent 330S', 2), ('Toshika 750', 1)]",16590.0,,-37.817873,144.9486698,0,16680.98,Summer,True,0.5957,"great for what it is genuine olivia item. i reached out to olivia directly to verify. this model of phone isn’t the glitziest, but covers everything i need. was replacing an older version of the exact same phone.",1.0
ORD128570,ID2358071077,2019-05-14,Bakers,"[('Thunder line', 1), ('Universe Note', 2), ('iStream', 2)]",9380.0,66.37,-37.8084225,144.979799,10,8508.37,Autumn,False,1.3685,"great price the phone arrived packed really well. it looks like new, no scratches. it works fine, is fast and takes nice pictures.",1.0
ORD086150,ID1458422327,2019-05-12,Bakers,"[('Olivia x460', 1), ('Candle Inferno', 2)]",2085.0,68.87,-37.8168137,145.0088002,0,2153.87,Autumn,False,1.4141,just like new!! it arrived on time and had absolutely no scratches! it was just like new!,
ORD167517,ID3210156250,2019-06-03,Thompson,"[('Thunder line', 2), ('Alcon 10', 1), ('Lucent 330S', 2)]",15770.0,62.18,-37.80883710000001,144.9484354,15,13466.68,Winter,False,0.4436,five stars son is really enjoying his phone.,1.0
ORD435745,ID0575397943,2019-01-22,Nickolson,"[('Candle Inferno', 2), ('Toshika 750', 1), ('iAssist Line', 1), ('Universe Note', 2)]",14305.0,,-37.82114960000001,144.9841856,0,14383.93,Summer,False,1.3179,"very helpful for playing music, setting alarms, and talking to you when you are lonely.",1.0
ORD437843,ID4283908133,2019-10-26,Bakers,"[('Thunder line', 1), ('Universe Note', 2), ('iAssist Line', 1), ('Lucent 330S', 2)]",13765.0,103.11,-37.8090664,144.983856,5,13179.86,Spring,True,1.0058,"i bought this for my wife. she had a barnes and noble nook, this took it's place. she uses the candle inferno daily from reading books and playing games to looking up things on the web. she lives it.",1.0
ORD189676,ID0634775004,2019-08-02,Thompson,"[('Candle Inferno', 2), ('Thunder line', 2), ('Alcon 10', 1)]",14170.0,78.55,-37.8122103,144.9375505,25,10706.05,Winter,True,0.8387,"great phone at a great price! i purchased this as a transition from my old (but reliable) slide out phone. i couldn't ask for a better cell phone. for the price, it is an excellent alternative to the $600 ""fancier"" phones, and it does everything i need it to do!",1.0
ORD272759,ID6167231011,2019-05-09,Thompson,"[('Thunder line', 1), ('iAssist Line', 2), ('pearTV', 2)]",19250.0,77.43,-37.8132191,144.9513021,5,18364.93,Autumn,True,0.3772,five stars best phone for the price on the market. highly recommended.,1.0
ORD210595,ID3148722379,2019-06-02,Nickolson,"[('Lucent 330S', 2), ('Universe Note', 1), ('Olivia x460', 1), ('pearTV', 2)]",19755.0,77.2,-37.82103710000001,144.9579662,15,16868.95,Winter,True,1.0543,five stars great device,1.0
ORD082175,ID0588197120,2019-07-01,,"[('Alcon 10', 1), ('Universe Note', 2), ('Candle Inferno', 2)]",16710.0,75.51,-37.8120859,144.9738603,25,12608.01,Winter,True,0.8177,"phone was great seller had a great product, just didn't have the signal for my cellular company",1.0
ORD486200,ID0257506015,2019-10-29,Thompson,"[('Toshika 750', 2), ('Candle Inferno', 2), ('Thunder line', 2), ('Alcon 10', 2)]",31760.0,111.57,-37.7990915,144.9633416,15,27107.57,Spring,True,2.0818,this tablet is well worth the money. it has descent performance and good screen resolution. and it is definitely a great tablet for beginners. this is the one for those who don't want to spend more on tablets.,1.0
ORD247703,ID5402876192,2019-09-15,Nickolson,"[('Thunder line', 2), ('Candle Inferno', 1), ('Universe Note', 2), ('Olivia x460', 2)]",,76.27,-37.8204535,144.9769006,0,,Spring,False,0.6786,was not nunlocked at time of purchase it was not unlocked!!!!!!!!!. after being unlocked it was very good. would recommend to someone interested in the hassle of unlocking.,1.0
ORD082495,ID0282852678,2019-02-13,Bakers,"[('Universe Note', 1), ('pearTV', 2), ('Olivia x460', 1), ('Toshika 750', 2)]",25935.0,84.28,-37.7965549,145.00944209999997,15,22129.03,Summer,False,1.9496,"great phone new to using it but learning a lot about the phone. once the phone is set up, it has a great deal of convenience. i am sure to grow into using it and all of the aps. the s pen is truly helpful and smart. thanks.",1.0
ORD141959,ID0049492975,2019-06-01,Nickolson,"[('Lucent 330S', 1), ('Alcon 10', 2), ('Universe Note', 2)]",26030.0,73.27,-37.8207194,144.9745305,15,22198.77,Winter,True,0.4976,great smartphone i really like it. nice performance.,1.0
ORD247301,ID0103114342,2019-07-05,,"[('Universe Note', 2), ('Thunder line', 2)]",11260.0,49.71,-37.8125676,144.95607980000003,25,8494.71,Winter,False,0.7925,poor cell reception do not buy of these! cell reception is horrible! yoy eill have dropped calls and no data in places where everyone else does,0.0
ORD380949,ID0593475946,2019-03-21,Nickolson,"[('Candle Inferno', 2), ('iAssist Line', 2)]",5310.0,66.38,-37.8111216,144.9622215,0,5376.38,Autumn,False,1.0524,"good phone do not have to use finger print reader, however you can add people to be able to unlock your phone using the finger print scanner.",
ORD214886,ID1668523280,2019-06-20,Nickolson,"[('Alcon 10', 2), ('Olivia x460', 1), ('Toshika 750', 2)]",27765.0,77.41,-37.821195,144.9626465,0,27842.41,Winter,True,0.6726,works like new. no issues on verizon works like new. no issues with verizon. fingerprint reader hard to use and program,1.0
ORD397978,ID5922126223,2019-06-26,Nickolson,"[('Universe Note', 1), ('Toshika 750', 2)]",12090.0,61.15,-37.8185087,144.9714423,15,10337.65,Winter,False,0.1666,absolutely happy with my phone and it was brand new in ... absolutely happy with my phone and it was brand new in the box not reconditioned just like the seller said. i will definitely buy again front this seller.,1.0
ORD421673,ID0452380688,2019-06-21,Thompson,"[('Toshika 750', 2), ('Universe Note', 2), ('Alcon 10', 1), ('Lucent 330S', 2)]",26950.0,68.91,-37.8255311,144.9516784,5,25671.41,Winter,False,1.4876,great wish the akg headphones woumd have been wireless for the cash lovvee ittt,1.0
ORD135626,ID1224869055,2019-04-30,Thompson,"[('pearTV', 2), ('Thunder line', 2), ('Toshika 750', 2), ('Candle Inferno', 2)]",26480.0,79.03,-37.8129196,144.9405217,0,26559.03,Autumn,True,0.5764,great speakers camera blue color the best phone for me :d a lot better than the lucent g7,1.0
ORD425353,ID0168396881,2019-06-07,Thompson,"[('Thunder line', 2), ('iStream', 2)]",4660.0,66.78,-37.8112129,144.9596654,0,4726.78,Winter,False,1.1196,always a xp. always get a good product from this company!,1.0
ORD432302,ID2707985442,2019-09-28,Nickolson,"[('pearTV', 2), ('iAssist Line', 2), ('Alcon 10', 1)]",26020.0,106.68,-37.805979,144.9661013,0,26126.68,Spring,True,1.4368,five stars great phone - well worth the price!,1.0
ORD434536,ID0282825815,2019-11-11,Thompson,"[('Toshika 750', 2), ('Candle Inferno', 1)]",9070.0,67.01,-37.8011765,144.9518883,0,9137.01,Spring,False,1.3481,issues with callers not being able to hear me and ... issues with callers not being able to hear me and often just disconnects. this poses huge problem for me because this is my business and personal phone.,0.0
ORD068625,ID3085953489,2019-08-14,Bakers,"[('Candle Inferno', 1), ('pearTV', 2), ('Thunder line', 1)]",15230.0,68.71,-37.8231848,144.9880665,25,11491.21,Winter,False,1.5976,excellent thank you.,1.0
ORD056835,ID1463620569,2019-12-17,Bakers,"[('Olivia x460', 2), ('Alcon 10', 1), ('Candle Inferno', 1)]",11830.0,60.3,-37.818737,145.0007742,15,10115.8,Summer,False,1.0883,doa before i even turned it on i tried to put it in a case and saw that the screen had popped out of the casing. the phone wouldn't turn on so i tried to charge it. the cable was loose in the charging port and the phone never powered on!!,0.0
ORD042845,ID0723967205,2019-04-07,Bakers,"[('Olivia x460', 2), ('iStream', 2), ('Alcon 10', 2)]",20650.0,65.65,-37.80389260000001,145.0038247,15,17618.15,Autumn,False,1.0162,phone i jus got this item yesterday it was properly packaged and it came with the items. this phone so beautiful it’s fast the camera quality is amazing and games run great on in i’d recommend u get this phone asap,1.0
ORD312556,ID0650269089,2019-07-14,Nickolson,"[('Lucent 330S', 1), ('iAssist Line', 1)]",,66.27,-37.81429979999999,144.9779444,15,,Winter,False,0.8794,this is a good company to buy a used alcon from i had my phone since like february or march and it’s july now and it’s still alive!!,1.0
ORD278884,ID1492131951,2019-05-25,Thompson,"[('Universe Note', 1), ('Toshika 750', 2), ('Candle Inferno', 1)]",12520.0,75.42,-37.812087,144.9451785,25,9465.42,Autumn,True,0.1786,great! great for the price,1.0
ORD238654,ID5422003859,2019-11-17,Thompson,"[('Lucent 330S', 1), ('iAssist Line', 1)]",3455.0,83.35,-37.8004479,144.95884099999995,0,3538.35,Spring,False,1.71,price x benefits. excellent !,1.0
ORD006955,ID0224750302,2019-03-10,Bakers,"[('iAssist Line', 2), ('Thunder line', 1)]",6630.0,81.81,-37.80401129999999,144.98219430000003,0,6711.81,Autumn,True,1.3261,just ok good but along way from a 4g phone.,1.0
ORD241309,ID0291483919,2019-07-11,Thompson,"[('Toshika 750', 1), ('Universe Note', 1)]",7770.0,74.94,-37.81534129999999,144.9511735,0,7844.94,Winter,True,0.4674,"it’s better than i thought, it practically turns your regular tv into a smart tv!",1.0
ORD287400,ID4315295113,2019-02-21,Bakers,"[('Thunder line', 2), ('iAssist Line', 2)]",8810.0,73.53,-37.8176618,144.99578359999995,5,8443.03,Summer,False,0.8547,hope life expection is good great phone very fast amazing price,1.0
ORD158609,ID4847645685,2019-08-27,Bakers,"[('Olivia x460', 2), ('pearTV', 1), ('Lucent 330S', 2)]",11220.0,80.64,-37.81653920000001,145.0089739,10,10178.64,Winter,True,1.411,"five stars nice compact flip phone and is tough, just what i needed .",
ORD019866,ID0844462403,2019-07-13,Thompson,"[('iStream', 1), ('Lucent 330S', 2), ('Toshika 750', 1), ('pearTV', 1)]",13240.0,49.25,-37.8210696,144.947463,5,12627.25,Winter,False,0.9353,durabilidad bateria pesima dano el telefono,0.0
ORD071316,ID0581775051,2019-11-14,Thompson,"[('pearTV', 2), ('Toshika 750', 1), ('iAssist Line', 2), ('Alcon 10', 2)]",39290.0,103.17,-37.8090298,144.9369002,10,35464.17,Spring,True,0.982,"perfect phone for me i do not want a large phone nor do i use the phone for extensive video-watching or game playing. i make calls, send texts, read email and listen to audio books. and it is perfect for that without spending $1000",1.0
ORD442656,ID4716795613,2019-07-11,Thompson,"[('Alcon 10', 1), ('Candle Inferno', 2)]",9810.0,64.36,-37.8191633,144.952788,25,7421.86,Winter,False,0.8803,five stars awesome phone !,
ORD151144,ID2177124605,2019-10-19,Nickolson,"[('Alcon 10', 2), ('Lucent 330S', 1)]",19130.0,77.48,-37.814968,144.9607785,10,17294.48,Spring,False,0.8707,love it except for all the factory apps have had it for a few months. love it except for all the factory apps. they are a pain in the arse!,1.0
ORD057316,ID0581774610,2019-04-01,Thompson,"[('Alcon 10', 1), ('Olivia x460', 2)]",11400.0,48.99,-37.8092586,144.9418784,10,10308.99,Autumn,False,0.594,rip off device was not what was described. not compatible with verizon as stated. false advertisement. deal fisher is a rip off,0.0
ORD147598,ID0575392033,2019-08-14,Nickolson,"[('iStream', 2), ('Universe Note', 2), ('Candle Inferno', 1)]",7630.0,68.4,-37.821389,144.9839684,0,7698.4,Winter,False,1.3054,i've had multiple digico inferno tablets. they are a great bargain. i love the ease of use and functionality. the only downfall is that it is really slow to charge.,1.0
ORD125310,ID0312718309,2019-11-20,Thompson,"[('Olivia x460', 2), ('iStream', 1), ('Thunder line', 1)]",4780.0,82.57,-37.8025225,144.96069350000005,5,4623.57,Spring,False,1.647,"worked as expected on att network just as expected, working flawlessly on att network, will update if anything changes",1.0
ORD293009,ID0774546107,2019-10-03,,"[('Olivia x460', 1), ('pearTV', 2), ('Alcon 10', 1), ('iStream', 1)]",22945.0,103.56,-37.8059066,144.95606919999997,10,20754.06,Spring,True,,"i have been holding off buying one of these for years, but on black friday the price was an astonishing $49. the amount of tablet you get for that amount of money is unrivaled. it is a great investment if you enjoy books or media.",1.0
ORD170977,ID0030286983,2019-11-12,Thompson,"[('Candle Inferno', 2), ('Alcon 10', 2), ('Lucent 330S', 1), ('iStream', 2)]",20290.0,79.63,-37.8092654,144.9319064,5,19355.13,Spring,False,1.3864,easy to use very impressed with this android devices.,1.0
ORD467787,ID0589421424,2019-04-11,Nickolson,"[('Lucent 330S', 2), ('iStream', 2)]",2760.0,66.39,-37.8095839,144.9724437,0,2826.39,Autumn,False,1.0348,very good phone. battery drains fast satisfied,1.0
ORD362565,ID0248746980,2019-08-03,Bakers,"[('Universe Note', 1), ('Thunder line', 2), ('pearTV', 2)]",20430.0,77.8,-37.821635,144.99863169999998,0,20507.8,Winter,True,1.3297,charger does not work recieved with no good charger,1.0
ORD122403,ID0767187719,2019-11-09,Nickolson,"[('Olivia x460', 1), ('iStream', 1)]",1375.0,98.74,-37.8198506,144.9651242,0,1473.74,Spring,True,0.4136,"five stars great deal, and great specs.",1.0
ORD163344,ID1463547084,2019-08-04,Bakers,"[('pearTV', 2), ('Candle Inferno', 2), ('iAssist Line', 2), ('iStream', 2)]",18230.0,67.25,-37.8178223,145.0034301,0,18297.25,Winter,False,1.1308,"this is a great phone for the money this is a great phone for the money. only gave it a 4 star because of poor customer service and poor software personalization. somehow, the mike level was too low, and unable to adjust. had to wipe the phone and start from scratch. otherwise its a great phone.",1.0
ORD225544,ID0547568872,2019-07-08,Bakers,"[('pearTV', 2), ('Candle Inferno', 2), ('Universe Note', 2)]",20380.0,,-37.8157318,144.9897365,5,19410.96,Winter,False,0.8008,no curved screen i hate curved screen... would be a 5 star product e. ept for curved screen edges. drop from 2 feet and it cracks screen. i dropped my note 2 many times from 2 to 4 feet with no damage. olivia screwed up...,0.0
ORD362239,ID2187983886,2019-09-01,,"[('pearTV', 2), ('Toshika 750', 1), ('Thunder line', 1), ('Olivia x460', 2)]",21570.0,101.12,-37.8120494,144.970453,5,20592.62,Spring,True,,good condition! good phone. i like it. i trust this company now!,1.0
ORD237727,ID0534017209,2019-02-09,,"[('Lucent 330S', 1), ('Universe Note', 1), ('Toshika 750', 2), ('Thunder line', 2)]",17680.0,71.84,-37.8097134,144.9879612,10,15983.84,Summer,False,,very stylish excellent phone. not compatible metro pcs,1.0
ORD086849,ID6231506317,2019-09-11,Nickolson,"[('pearTV', 2), ('Thunder line', 2)]",16980.0,84.74,-37.8242103,144.97018880000005,5,16215.74,Spring,True,0.6276,faulty product within a couple days of using this phone it had battery problems. it would go from 88% to critically low in a matter of minutes. then after a week of use it can't be used unless it's plugged in. total waste of money. i'm hoping the seller will make contact soon. i sent an email outlining the issues.,0.0
ORD357120,ID0131238986,2019-02-20,Nickolson,"[('Lucent 330S', 2), ('Thunder line', 2)]",6820.0,74.83,-37.8129325,144.96121069999995,5,6553.83,Summer,False,0.9671,five stars i liked it.,1.0
ORD472388,ID0560985135,2019-08-30,Thompson,"[('iStream', 1), ('Olivia x460', 1)]",1375.0,,-37.81787670000001,144.9465948,0,1449.65,Winter,True,0.5807,"mucho mejor de lo que esperaba maravilloso telefono al comienzo tenia mis dudas pero mas que conforme con el producto, perfecta calidad de fotos, muy liviano y practico telefono y muy buena velocidad para ser gama media alta",1.0
ORD281786,ID2868682195,2019-07-29,Nickolson,"[('Toshika 750', 1), ('Lucent 330S', 1), ('iStream', 2)]",5850.0,64.89,-37.8046318,144.9704802,0,5914.89,Winter,True,1.5565,the phone i got keeps saying that unauthorized action and ... the phone i got keeps saying that unauthorized action and needs to restart with a warning icon on top and cant use it,
ORD175824,ID2768660746,2019-03-31,,"[('iAssist Line', 2), ('Toshika 750', 1)]",8770.0,77.7,-37.8220638,144.9740074,10,7970.7,Autumn,True,0.5501,good phone very happy with phone,1.0
ORD455169,ID3589872341,2019-11-13,Thompson,"[('Candle Inferno', 1), ('Universe Note', 2), ('pearTV', 2)]",19950.0,84.78,-37.8116006,144.9274278,10,18039.78,Spring,False,1.7314,five stars is an amazing smartphone,1.0
ORD053629,ID0493873187,2019-11-30,Nickolson,"[('iAssist Line', 1), ('Universe Note', 2), ('Toshika 750', 2)]",17765.0,64.8,-37.8066912,144.97079490000004,5,16941.55,Spring,False,1.3296,not worth the money what a piece of work ended up sending it back to the company,0.0
ORD413000,ID1426680628,2019-11-14,Bakers,"[('Universe Note', 2), ('Alcon 10', 2), ('Toshika 750', 2)]",33440.0,86.88,-37.8093139,145.0194308,10,30182.88,Spring,False,2.1295,"worth it nice,clean ,on time,working just fine",1.0
ORD210623,ID0702451774,2019-07-31,Thompson,"[('Olivia x460', 1), ('Toshika 750', 2)]",9865.0,65.24,-37.8045489,144.9432618,0,9930.24,Winter,False,0.9644,five stars i love my new cel phone. fer,
ORD090922,ID6167247328,2019-11-18,,"[('Thunder line', 2), ('Toshika 750', 1), ('iStream', 2)]",8980.0,84.13,-37.8162701,144.9642341,0,9064.13,Spring,True,,no slow and stupid,0.0
ORD074940,ID2187874242,2019-07-26,Nickolson,"[('pearTV', 2), ('Thunder line', 1), ('Candle Inferno', 2)]",15660.0,60.8,-37.8144896,144.9660863,10,14154.8,Winter,True,0.5493,disappointed now i have to buy a charger for the phone got the wrong portable for the charger it doesn't fit any at all,0.0
ORD389054,ID6231506302,2019-01-17,Nickolson,"[('Toshika 750', 1), ('iStream', 1), ('iAssist Line', 1), ('Lucent 330S', 1)]",7925.0,90.79,-37.8244434,144.9702946,0,8015.79,Summer,True,0.6543,"i enjoy my candle immensely, so much better than having to start up my computer.",1.0
ORD290197,ID6167441044,2019-08-11,Nickolson,"[('Thunder line', 2), ('Universe Note', 1)]",7810.0,66.37,-37.8112288,144.9618602,0,7876.37,Winter,False,1.0629,love my new iassist. she works great so far.,1.0
ORD341098,ID0580530692,2019-11-02,Bakers,"[('iStream', 1), ('Thunder line', 2), ('Lucent 330S', 2)]",6970.0,109.53,-37.8009174,145.010809,25,5337.03,Spring,True,1.7024,"i bought this to replace an older model and am very happy with the product. mostly used for reading but also for surfing the web, facebook, etc. love it!!",1.0
ORD492526,ID5096779238,2019-10-24,Nickolson,"[('iStream', 1), ('Alcon 10', 2), ('Olivia x460', 1), ('pearTV', 2)]",31895.0,110.98,-37.801189,144.96978130000005,5,30411.23,Spring,True,1.9377,five stars got my phone fast and works and looks great,1.0
ORD497667,ID6167489484,2019-05-01,Nickolson,"[('Thunder line', 1), ('Candle Inferno', 1), ('Toshika 750', 1), ('iStream', 2)]",7230.0,64.16,-37.81791870000001,144.9618773,15,6209.66,Autumn,False,0.679,four stars ok for basic phone,1.0
ORD241740,ID0575556336,2019-04-05,Nickolson,"[('Alcon 10', 1), ('Thunder line', 2), ('Toshika 750', 2)]",21950.0,67.3,-37.824281,144.98510159999995,10,19822.3,Autumn,False,1.5068,works great!,1.0
ORD402720,ID0595594348,2019-10-08,Nickolson,"[('Thunder line', 1), ('Toshika 750', 1), ('Olivia x460', 2), ('iAssist Line', 1)]",11175.0,101.63,-37.8101896,144.96958859999995,5,10717.88,Spring,True,0.9357,"as described. great seller, and product. love it.",
ORD120145,ID5587121107,2019-04-05,Thompson,"[('iStream', 2), ('Universe Note', 1)]",3750.0,67.6,-37.818875,144.9567832,25,2880.1,Autumn,False,1.0984,is like a brand new phone the phone is working perfectly well. i have not had cause to regret buying it one day.,1.0
ORD482095,ID0777829305,2019-11-21,Thompson,"[('Alcon 10', 1), ('Thunder line', 1), ('Lucent 330S', 1), ('Olivia x460', 1)]",13585.0,104.66,-37.803875,144.95836469999998,15,11651.91,Spring,True,1.395,works great as a bt receiver with output connected to vintage stereo equipment.,1.0
ORD401505,ID4398351517,2019-02-11,Nickolson,"[('Olivia x460', 2), ('Toshika 750', 2), ('Candle Inferno', 1)]",11520.0,88.48,-37.8201043,144.9660391,15,9880.48,Summer,True,0.3516,five stars like new,1.0
ORD284222,ID2346846626,2019-11-13,Bakers,"[('pearTV', 1), ('iAssist Line', 2), ('Candle Inferno', 2)]",11620.0,81.33,-37.80947000000001,144.98170180000002,25,8796.33,Spring,False,1.1914,overall good phone fingerprint not so good,1.0
ORD406021,ID0123087105,2019-01-05,Thompson,"[('Universe Note', 2), ('pearTV', 1), ('Lucent 330S', 2), ('Toshika 750', 2)]",,78.21,-37.8147463,144.955716,15,,Summer,True,0.7947,"one star did not function! had to return, but payment was quick!",0.0
ORD389831,ID5058108333,2019-04-02,Nickolson,"[('Toshika 750', 1), ('pearTV', 1)]",10630.0,77.06,-37.8233885,144.9680947,25,8049.56,Autumn,True,0.5487,the amount i paid for the tablet is worth it on sale.,1.0
ORD196769,ID2208129676,2019-11-16,Thompson,"[('iStream', 2), ('Universe Note', 1), ('Olivia x460', 2), ('Candle Inferno', 2)]",7060.0,104.22,-37.80385020000001,144.95797180000002,10,6458.22,Spring,True,1.3726,still learning new things about my tablet. very easy to use.. perfect size.,1.0
ORD288143,ID0294628572,2019-12-02,Nickolson,"[('iAssist Line', 2), ('pearTV', 2)]",17070.0,67.03,-37.8174032,144.97039080000005,25,12869.53,Summer,False,0.1518,good sometimes can’t hear well,1.0
ORD370531,ID2272185759,2019-09-01,Bakers,"[('Alcon 10', 1), ('Lucent 330S', 1)]",10180.0,92.06,-37.81489379999999,145.01428049999996,5,9763.06,Spring,True,1.7617,battery life sucks. everything but the battery life was good. battery capacity is at 74%. battery dies fast. full charge takes forever. not satisfied with purchase.,0.0
ORD434665,ID0664378470,2019-04-04,Nickolson,"[('Universe Note', 1), ('Thunder line', 1), ('Toshika 750', 2), ('pearTV', 1)]",20580.0,48.2,-37.8202216,144.9668039,15,17541.2,Autumn,False,0.3019,"two stars why is xt1097, instead xt1095",0.0
ORD259929,ID0370750698,2019-08-07,Bakers,"[('Toshika 750', 1), ('iStream', 2), ('Olivia x460', 2), ('Alcon 10', 1)]",,76.4,-37.8133648,144.9884655,0,,Winter,True,0.7034,five stars perfect item!,1.0
ORD428501,ID0306905245,2019-07-31,Thompson,"[('Toshika 750', 1), ('Universe Note', 1)]",7770.0,75.63,-37.8116403,144.93834980000003,5,7457.13,Winter,True,0.7754,works great with cricket! really like the screen size and weigh of this phone. i am not tech savvy but this phone was a quick learn and setup. still working on retrieving my photos from my old phone. may have to go to cricket for some help with that. i am olivia loyal as it rarely disappoints.,1.0
ORD068319,ID6207152061,2019-10-22,Nickolson,"[('Toshika 750', 1), ('iStream', 2), ('Candle Inferno', 2)]",5480.0,,-37.8080399,144.97432519999995,0,5570.32,Spring,True,1.2477,"make sure you have your own pin! phone did not come with a sim ejector pin, which has made it difficult to get started with the device.",0.0
ORD072441,ID0577457231,2019-09-01,,"[('Candle Inferno', 1), ('pearTV', 2)]",13050.0,101.11,-37.8198091,144.97986880000005,10,11846.11,Spring,True,,five stars very good,1.0
ORD455906,ID0248969231,2019-04-06,Bakers,"[('Alcon 10', 1), ('Olivia x460', 2)]",11400.0,67.15,-37.7986268,144.98118290000005,15,9757.15,Autumn,True,1.7688,"not verizon compatible i ordered a verizon phone, i expected to get a version compatible phone. the product is now worthless to me.",0.0
ORD114610,ID1479905341,2019-11-08,Nickolson,"[('iStream', 1), ('Olivia x460', 1), ('Alcon 10', 1), ('iAssist Line', 1)]",12550.0,105.19,-37.8204349,144.957499,25,9517.69,Spring,True,1.0794,only problem is that it's at&t unlocked and the mobile hotspot doesn't work but other than that phone is great. phone is as described! looks brand new. only problem is that it's at&t unlocked and the mobile hotspot doesn't work but other than that phone is great.,1.0
ORD143637,ID1449295043,2019-03-16,Nickolson,"[('iStream', 2), ('Alcon 10', 1)]",9250.0,79.89,-37.8157301,144.9791528,0,9329.89,Autumn,True,0.9026,love this product i use it as my bedroom clock perfect size with a lot of other options. the only thing i would like to see them add on to it is the ability to fall asleep to mu as if and set a timer for it to go off on it's own. like you can with tv t hcfe sleep mode.,
ORD025787,ID6167191732,2019-01-10,Nickolson,"[('Olivia x460', 2), ('iAssist Line', 2), ('Universe Note', 2), ('pearTV', 2)]",26420.0,69.22,-37.8156133,144.9665224,15,22526.22,Summer,False,0.4256,very good. very good.,1.0
ORD207514,ID6167191715,2019-01-13,Thompson,"[('Olivia x460', 2), ('Thunder line', 1), ('pearTV', 2), ('Alcon 10', 1)]",26200.0,94.66,-37.8191898,144.95418859999995,5,24984.66,Summer,True,0.9582,five stars the best i even got the product faster than expected,
ORD022924,ID0576877847,2019-04-18,Nickolson,"[('Alcon 10', 2), ('Thunder line', 1)]",20080.0,77.93,-37.81596370000001,144.9722723,5,19153.93,Autumn,True,0.3782,excellent alcon 6s really nice alcon. i love it.,1.0
ORD213848,ID0579409745,2019-10-25,Nickolson,"[('iStream', 2), ('pearTV', 2)]",12920.0,97.92,-37.8217484,144.9680858,5,12371.92,Spring,True,0.3739,very nice very nice,
ORD497074,ID0760183042,2019-02-18,Thompson,"[('Olivia x460', 1), ('Universe Note', 1)]",4675.0,59.64,-37.8204843,144.95060990000005,5,4500.89,Summer,False,0.9236,compre 16 g y me llegó uno de 8 publicidad engañosa,0.0
ORD011283,ID0847526399,2019-10-24,Nickolson,"[('pearTV', 2), ('Toshika 750', 1), ('iStream', 2), ('Candle Inferno', 2)]",18100.0,75.01,-37.8234934,144.9699862,10,16365.01,Spring,False,0.5466,"great phone, once i got a new battery. thanks phone looked just like new!! the only problems was the battery. once replaced it worked great!",1.0
ORD267017,ID0299029620,2019-08-03,Bakers,"[('pearTV', 2), ('Candle Inferno', 1), ('Olivia x460', 1)]",14275.0,53.13,-37.7994718,145.0063616,10,12900.63,Winter,False,1.5267,"no mobile data this phone is a brick. i couldn't get mobile data, and t-mobile said i only have 2 g available when it's supposed to be 4g. i didn't realize that i wasn't buying a lucentrola product. no return after 90 days. it's only warranty is in cayman islands, not usa. how can digico sell this phone?",0.0
ORD380296,ID1826195267,2019-04-07,Bakers,"[('Candle Inferno', 1), ('Alcon 10', 2), ('Lucent 330S', 2), ('Universe Note', 2)]",27690.0,53.73,-37.8136782,145.014032,10,24974.73,Autumn,False,1.7034,charging cable didn't work came with charging cable that didn't work phone,0.0
ORD098472,ID3777872792,2019-11-24,Thompson,"[('Lucent 330S', 2), ('Toshika 750', 2)]",11100.0,63.37,-37.8070041,144.936413,10,10053.37,Spring,False,1.1298,it doesn’t have the correct gb in the post it says that’s is a 64gb but it’s actually just 16gb,
ORD265237,ID4520380542,2019-08-07,Nickolson,"[('Universe Note', 2), ('iAssist Line', 2), ('pearTV', 1), ('Candle Inferno', 1)]",18090.0,62.86,-37.8176118,144.95922030000003,25,13630.36,Winter,True,0.915,it’s not working the speaker is not work,0.0
ORD240452,ID2191735060,2019-11-18,Nickolson,"[('Olivia x460', 2), ('iStream', 2)]",2750.0,79.39,-37.8235573,144.95612350000005,0,2829.39,Spring,False,1.3035,i like the thunder spot because it fits into my decor and i can also sing along with my favorite songs,1.0
ORD483245,ID6167285780,2019-04-01,Thompson,"[('iAssist Line', 2), ('Toshika 750', 1), ('Candle Inferno', 2), ('Alcon 10', 1)]",18580.0,62.81,-37.8111756,144.9588801,10,16784.81,Autumn,True,1.052,does not work with verizon network was not compatible to verizon network. need to return. could not get the phone to work. would not activate thru verizon.,0.0
ORD358795,ID0702374155,2019-02-06,Thompson,"[('Toshika 750', 1), ('Candle Inferno', 2)]",5180.0,91.46,-37.80747150000001,144.94217709999995,0,5271.46,Summer,True,0.7214,awesome camera and unlimited space amazing camera,1.0
ORD412331,ID0356088432,2019-12-31,Bakers,"[('Toshika 750', 1), ('iStream', 1)]",4470.0,72.93,-37.8161903,144.9982212,15,3872.43,Summer,False,0.7379,"great phone great phone , it is just what i wanted , i spend time in florida and the bahamas , i put in the 2 sims cards for each country and it works great. well pleased.",1.0
ORD464342,ID0103299675,2019-05-25,,"[('Toshika 750', 2), ('Universe Note', 2), ('Alcon 10', 2)]",33440.0,78.94,-37.8161124,144.9624868,5,31846.94,Autumn,True,0.6799,excellent my wife loves it very reasonably priced!!! works excellent,1.0
ORD323410,ID3215191971,2019-10-23,Thompson,"[('Toshika 750', 1), ('Candle Inferno', 2)]",5180.0,64.52,-37.80661720000001,144.9545023,5,4985.52,Spring,False,0.9391,a waste of money. never worked. a piece of junk. don’t buy it.,0.0
ORD283754,ID0349920154,2019-04-03,Bakers,"[('iStream', 2), ('Candle Inferno', 2)]",1160.0,80.14,-37.8179689,145.0038909,0,1240.14,Autumn,True,1.1694,"excellent performance got this for my kid (12 years). he loves it due to general performance that allows him to play many games. a lot of features (camera) and very good score on benchmark compared to expensive brands (pear, olivia, etc...)",1.0
ORD260508,ID0248266268,2019-01-27,,"[('Candle Inferno', 1), ('Toshika 750', 2), ('Olivia x460', 1), ('Alcon 10', 2)]",28195.0,82.46,-37.8261851,144.9852008,0,28277.46,Summer,False,1.6148,five stars thx very much for the smarphone,1.0
ORD016374,ID3106294625,2019-09-26,Thompson,"[('Candle Inferno', 1), ('Toshika 750', 2), ('iAssist Line', 1), ('Lucent 330S', 1)]",12525.0,66.63,-37.8062236,144.93236869999996,15,10712.88,Spring,False,1.4788,don't buy verizon will not activate the phone due to it's being a 3 g phone.,0.0
ORD495752,ID0711334313,2019-11-21,Thompson,"[('Thunder line', 2), ('Candle Inferno', 2)]",5220.0,105.32,-37.8066231,144.95913969999995,0,5325.32,Spring,True,1.2572,"phabulous i've only had it a day but i can say that i should have gotten this phone the day it came out! great size, picture, sound, speed and look! thank you olivia!",1.0
ORD050673,ID2706565048,2019-11-06,Nickolson,"[('iStream', 2), ('Candle Inferno', 1)]",730.0,,-37.8208388,144.9694007,15,715.09,Spring,True,0.2501,very good product in its price range affordable and very good,1.0
ORD494238,ID0355819078,2019-06-28,,"[('Candle Inferno', 2), ('Toshika 750', 2), ('Thunder line', 2), ('Lucent 330S', 2)]",16320.0,58.92,-37.8071296,144.9957194,25,12298.92,Winter,True,0.322,only work for 3 months and die not working please don waste your money in this brand,0.0
ORD347288,ID0377541452,2019-09-09,Thompson,"[('Lucent 330S', 2), ('pearTV', 2)]",15080.0,72.32,-37.8155485,144.94633019999995,5,14398.32,Spring,False,0.3266,"great phone! great phone with great features and great display. lighter than i thought and with the case i got, the weight is just perfect.",1.0
ORD302039,ID5290706354,2019-06-05,Nickolson,"[('pearTV', 2), ('Lucent 330S', 2)]",15080.0,67.31,-37.8081541,144.9761699,10,13639.31,Winter,False,1.2999,five stars great price for a phone that provides a lot of free apps including unlimited free music downloads etc.,1.0
ORD301882,ID2707996412,2019-08-18,Nickolson,"[('pearTV', 2), ('Toshika 750', 1), ('Lucent 330S', 2)]",19400.0,70.67,-37.80372,144.9693494,25,14620.67,Winter,False,1.6559,awesomeness! my little girl loves it. for her first phone super cool. thank you guys... phone is affordable and durable.,1.0
ORD298957,ID2936341082,2019-08-03,Nickolson,"[('Toshika 750', 2), ('Lucent 330S', 2), ('Thunder line', 1), ('Universe Note', 2)]",,61.37,-37.81861170000001,144.96779809999995,25,,Winter,False,0.1542,great product and easy to use i was able to just install my sims card and it was ready for use. great product and easy to use.,1.0
ORD266555,ID3222652699,2019-07-31,,"[('Lucent 330S', 1), ('iAssist Line', 1), ('pearTV', 1), ('Alcon 10', 2)]",27665.0,84.09,-37.8023534,144.93055680000003,25,20832.84,Winter,True,,great phone deal! everything was as expected! no issues with the phone.,1.0
ORD349871,ID0844410211,2019-08-13,Thompson,"[('iStream', 1), ('Thunder line', 2), ('Toshika 750', 2), ('Candle Inferno', 2)]",14010.0,75.7,-37.8190391,144.9467214,15,11984.2,Winter,True,0.7093,five stars excellent product,1.0
ORD234367,ID1463620519,2019-01-11,Bakers,"[('Lucent 330S', 2), ('Candle Inferno', 1), ('Universe Note', 2), ('iStream', 2)]",10090.0,61.75,-37.8168733,145.00726609999995,15,8638.25,Summer,False,1.3062,very difficult to operate this if having problems knowing how to get to the instructions. should have some computer knowledge prior to purchase.,
ORD265368,ID3094967062,2019-12-31,Thompson,"[('Olivia x460', 1), ('Universe Note', 2)]",8125.0,86.95,-37.79983529999999,144.93632119999995,15,6993.2,Summer,True,1.7134,"brick phone after an update the phone stop working , waste of money , now i have a piece of plastic useless",0.0
ORD032541,ID0581790652,2019-11-21,,"[('Olivia x460', 1), ('Alcon 10', 2), ('Toshika 750', 2), ('Thunder line', 1)]",29945.0,115.69,-37.8037739,144.9188476,0,30060.69,Spring,True,,good phone cam quality - decent i like the lucentrola features battery lasts a little more than a day,1.0
ORD226848,ID0331163880,2019-11-19,Nickolson,"[('iStream', 2), ('pearTV', 1), ('Lucent 330S', 1)]",7840.0,86.48,-37.7992985,144.9701036,15,6750.48,Spring,False,2.1486,good ifin x can’t say anything bad. like the phone and haven’t had issues. 90%battery life when it arrived.,1.0
ORD017035,ID0711334313,2019-01-29,Thompson,"[('pearTV', 2), ('Candle Inferno', 2), ('Olivia x460', 2), ('Universe Note', 1)]",19380.0,97.57,-37.8066231,144.95913969999995,0,19477.57,Summer,True,1.2572,"excellent phone, i just wish it had all the ... excellent phone, i just wish it had all the band's of the phones so you can switch to any carrier like the nexus phones, and olivia pay wish it had but i know because it's international it couldn't, but we'll made. :)",1.0
ORD189489,ID0846546860,2019-05-29,Nickolson,"[('iAssist Line', 2), ('Alcon 10', 1)]",13400.0,64.0,-37.8200671,144.9686178,0,13464.0,Autumn,False,0.1833,a decent phone but not for most! i have had this phone for 2 days. great display and great battery life. but only down side is i cannot keep but a bar of reception most of the time. i constantly drop calls as well. beautiful phone but guess it lacks there. get what you pay for i guess :/,1.0
ORD099235,ID0356099095,2019-08-12,,"[('pearTV', 1), ('Thunder line', 2)]",10670.0,67.51,-37.8208489,144.9946581,0,10737.51,Winter,False,,"i bought this for my girlfriend as a christmas present. she is a avid reader and has been using our ipad to read online library books. she asked me for a nook reader, but after seeing the inferno....it was a no brainer to go in that direction. it is used everyday and she loves it.",1.0
ORD265610,ID5587440986,2019-10-27,Nickolson,"[('Lucent 330S', 2), ('iAssist Line', 2)]",6910.0,75.46,-37.8242834,144.9693073,10,6294.46,Spring,False,0.6336,easy to use i love it.,1.0
ORD212494,ID0283334500,2019-10-01,Thompson,"[('Candle Inferno', 2), ('iStream', 2), ('Alcon 10', 1)]",10110.0,66.37,-37.8000752,144.9491167,0,10176.37,Spring,False,1.4139,"defective battery last 3 to 4 hours, doesnt hold charge! overheats i mean really over heats",0.0
ORD312073,ID3925153646,2019-08-07,Nickolson,"[('pearTV', 2), ('Thunder line', 1)]",14800.0,73.16,-37.8215051,144.9692796,5,14133.16,Winter,True,0.3248,pleased personal use.,1.0
ORD109071,ID6167344585,2019-03-10,Nickolson,"[('Candle Inferno', 2), ('Alcon 10', 2), ('iAssist Line', 2), ('Toshika 750', 2)]",31850.0,62.55,-37.8145737,144.9718826,10,28727.55,Autumn,True,0.4924,devuelvan mi dinero no compren esto por que son unos estafadores no me quieren devolver mi dinero que devolvi este telefono que estaba dañado,0.0
ORD280452,ID1224869714,2019-02-10,Thompson,"[('Toshika 750', 2), ('Thunder line', 2), ('Candle Inferno', 2), ('Lucent 330S', 1)]",15090.0,75.48,-37.8139761,144.93646809999996,5,14410.98,Summer,False,0.9435,"great phone ,just what i needed bought this to replace my old lucentrola phone. love this phone it has all the bells and whistles.... went through the battery really fast until i turned off the location service",1.0
ORD401757,ID0122741155,2019-11-12,Nickolson,"[('Alcon 10', 2), ('Olivia x460', 1)]",19125.0,78.43,-37.8221606,144.9607811,0,19203.43,Spring,False,0.8673,five stars great device best note made product is 100 percent as descibe,1.0
ORD212092,ID0641030470,2019-11-23,Thompson,"[('iAssist Line', 1), ('Olivia x460', 2), ('Universe Note', 2)]",11575.0,,-37.8096965,144.938704,10,10492.89,Spring,False,0.8068,love this phone love this phone!!!! after 7years with alcon there's nothing i miss. this phone is secretly water proof as well. toshika is the best. get it👊👊,1.0
ORD266745,ID0547586924,2019-03-28,,"[('Alcon 10', 2), ('Universe Note', 1), ('iAssist Line', 1)]",23575.0,80.08,-37.8137291,144.98746269999995,25,17761.33,Autumn,True,0.7997,"the best phone in the market the best phone in the market. however, i hated the raised edges in the left and right of the screen. thanks.",1.0
ORD489417,ID3777872788,2019-12-13,Thompson,"[('Universe Note', 2), ('Thunder line', 2), ('Alcon 10', 1)]",,70.34,-37.8089151,144.94229009999995,25,,Summer,False,0.593,eficent very good and eficent,1.0
ORD358617,ID0663120912,2019-04-10,Thompson,"[('pearTV', 2), ('iAssist Line', 1)]",14845.0,68.73,-37.800217,144.95485259999995,10,13429.23,Autumn,False,1.5464,"excellent thank you,.",1.0
ORD211342,ID2190625294,2019-07-13,Nickolson,"[('Alcon 10', 2), ('Toshika 750', 1), ('Universe Note', 2), ('iStream', 2)]",29420.0,,-37.80962150000001,144.96362140000005,15,25071.7,Winter,False,1.1268,"flawless flawless, verizon won't accept it but everyone else will",1.0
ORD340896,ID0289597248,2019-02-20,Thompson,"[('iAssist Line', 1), ('Olivia x460', 1), ('Universe Note', 1)]",6900.0,93.29,-37.8104848,144.95242969999995,10,6303.29,Summer,True,0.5307,"went in to look at the 10' candle inferno and couldn't resist the price on this one. there wasn't a big enough size difference to justify spending more than 200.00 for the 10 inch. this has been a great device so far. battery life, ease of use, etc",1.0
ORD382228,ID0243097397,2019-11-13,Nickolson,"[('Thunder line', 2), ('Lucent 330S', 2), ('Alcon 10', 2), ('pearTV', 2)]",37340.0,97.69,-37.8179366,144.966773,10,33703.69,Spring,True,0.255,liberados de fabrica perfecto,1.0
ORD201093,ID0036822139,2019-09-26,Nickolson,"[('Thunder line', 1), ('Alcon 10', 1)]",11130.0,81.02,-37.8271503,144.9614665,10,10098.02,Spring,False,1.1884,"a very useful cell phone although i purchased a used phone, it is working perfectly and has none of the disadvantages of my old phone.",1.0
ORD354727,ID0233255184,2019-06-03,,"[('iStream', 1), ('Olivia x460', 1), ('pearTV', 2)]",13995.0,83.26,-37.7985773,144.9807351,10,12678.76,Winter,True,1.8004,works good long lasting basic phone. battery takes forever to charge like all older phones.,1.0
ORD232163,ID0777716590,2019-02-05,Thompson,"[('iStream', 1), ('pearTV', 2), ('Lucent 330S', 2), ('Olivia x460', 2)]",17680.0,96.66,-37.8055238,144.9555785,10,16008.66,Summer,True,1.0925,"price and navigation. good price but still must figure how to use it, tried some tutoring on youtube, helped a bit. no brochure or instructions enclosed with the phone, i wish it should. still had not transferred my old olivia phone to this one yet. will do it next month.",1.0
ORD334929,ID2266562019,2019-02-14,Thompson,"[('iStream', 1), ('Toshika 750', 2)]",8790.0,57.47,-37.8116326,144.95668419999996,10,7968.47,Summer,False,0.8535,"bad connectivity. wifi connectivity is a headache. very weak. when call people, phone automatically hangs up on them. most rude customer service ever witnessed at xp. perfer lg phones. never again!",0.0
ORD069823,ID0356449717,2019-04-07,Bakers,"[('Candle Inferno', 1), ('iAssist Line', 2)]",4880.0,66.35,-37.8081254,144.9867964,10,4458.35,Autumn,True,0.7706,"bought stollen phone this was a stollen phone caused a lot of unnecessary stress , and waisted time !! verizon cut my service because it was a stollen phone and l had to go in to get it straightened out. this phone was supposed to have been refurbished and checked out . apparently it wasn’t ever done !!!",0.0
ORD495146,ID0641022145,2019-10-18,Thompson,"[('Alcon 10', 1), ('iStream', 1), ('Toshika 750', 1), ('Universe Note', 1)]",,77.31,-37.80682720000001,144.9378833,10,,Spring,False,1.0373,"five stars great phone very durable, and nice camera",1.0
ORD308299,ID0571467856,2019-05-06,Bakers,"[('Olivia x460', 1), ('Thunder line', 1)]",3405.0,56.58,-37.8205351,145.0144159,10,3121.08,Autumn,False,2.0548,accidental review accidentally reviewed wrong product,0.0
ORD400618,ID4350551011,2019-10-27,Thompson,"[('Alcon 10', 1), ('Thunder line', 1)]",11130.0,111.34,-37.7993265,144.9631099,0,11241.34,Spring,True,2.0488,works when it feels like it. has range and clarity issues on occasion. moved up to smart phone. no longer use it. good for very basic phone usage.,1.0
ORD186414,ID2168114069,2019-06-05,Nickolson,"[('pearTV', 1), ('Toshika 750', 2), ('Universe Note', 1)]",18400.0,78.27,-37.808298,144.97618290000003,0,18478.27,Winter,True,1.2861,value for money the mobile phone has a good price and very easy to use for my mom,1.0
ORD151104,ID1492145801,2019-11-21,Thompson,"[('Universe Note', 1), ('Toshika 750', 1)]",7770.0,71.28,-37.8125749,144.95113669999995,10,7064.28,Spring,False,0.3579,he says he likes it this was purchased for my husband. he loves it. likes that is lighter than the s3 which was a bit thicker and the otterbox for the s4 is so much sleeker than the s3 buy it and enjoy it!!!,1.0
ORD299871,ID3191033051,2019-09-29,Nickolson,"[('pearTV', 1), ('iAssist Line', 1)]",8535.0,102.38,-37.8111727,144.9720286,0,8637.38,Spring,True,0.8545,the best verizon windows phone i love the icon so got this one to replace my old one. using it to test win10 mobile.,1.0
ORD090184,ID0780995790,2019-03-08,Thompson,"[('Toshika 750', 1), ('Candle Inferno', 1), ('Alcon 10', 2), ('iAssist Line', 1)]",24875.0,81.26,-37.8029991,144.9495479,15,21225.01,Autumn,True,1.0987,"a good product the phone is beautiful, quality for the money. highly recommended.",1.0
ORD430543,ID0282825864,2019-04-28,Thompson,"[('Toshika 750', 2), ('pearTV', 2), ('Universe Note', 2)]",28160.0,65.47,-37.8044416,144.9508031,0,28225.47,Autumn,False,0.9734,"performance in jpan so far, it works good in japan with japanese language.",1.0
ORD264484,ID0128982338,2019-01-16,Nickolson,"[('iAssist Line', 1), ('iStream', 2), ('Universe Note', 2), ('pearTV', 2)]",22045.0,70.85,-37.8173354,144.9622079,5,21013.6,Summer,False,0.6608,there is a water mark on the screen the screen sss perfect and the battery life is not that good,1.0
ORD424959,ID0282854569,2019-07-11,Bakers,"[('Universe Note', 1), ('Olivia x460', 2), ('iAssist Line', 1)]",8125.0,,-37.7990172,145.0123398,0,8208.14,Winter,True,1.9385,nice phone nice,1.0
ORD044120,ID0030385487,2019-11-12,Bakers,"[('pearTV', 2), ('Thunder line', 2), ('Alcon 10', 2)]",34880.0,73.94,-37.81549,144.99645230000004,0,34953.94,Spring,False,0.6209,nice phone good phone for the money,1.0
ORD471126,ID0650288507,2019-05-01,Bakers,"[('iStream', 1), ('pearTV', 2), ('Toshika 750', 2)]",21410.0,51.45,-37.8106148,144.9830645,15,18249.95,Autumn,False,1.0723,"i don't recommend it. the phone is just ok. it has a week a antenna, i hardly every get one bar from my house. the back cover is cheap. you need to re-start the phone everyday to resolve weird issues. i don't recommend it.",0.0
ORD402915,ID2371477800,2019-06-03,Bakers,"[('Lucent 330S', 1), ('Olivia x460', 1), ('Toshika 750', 1)]",6775.0,67.32,-37.8016819,144.98138640000005,5,6503.57,Winter,True,1.5295,"im very disappointed. please check equipment before you sell it i bought this phone, when i opened package i found a new phone sticker on screen. when i peeled sticker off the screen was badly cracked and at phones screen would not turn on. im very disappointed. please check equipment before you sell it. it's good business ethics.",0.0
ORD260354,ID0021578117,2019-09-10,Thompson,"[('Candle Inferno', 2), ('iAssist Line', 1)]",3085.0,,-37.8116151,144.94564430000003,0,3139.01,Spring,False,0.172,"phone description not adequate very disappointed that the phone description did not mention that the sim card did not come with the phone. if that was indicated i would've purchase the phone, and the price should reflect no sim card.",0.0
ORD366492,ID1713471333,2019-05-25,Thompson,"[('Alcon 10', 2), ('pearTV', 2), ('Toshika 750', 1), ('Lucent 330S', 2)]",37300.0,73.26,-37.7985094,144.9200724,25,28048.26,Autumn,True,2.8502,"a step backwards i'm not sure why one would go from the 21mp camera with the lucent pure x to this 13mp, limited offering. cmon lucent.. also, the dual sim still no go.. this phone, for more money, is a downgrade from the lucent pure x.",
ORD285407,ID0589443497,2019-03-05,Nickolson,"[('Thunder line', 2), ('Candle Inferno', 2)]",5220.0,81.64,-37.8097825,144.9729276,10,4779.64,Autumn,True,1.0249,great phone love my note 10 plus great phone,1.0
ORD141565,ID0248969195,2019-09-23,Bakers,"[('pearTV', 1), ('Thunder line', 2)]",10670.0,71.21,-37.8096032,144.99127130000005,0,10741.21,Spring,False,0.3511,very nice good price,1.0
ORD386638,ID0608962184,2019-05-17,Bakers,"[('Universe Note', 1), ('pearTV', 2), ('Alcon 10', 1), ('iStream', 1)]",25170.0,,-37.8028165,145.0094388,5,23993.99,Autumn,True,1.4832,easy to hook up.  wish i knew all its capabilities,1.0
ORD273533,ID2158807351,2019-07-26,Bakers,"[('Universe Note', 1), ('iAssist Line', 1), ('Toshika 750', 2)]",14315.0,64.66,-37.7980831,144.9875429,25,10800.91,Winter,True,1.4886,the only reason i chose 1 star is because of size. the length is disproportionate to the width. awkward when holding it.,0.0
ORD492515,ID0711369897,2019-12-26,Thompson,"[('Alcon 10', 1), ('Olivia x460', 2), ('pearTV', 2), ('Universe Note', 1)]",27470.0,76.99,-37.8064734,144.95921330000004,5,26173.49,Summer,False,1.2716,five stars i love this phone...,1.0
ORD339407,ID0579391883,2019-07-02,Thompson,"[('iStream', 2), ('Alcon 10', 1)]",9250.0,67.36,-37.821883,144.9555575,10,8392.36,Winter,False,1.2682,"my husband is a truck driver and being on the road away from home, he likes to have shows and movies to watch. this has so much space for him to download things to watch.",1.0
ORD475512,ID2249570230,2019-10-23,Bakers,"[('Alcon 10', 1), ('Olivia x460', 1)]",10175.0,,-37.8264328,144.99780780000003,0,10285.11,Spring,True,1.8437,awesome very good,1.0
ORD196650,ID0245807241,2019-08-08,Thompson,"[('Alcon 10', 1), ('pearTV', 1), ('Olivia x460', 2)]",17710.0,82.61,-37.79936470000001,144.95882769999997,10,16021.61,Winter,True,1.8067,i have nothing but good things to say. i have had no problems with the tablet and it keeps a great charge. got it for a great price!,1.0
ORD346543,ID0588197234,2019-06-05,Nickolson,"[('iStream', 1), ('Olivia x460', 2), ('Alcon 10', 2)]",20500.0,50.89,-37.8121007,144.9739438,25,15425.89,Winter,False,0.8197,mi paquete no a yegado no e recibido el paquete. mi telefono dise que llego a la direccion pero no lo e recibido yo.,0.0
ORD109326,ID0529205664,2019-11-12,Thompson,"[('Alcon 10', 2), ('Toshika 750', 2), ('Olivia x460', 1), ('Lucent 330S', 2)]",30225.0,94.37,-37.8243004,144.93697680000002,10,27296.87,Spring,True,1.5693,turns on and off phone is not working,0.0
ORD353077,ID0710001161,2019-09-10,Thompson,"[('Olivia x460', 1), ('iStream', 2), ('Universe Note', 1), ('Alcon 10', 1)]",13925.0,102.33,-37.8137364,144.936811,5,13331.08,Spring,True,0.9098,four stars this item excellent not like new.thanks,1.0
ORD080805,ID6167441003,2019-03-16,Thompson,"[('iAssist Line', 2), ('Toshika 750', 1), ('Olivia x460', 1)]",9995.0,51.19,-37.8092064,144.96069350000005,0,10046.19,Autumn,False,1.2588,"very disappointed when we tried to activate the phone out carrier, , verizon said the phone was not theirs even though it had the logo on the phone. could not activate it after try several cards.the phone was returned.,.,,,very disappointed!!!!!!",0.0
ORD073459,ID0767584572,2019-10-20,,"[('Olivia x460', 1), ('iAssist Line', 1), ('Alcon 10', 2)]",21350.0,78.49,-37.8075566,144.9707945,0,21428.49,Spring,False,,"excellent, well worth the price, albeit it was a great price. i love my phone. highly recommended. no problems, no counterfeit, nothing bad to say. i am thrilled with my phone---which i have for almost two years now---and it had a bunch of accessories. i would buy from these people again.",1.0
ORD317011,ID1463620812,2019-08-30,Bakers,"[('Alcon 10', 2), ('iAssist Line', 2), ('pearTV', 1), ('Thunder line', 2)]",,68.07,-37.8167964,145.00726830000005,0,,Winter,False,1.3013,nice nice and perfect phone,1.0
ORD101378,ID0343337619,2019-03-11,Nickolson,"[('Thunder line', 1), ('pearTV', 2), ('Candle Inferno', 2), ('Lucent 330S', 1)]",16890.0,69.15,-37.8000788,144.9671174,15,14425.65,Autumn,False,2.0723,nice simple phone very good phone to have as a standby unit. has very looooonnngggg battery life. charge and forget it for a week :),1.0
ORD231863,ID0758631468,2019-09-02,,"[('pearTV', 1), ('Olivia x460', 2), ('iStream', 2), ('Toshika 750', 2)]",17700.0,76.79,-37.8195048,144.9424987,25,13351.79,Spring,False,,"works perfectly fine! great purchase! it even came with screen protector on phone, which i thought was weird but ten phone was in box and brand new!",1.0
ORD437196,ID1492175321,2019-10-25,Thompson,"[('Candle Inferno', 1), ('Alcon 10', 2), ('iAssist Line', 2), ('pearTV', 2)]",35400.0,84.37,-37.802723,144.9636447,25,26634.37,Spring,False,1.8309,my kids love it. battery life is longer than others.,1.0
ORD450668,ID0277368256,2019-09-11,Bakers,"[('Alcon 10', 2), ('iAssist Line', 2), ('Thunder line', 2)]",26710.0,,-37.8064631,145.0103346,10,24105.58,Spring,False,1.3852,two stars the batter that came will not keep a charge!,0.0
ORD307437,ID1224854723,2019-05-15,Thompson,"[('pearTV', 1), ('iStream', 1), ('Lucent 330S', 1), ('iAssist Line', 1)]",9915.0,65.58,-37.8134779,144.9399069,25,7501.83,Autumn,False,0.6362,cool pretty dope still too much cash to drop on a phone without a removable battery.,
ORD354281,ID2442297430,2019-02-27,Thompson,"[('Lucent 330S', 1), ('pearTV', 1)]",7540.0,91.47,-37.81774650000001,144.95182649999995,25,5746.47,Summer,True,0.7028,"fantastic phone, great quality for refurbished. great screen, very surprised by the top quality refurbished product (5 tiny dimples on bottom right corner. had to look close to see). worked fast, very good battery life. only reason for return was lack of sd card slot.",1.0
ORD065552,ID2277912680,2019-09-10,Thompson,"[('Universe Note', 1), ('Toshika 750', 2), ('pearTV', 1)]",18400.0,103.19,-37.8225599,144.9380572,10,16663.19,Spring,True,1.3562,perfect olivia is always the best,1.0
ORD138379,ID0591435935,2019-07-25,Nickolson,"[('Universe Note', 2), ('Olivia x460', 1)]",8125.0,47.63,-37.8190736,144.965235,5,7766.38,Winter,False,0.3832,this is not good. bought it charging issues and screen has this is not good. bought it charging issues and screen has. scratches,0.0
ORD300039,ID6195295690,2019-08-04,,"[('Lucent 330S', 1), ('Thunder line', 1), ('Candle Inferno', 1)]",3840.0,72.44,-37.8245778,145.01118490000005,15,3336.44,Winter,False,2.1454,my olivia ativ se my daily work-horse of a communication device. the silver color shines as if it was made of metal. the battery does drain rather quickly. but i like the performance and the light weight design.,1.0
ORD245647,ID0277118795,2019-03-03,Thompson,"[('Lucent 330S', 2), ('iAssist Line', 2)]",6910.0,,-37.8253385,144.9460998,5,6633.75,Autumn,False,1.4124,"five stars a nice little phone, when all you need is a phone.",1.0
ORD113686,ID0598399386,2019-07-20,Nickolson,"[('pearTV', 2), ('Alcon 10', 1), ('Candle Inferno', 1)]",22000.0,76.93,-37.814074100000006,144.96542019999995,25,16576.93,Winter,True,0.6207,five stars better at multitasking than the snapdragon counterpart,1.0
ORD326602,ID3115867872,2019-09-14,Nickolson,"[('Candle Inferno', 2), ('iAssist Line', 2)]",5310.0,,-37.8138653,144.9618774,15,4590.64,Spring,False,0.8559,works in south africa i was worried this wouldnt work with south african sim cards but it seems everything works fine. good phone. best balance out of the xperia 2 series,1.0
ORD036628,ID6167191712,2019-06-14,Thompson,"[('iStream', 1), ('pearTV', 2)]",12770.0,64.78,-37.8188407,144.9553643,25,9642.28,Winter,True,1.0017,bad phone was missing inside the box,0.0
ORD070339,ID0664378490,2019-03-09,Nickolson,"[('Lucent 330S', 2), ('pearTV', 2), ('Toshika 750', 1)]",19400.0,48.21,-37.8204521,144.966533,10,17508.21,Autumn,False,0.3364,not unlocked? it is locked on verizon i have lycamobile phone how can i use with my sim card?,0.0
ORD167171,ID4633770164,2019-11-10,Thompson,"[('Toshika 750', 1), ('Olivia x460', 2), ('Lucent 330S', 2), ('Thunder line', 1)]",11410.0,74.13,-37.8070811,144.94490009999996,15,9772.63,Spring,False,0.6511,"good value.. bought this for a gift, works well. condition is like new",1.0
ORD346097,ID2948774567,2019-12-01,Nickolson,"[('iStream', 1), ('Olivia x460', 2)]",2600.0,95.19,-37.8083448,144.9715553,15,2305.19,Summer,True,1.1546,"seems a black phone comes with white cords, and ... seems a black phone comes with white cords, and i was told i could chose my number which after signing up i wasn't the programs have issues, to from text scrambled, weather won't up date for days sometimes...",1.0
ORD080226,ID3293340269,2019-09-14,Nickolson,"[('iStream', 1), ('Olivia x460', 2), ('Alcon 10', 2)]",20500.0,81.84,-37.8252749,144.9817565,0,20581.84,Spring,False,1.3057,buy one been great so far.,1.0
ORD066423,ID1463620798,2019-06-20,Bakers,"[('Alcon 10', 2), ('iAssist Line', 2)]",22350.0,,-37.8164586,145.0041641,10,20194.76,Winter,True,1.0651,olivia universe s7 edge g935a 32gb at&t - gold platinum great phone!,1.0
ORD096462,ID5957906945,2019-12-12,Nickolson,"[('Universe Note', 1), ('iAssist Line', 2), ('pearTV', 2), ('Toshika 750', 1)]",24840.0,104.83,-37.8000473,144.97451750000005,5,23702.83,Summer,True,2.1104,fun to interact with,1.0
ORD298816,ID4283908898,2019-07-05,Nickolson,"[('Lucent 330S', 2), ('Olivia x460', 2)]",4910.0,64.01,-37.8130163,144.97396650000005,25,3746.51,Winter,False,0.7324,five stars great phone and in great shape.,
ORD419275,ID5002592911,2019-03-19,Thompson,"[('Toshika 750', 1), ('Candle Inferno', 2), ('pearTV', 2), ('Universe Note', 1)]",,77.34,-37.8120246,144.95182680000005,5,,Autumn,True,0.4246,"amazing phone my best phone so far. great camera, excellent speed, very well built, amazing graphics and not bad battery.",1.0
ORD329602,ID0591321042,2019-02-14,Nickolson,"[('Universe Note', 2), ('iStream', 2), ('Alcon 10', 2), ('Thunder line', 2)]",29460.0,98.43,-37.825403,144.9569625,0,29558.43,Summer,True,1.3415,olivia s10 working great as displayed and as shown olivia s10 working great as displayed and as shown.,1.0
ORD114079,ID0145261554,2019-11-09,Nickolson,"[('Candle Inferno', 1), ('pearTV', 2)]",13050.0,102.37,-37.8151119,144.9612114,10,11847.37,Spring,True,0.8296,four stars except olivia pay everything is good,1.0
ORD162325,ID0597547969,2019-08-06,Nickolson,"[('iStream', 2), ('Thunder line', 1), ('Candle Inferno', 2), ('Alcon 10', 1)]",12290.0,60.17,-37.8152168,144.96590669999995,15,10506.67,Winter,True,0.4941,"time for a new phone att data dont work on verizon lite, phone service only works with wifi.",0.0
ORD030688,ID1132070463,2019-11-28,Thompson,"[('Olivia x460', 1), ('Alcon 10', 1)]",10175.0,73.05,-37.8111682,144.94028740000005,15,8721.8,Spring,False,0.6195,"as advertised great price, quality phone. no problems.",1.0
ORD115017,ID1982447711,2019-09-24,Bakers,"[('Olivia x460', 1), ('Universe Note', 2), ('iStream', 2), ('Lucent 330S', 1)]",9655.0,104.09,-37.8160111,145.0057554,0,9759.09,Spring,True,1.1423,"five stars great phone, good graphics, allows for a lot of storage, no problems with this phone at all. very happy!",1.0
ORD056572,ID4655129033,2019-09-04,Thompson,"[('pearTV', 1), ('Toshika 750', 1), ('Lucent 330S', 2)]",13090.0,,-37.8088244,144.9488235,10,11854.34,Spring,False,0.4554,five stars better than expected!,1.0
ORD256078,ID4307285743,2019-05-01,Bakers,"[('Olivia x460', 1), ('iStream', 1), ('Alcon 10', 2), ('Lucent 330S', 2)]",21735.0,68.11,-37.8159483,145.00945369999997,0,21803.11,Autumn,False,1.4154,"five stars nice phone, great price. big screen with a high resolution. arrived quickly, as described...",
ORD465438,ID0107156453,2019-11-24,Nickolson,"[('Candle Inferno', 1), ('Alcon 10', 1), ('Toshika 750', 2), ('Olivia x460', 1)]",19245.0,107.8,-37.8276311,144.9834757,10,17428.3,Spring,True,1.5846,😐 i love it .,
ORD364054,ID1404216319,2019-08-16,,"[('Universe Note', 2), ('Toshika 750', 1), ('Candle Inferno', 2), ('Alcon 10', 1)]",21030.0,62.05,-37.80113789999999,144.9886054,10,18989.05,Winter,True,,"case too fragile i had this case for about 3 weeks. then somehow the plastic, gold piece, on the back, broke. when i got it, i automatically knew that the part may be fragile. i just never expected it to be that fragile. i love caseology, but i just seriously want to get my money back and purchase a more durable case.",0.0
ORD428255,ID2237633848,2019-08-24,Bakers,"[('Candle Inferno', 1), ('Olivia x460', 2), ('pearTV', 2), ('Lucent 330S', 2)]",17960.0,65.82,-37.80898670000001,144.985233,5,17127.82,Winter,False,0.8865,baragain nice light weight inexpensive smart phone,1.0
ORD485115,ID6167236682,2019-06-18,Nickolson,"[('Alcon 10', 1), ('Toshika 750', 1), ('pearTV', 1), ('Olivia x460', 2)]",22030.0,65.21,-37.8109284,144.9673354,0,22095.21,Winter,False,0.8754,great tablet to replace candle. love the features.,1.0
ORD315514,ID0579999151,2019-10-15,Thompson,"[('Candle Inferno', 2), ('iStream', 2), ('Alcon 10', 2), ('Lucent 330S', 2)]",21520.0,,-37.8051508,144.9280879,15,18401.87,Spring,True,1.8676,great phone gps lags a lot other than that as good as any other phone but better because of screen size. update: 7 months and charges slow or not at all. but i got another new one. this and gps lag only issues. just got be smart with directions and not bed usb.,1.0
ORD325959,ID4520380446,2019-02-20,Nickolson,"[('iAssist Line', 1), ('Toshika 750', 1), ('iStream', 1), ('Lucent 330S', 2)]",9155.0,95.32,-37.82333010000001,144.9608031,5,8792.57,Summer,True,0.9325,"good deal working great, no problem with this phone.",1.0
ORD386382,ID6280295068,2019-03-31,Bakers,"[('pearTV', 1), ('Olivia x460', 1), ('Thunder line', 2)]",11895.0,67.97,-37.8231907,144.98883500000005,10,10773.47,Autumn,True,1.5728,ps4 controller support broken yo olivia i bought this new phone to get my game up and it cant even do what my 4 year old phone can. you gonna fix this ps4 controller issue? we all reporting the same thing and took the basic troubleshooting steps. what's wrong with you. might have to refund this one.,0.0
ORD006357,ID0282825893,2019-11-21,Thompson,"[('Universe Note', 2), ('iStream', 1), ('Alcon 10', 1), ('pearTV', 1)]",22310.0,105.22,-37.8036161,144.9541139,15,19068.72,Spring,True,1.1834,nice happy with the purchase the phone does as it should. wouldnt hesitate to purchase the phone again. thanks olivia your the best,1.0
ORD146831,ID6133672106,2019-09-18,Bakers,"[('iAssist Line', 2), ('Lucent 330S', 1)]",5680.0,78.68,-37.80548510000001,145.00446019999995,25,4338.68,Spring,False,0.9544,"great rablet, clear screen and small design. great for watching movies.",1.0
ORD016677,ID0319157116,2019-02-14,Nickolson,"[('Toshika 750', 2), ('Universe Note', 1), ('Lucent 330S', 1), ('Candle Inferno', 2)]",14180.0,78.53,-37.8074393,144.9670156,15,12131.53,Summer,False,1.2617,"three stars this phone has had its issues with gps connection being spotty. other than that, it functions well",1.0
ORD412394,ID2412954936,2019-01-17,Nickolson,"[('iStream', 2), ('Universe Note', 1)]",3750.0,,-37.81755020000001,144.96722509999995,25,2879.77,Summer,False,0.2353,i really love it i love the edge of this and very smooth when i touch it the best phone i ever had.,1.0
ORD165992,ID6215568585,2019-11-08,Nickolson,"[('iAssist Line', 1), ('Alcon 10', 1)]",11175.0,78.25,-37.82177539999999,144.9779363,5,10694.5,Spring,False,0.8179,"bought for parents, great value! great phone for the money, can pretty much handle most anything and has a decent amount of internal storage.",1.0
ORD043777,ID0233262488,2019-03-11,Bakers,"[('Olivia x460', 2), ('Universe Note', 1), ('Candle Inferno', 1)]",6330.0,54.13,-37.80307970000001,144.97997990000005,0,6384.13,Autumn,False,1.5467,one star first one didn't work sent it back .but i was without a phone for 2 to 3 weeks,0.0
ORD442638,ID0331163565,2019-01-04,Nickolson,"[('Candle Inferno', 2), ('pearTV', 1)]",7170.0,85.08,-37.7999599,144.968097,25,5462.58,Summer,False,2.0783,pleased with order it was exactly what i expected & wanted. thanks,1.0
ORD334537,ID0227770487,2019-05-25,Bakers,"[('Olivia x460', 1), ('Alcon 10', 2), ('Toshika 750', 2)]",27765.0,52.99,-37.8014407,144.98510480000004,25,20876.74,Autumn,False,1.304,i dont know why it gets totally blurrex and then gose back to clesr blurred phone works sometimes blurred getting more often,0.0
ORD137048,ID6167289319,2019-07-10,Nickolson,"[('Universe Note', 2), ('Thunder line', 1), ('iAssist Line', 2), ('iStream', 2)]",13830.0,66.43,-37.8082347,144.9686435,15,11821.93,Winter,False,1.156,great phone! awesome performance!,1.0
ORD062403,ID0248746938,2019-03-05,Bakers,"[('Alcon 10', 2), ('Lucent 330S', 2), ('Thunder line', 2), ('iStream', 1)]",24870.0,67.02,-37.8224899,144.99328730000005,15,21206.52,Autumn,False,1.4012,five stars this phone is great. recommend to anyone looking for a stylish 2015 phone.,1.0
ORD229714,ID1725216680,2019-01-20,Thompson,"[('Universe Note', 1), ('iStream', 2), ('Lucent 330S', 1)]",4980.0,78.63,-37.8042876,144.9602094,25,3813.63,Summer,False,1.4856,"good value bigger screen that i thought, like the alcon plus's. overall, good value. works with cricket mobile and at&t",1.0
ORD079238,ID0711331419,2019-04-09,Thompson,"[('Universe Note', 2), ('pearTV', 2), ('Lucent 330S', 2), ('Candle Inferno', 2)]",22840.0,81.45,-37.8072193,144.9564573,0,22921.45,Autumn,True,1.0249,great phone zero complaints,1.0
ORD234891,ID2279153648,2019-03-26,,"[('pearTV', 2), ('Alcon 10', 1), ('Olivia x460', 1), ('Lucent 330S', 2)]",25255.0,49.0,-37.8121677,144.974434,10,22778.5,Autumn,False,,this product is no different than the inferno stick in my opinion it does have more memory and an option where you can add an sd card to it but other than that it is the same as a infernostick no reason to pay twice the money for this box,0.0
ORD237592,ID3945799035,2019-07-31,Thompson,"[('pearTV', 2), ('Lucent 330S', 1)]",13850.0,77.97,-37.8191133,144.9542525,10,12542.97,Winter,True,0.9555,awesome wasn't expecting it to be as good as it is...great backup phone,
ORD394364,ID0777836012,2019-08-16,,"[('Olivia x460', 2), ('iStream', 1)]",2600.0,68.44,-37.802672,144.9576366,25,2018.44,Winter,False,,i like the phone but the camera sucks i like the phone but the camera sucks. i want a phone with a nice camera. i might be returning this phone unless someone can figure out why my pictures come out so hazy.,1.0
ORD463274,ID0298045616,2019-12-28,Nickolson,"[('Thunder line', 2), ('pearTV', 1)]",10670.0,88.4,-37.822412,144.9676185,5,10224.9,Summer,True,0.4576,great product my husband loves his tablet!!! so far no complaints. best purchase ever.,1.0
ORD098476,ID2776396935,2019-01-24,Nickolson,"[('Thunder line', 2), ('Lucent 330S', 2), ('Alcon 10', 2), ('Universe Note', 2)]",31620.0,,-37.8129664,144.9634303,15,26953.98,Summer,True,0.826,battery health is horrible poor battery health and touch glitches at times,0.0
ORD170570,ID6167417905,2019-12-16,Thompson,"[('Toshika 750', 1), ('Thunder line', 1), ('Alcon 10', 1)]",15450.0,73.49,-37.8169878,144.95320269999996,10,13978.49,Summer,False,0.7222,"... have this phone for 2 months and im absolutely love it. 6' beautiful large phone i have this phone for 2 months and im absolutely love it. 6' beautiful large phone. i don't play games on my phone, dont watch video. calls, facebook, txt, internet average data use. charging every 3 days...!!!!",1.0
ORD118916,ID4716795739,2019-05-28,,"[('pearTV', 2), ('Lucent 330S', 2), ('Toshika 750', 2)]",23720.0,64.82,-37.81884760000001,144.95338830000003,5,22598.82,Autumn,False,,had this as a second phone. this is a nice second phone. its pretty fast as far as apps are concerned. the phone works fine with t-mobile. i had no problems for about 1.5 years of use.,1.0
ORD189779,ID0777778530,2019-08-24,Thompson,"[('Thunder line', 1), ('Olivia x460', 2)]",4630.0,52.69,-37.8051003,144.9493905,15,3988.19,Winter,False,0.8674,not unlocked us phone this phone was supposed to be a us unlocked phone but when i got it it had verizon wireless specific service and when i wanted to switch it to another service it was not compatible.,0.0
ORD069276,ID2133731374,2019-12-21,Thompson,"[('pearTV', 1), ('iAssist Line', 2), ('Olivia x460', 1)]",11985.0,67.34,-37.8145736,144.946566,10,10853.84,Summer,False,0.2161,"happy to have a decent phone and not have to give up a kidney for it. refurbished, screen pretty scratched up, battery seems like it needs to be replaced, but otherwise a good phone.",1.0
ORD289594,ID0233555460,2019-02-16,Bakers,"[('Olivia x460', 2), ('Universe Note', 2)]",9350.0,,-37.8075471,144.97918719999996,5,8982.03,Summer,True,1.4372,love this! so many options!,1.0
ORD136173,ID1404234339,2019-02-23,Bakers,"[('Olivia x460', 2), ('Thunder line', 2), ('Candle Inferno', 1)]",7240.0,,-37.8108985,144.9966202,5,6945.39,Summer,False,0.1581,best there is this is as good as it gets...believe me,1.0
ORD489833,ID6202471425,2019-05-24,Nickolson,"[('iStream', 1), ('Universe Note', 2), ('Alcon 10', 2)]",24950.0,65.12,-37.8233446,144.98147790000004,15,21272.62,Autumn,False,1.1745,it was an awesome phone!! i loved this phone!!,1.0
ORD312208,ID6167357868,2019-06-25,Nickolson,"[('Olivia x460', 2), ('Lucent 330S', 2), ('Toshika 750', 1), ('pearTV', 2)]",21850.0,63.72,-37.8134528,144.9738281,5,20821.22,Winter,False,0.6849,love it love it,1.0
ORD468038,ID0207076105,2019-05-28,Nickolson,"[('iAssist Line', 1), ('iStream', 1), ('Lucent 330S', 2), ('Toshika 750', 2)]",13475.0,86.5,-37.833333,144.99146509999997,5,12887.75,Autumn,True,2.5307,"awesome phone this is my first non-alcon and i really really like it, it's fast the photos are really good i can't say they're better than my alcon 8 but i'm still in the beginning stages of using it. for my first android phone it's awesome and i'm really happy with my purchase",1.0
ORD219101,ID0207093464,2019-12-11,Bakers,"[('Universe Note', 2), ('Toshika 750', 2), ('Lucent 330S', 2), ('Olivia x460', 1)]",19225.0,91.42,-37.8070205,145.0001939,25,14510.17,Summer,True,0.5479,five stars pretty good,1.0
ORD012534,ID1449431621,2019-05-28,Nickolson,"[('Alcon 10', 2), ('Thunder line', 1), ('Lucent 330S', 2)]",22540.0,64.41,-37.8135784,144.97404980000005,25,16969.41,Autumn,False,0.6844,"five stars speedly delivery, product was as described. thanks!",1.0
ORD147955,ID0411688750,2019-10-04,Nickolson,"[('iAssist Line', 1), ('Lucent 330S', 2), ('pearTV', 2)]",17305.0,96.48,-37.8213234,144.97100590000005,10,15670.98,Spring,True,0.3296,"never owned a tablet before, but am loving it so far.",1.0
ORD015966,ID5563404262,2019-11-19,Bakers,"[('Olivia x460', 2), ('Toshika 750', 2)]",,82.01,-37.8176414,145.0107606,15,,Spring,False,1.6091,awesome phone phone was just as they said. it was refurbished and looks bran new not even a scratch on the phone and works with page plus..this phone is awesome and for the price you can't beat it. .. i would buy from them again..,1.0
ORD083481,ID2180785594,2019-12-17,Nickolson,"[('Olivia x460', 2), ('pearTV', 2), ('iAssist Line', 2), ('Lucent 330S', 2)]",21980.0,75.11,-37.8145127,144.9700347,15,18758.11,Summer,True,0.4564,very much disappointed with the product plz hep me out the touch screen is not working from the day one .i got my phone today and its not working.very much disappointed with the product plz hep me out.,0.0
ORD446378,ID0846546859,2019-12-03,Nickolson,"[('Lucent 330S', 2), ('Olivia x460', 2)]",4910.0,71.83,-37.8200547,144.9686517,0,4981.83,Summer,True,0.1807,especifiquen de que compañía son los teléfonos para evitar contra tiempos no especificaron q el teléfono era de at&t y esta porquería no trabaja con t-mobil,0.0
ORD455965,ID2190483598,2019-08-06,Thompson,"[('Lucent 330S', 2), ('Toshika 750', 1)]",6780.0,68.08,-37.80713220000001,144.9598125,25,5153.08,Winter,False,1.2793,"three stars honestly i don't know what makes this phone worth $700, it's just another smartphone",
ORD019633,ID5290713856,2019-01-15,Bakers,"[('Toshika 750', 1), ('Thunder line', 2), ('pearTV', 1)]",14990.0,72.86,-37.8093501,144.98651,0,15062.86,Summer,False,0.7704,solid phone that is easy to use solid phone with a solid design. easy to set up and use.,1.0
ORD337457,ID0452381035,2019-05-13,Thompson,"[('Universe Note', 2), ('Candle Inferno', 2), ('Lucent 330S', 1), ('Thunder line', 2)]",13350.0,80.97,-37.8249498,144.9490132,15,11428.47,Autumn,True,1.3772,the best part about owning this is that my mother who is anti-technology uses this with ease everyday and finds new reasons to use it as well. well done.,1.0
ORD411786,ID3293340292,2019-12-04,Nickolson,"[('Candle Inferno', 1), ('Olivia x460', 1)]",1655.0,99.97,-37.82499050000001,144.98204730000003,0,1754.97,Summer,True,1.3093,weird phone liked the phone but couldn't make it work with a new sim card,1.0
ORD166040,ID3132496570,2019-08-15,Nickolson,"[('Thunder line', 1), ('pearTV', 2), ('Alcon 10', 1)]",23750.0,60.35,-37.8149879,144.96428459999996,10,21435.35,Winter,True,0.6129,not satisfaction report. it gets very hot and the vibration of the speakers are in the back.,0.0
ORD413701,ID0560987190,2019-06-18,Thompson,"[('pearTV', 2), ('Candle Inferno', 2), ('Toshika 750', 2)]",22120.0,78.46,-37.82141970000001,144.9454782,5,21092.46,Winter,True,0.9836,"great phone for the money great phone for the money. at the time it was the best phone for the money. battery life is still great, that’s the best feature imo.",1.0
ORD194651,ID0030240836,2019-04-09,Thompson,"[('iAssist Line', 2), ('Candle Inferno', 2), ('Toshika 750', 1)]",9630.0,67.76,-37.80130820000001,144.9575454,15,8253.26,Autumn,False,1.5651,great all around tablet. color and resolution is very nice. best price for a nice product.,1.0
ORD290657,ID6167344486,2019-06-17,Nickolson,"[('Candle Inferno', 1), ('pearTV', 2)]",13050.0,79.85,-37.808916,144.96615659999995,5,12477.35,Winter,True,1.118,"my kids can play, read, watch movies and much more love it!!!",1.0
ORD136585,ID2174966079,2019-11-21,Thompson,"[('Toshika 750', 1), ('Olivia x460', 2), ('Lucent 330S', 2), ('iAssist Line', 1)]",11455.0,74.51,-37.8169769,144.9532426,10,10384.01,Spring,False,0.7241,the phone meet my expectations. late but it’s fine and work fine.,1.0
ORD436190,ID1463620855,2019-11-04,,"[('Toshika 750', 2), ('pearTV', 1), ('iStream', 2)]",15250.0,79.68,-37.8190269,145.00381869999995,10,13804.68,Spring,False,1.2573,purchased this with a store credit and like it a lot. compares well with more expensive tablets..recommended,1.0
ORD325657,ID0372998848,2019-06-05,Bakers,"[('Alcon 10', 1), ('iStream', 2)]",9250.0,,-37.80922460000001,144.9876645,15,7938.02,Winter,True,0.6711,"love the price, but nice phone but it will not work for wifi calling on at&t and that is a deal breaker for me, so i sent it back.",1.0
ORD168996,ID1492416106,2019-07-10,Thompson,"[('iAssist Line', 1), ('Alcon 10', 1), ('Candle Inferno', 1)]",11605.0,83.27,-37.8018895,144.9572637,10,10527.77,Winter,True,1.4983,help help my product doesn't work,1.0
ORD335288,ID0581700917,2019-11-08,Thompson,"[('pearTV', 2), ('Universe Note', 2), ('iStream', 1)]",19670.0,92.31,-37.8035614,144.9181009,25,14844.81,Spring,False,2.7422,"hidden gem excellent phone, great price.",1.0
ORD122368,ID6102701828,2019-12-23,,"[('Toshika 750', 2), ('Lucent 330S', 2), ('pearTV', 2)]",23720.0,107.14,-37.8240917,144.92592009999996,15,20269.14,Summer,True,2.2526,the phone is great but i ordered it unlocked and it came locked the phone is great but i ordered it unlocked and it came locked. thanks to tony at digico he sought out this the problem for me so i am a very happy customer. thanks again tony you were a great help.,1.0
ORD309167,ID2658548174,2019-01-22,Thompson,"[('Lucent 330S', 1), ('Alcon 10', 1), ('pearTV', 1)]",16490.0,100.44,-37.8032798,144.96290919999996,10,14941.44,Summer,True,1.7419,four stars too good to be true and bang on time ... highly recommended !!!!,1.0
ORD110373,ID0634784125,2019-09-17,Thompson,"[('pearTV', 1), ('Lucent 330S', 1), ('Thunder line', 1), ('Candle Inferno', 2)]",10580.0,88.86,-37.8138662,144.93714780000005,5,10139.86,Spring,True,0.8825,mala conexion wifi desde que encendí el teléfono tuve problemas con la conexión wifi! después de unos días simplemente se desconectaba de la red y aunque lo reiniciará o hiciera el establecimiento de fabrica el teléfono no conectaba a ninguna red wifi,0.0
ORD447266,ID3146808085,2019-02-16,Bakers,"[('Alcon 10', 2), ('Toshika 750', 1), ('Thunder line', 1)]",24400.0,75.36,-37.8122898,144.9903617,25,18375.36,Summer,True,0.4986,"not what i ordered, malfunctions as well i ordered an unlocked alcon 6s in rose gold, i received an alcon 6s in silver as well as not unlocked so cannot be used. shipping was fast, but that doesn't matter when you receive the wrong product that has possible technical issues.",0.0
ORD176727,ID2189143649,2019-12-19,Thompson,"[('Universe Note', 2), ('Toshika 750', 1), ('Alcon 10', 2), ('Lucent 330S', 1)]",30350.0,91.95,-37.8096789,144.95536769999995,15,25889.45,Summer,True,0.8023,genuine s9 g960f/ds genuine dual sim model (second sim can be used only instead of memory/sd card). the version is from united arab emirates... everything else: olivia s9...,
ORD089334,ID3146808083,2019-12-15,Bakers,"[('iStream', 1), ('Alcon 10', 1)]",9100.0,89.52,-37.8122743,144.9890736,10,8279.52,Summer,True,0.598,love it! screen is big rate is low! its a good product!,1.0
ORD072087,ID6167441030,2019-07-17,Thompson,"[('iAssist Line', 1), ('Lucent 330S', 2), ('Universe Note', 2), ('pearTV', 1)]",17895.0,67.56,-37.8093251,144.9609251,15,15278.31,Winter,False,1.2743,refurbished was good for us. we don’t finance anything so when you break your phone beyond repair you’re content to buy a new refurbished one. this one has been just as good as new without the high price tag.,1.0
ORD065267,ID0711778924,2019-06-12,Thompson,"[('Lucent 330S', 1), ('iStream', 2), ('Thunder line', 2), ('Universe Note', 1)]",9340.0,75.1,-37.8150557,144.9451777,25,7080.1,Winter,True,0.313,"good customer service quick at responding and helpful. great experience, thanks again!",1.0
ORD044024,ID0846566062,2019-03-10,Nickolson,"[('Universe Note', 1), ('Alcon 10', 2), ('iAssist Line', 2), ('Toshika 750', 2)]",34440.0,61.82,-37.8237138,144.9678611,5,32779.82,Autumn,True,0.5889,water damaged device wont power on and removed the water ... water damaged device wont power on and removed the water damge maker to hide the fact but forgot to on the battery,0.0
ORD048473,ID1224869059,2019-03-15,Thompson,"[('Olivia x460', 1), ('pearTV', 1), ('Lucent 330S', 2), ('Candle Inferno', 2)]",10855.0,65.32,-37.8136879,144.9407992,10,9834.82,Autumn,False,0.5628,just got my third one. love them,1.0
ORD454621,ID3208518305,2019-05-10,Nickolson,"[('Lucent 330S', 1), ('Toshika 750', 1), ('Alcon 10', 2), ('iStream', 1)]",23600.0,69.32,-37.8065664,144.96673130000005,15,20129.32,Autumn,False,1.3618,five stars excellent device after using it for one month,1.0
