order_id,customer_id,date,nearest_warehouse,shopping_cart,order_price,delivery_charges,customer_lat,customer_long,coupon_discount,order_total,season,is_expedited_delivery,distance_to_nearest_warehouse,latest_customer_review,is_happy_customer
ORD065819,ID2441346319,2019-06-03,Bakers,"[('Lucent 330S', 2), ('Alcon 10', 2), ('Universe Note', 2), ('Candle Inferno', 2)]",28120,68.92,-37.8047445,144.9837319,10,25376.92,Winter,False,1.1682,cadillac phone best phone yet!,True
ORD196071,ID0257506016,2019-02-04,Thompson,"[('pearTV', 2), ('Lucent 330S', 2)]",15080,72.17,-37.7991145,144.9632575,25,11382.17,Summer,False,2.0749,"not compatible with verizon it says it's verizon wireless compatible, but it's not. verizon technical support said they would be unable to activate it. only works with ""alltel"" plans.",False
ORD435472,ID0664379340,2019-03-05,Nickolson,"[('Thunder line', 1), ('pearTV', 2), ('Toshika 750', 2)]",23440,64.03,-37.8205013,144.9656908,5,22332.03,Autumn,False,0.4003,it is s great tool helping with information.,True
ORD023376,ID0746912568,2019-11-11,Nickolson,"[('iAssist Line', 2), ('Toshika 750', 1), ('pearTV', 2)]",21390,91.1,-37.8244373,144.9830501,15,18272.6,Spring,True,1.3535,"is not usable with sprint this phone has no sim card, even though i specifically called and asked about it. it will not work with sprint, cannot be unlocked and in order to work with sprint you will have to buy a new sim card",False
ORD394191,ID0591233417,2019-04-11,Thompson,"[('Olivia x460', 2), ('Universe Note', 2)]",9350,68.18,-37.8245751,144.95283659999996,25,7080.68,Autumn,True,1.4186,"not as good as expected thought this phone would be much faster, but its no faster than my old phone. the picture quality is ok. just disappointed over all. plus the seller sent me the wrong charger, so i had to go out and purchase one. not a satisfied customer!",False
ORD499311,ID6206878685,2019-11-19,Nickolson,"[('Universe Note', 1), ('iAssist Line', 1), ('Candle Inferno', 2)]",6535,53.585,-37.824845,144.9576466,10,5935.085,Spring,True,1.2569,good phone it is very nice phone . i love it,True
ORD165935,ID2189269632,2019-02-01,Nickolson,"[('Alcon 10', 2), ('Lucent 330S', 2)]",20360,71.2,-37.820933,144.9614707,10,18395.2,Summer,False,0.7567,nice phone grandson replaced his alcon. loves this one.,True
ORD270435,ID2469584357,2019-10-05,Bakers,"[('Universe Note', 2), ('Candle Inferno', 1), ('Olivia x460', 2)]",9780,80.07,-37.7999886,144.98885790000003,15,8393.07,Spring,False,1.2471,"great product i have the phone for 3 weeks now, so far so good.. like new both functionality and cosmetics, everything works great, delivered in time, worked in the us on mintmobile",True
ORD490025,ID0711328220,2019-09-05,Thompson,"[('iStream', 1), ('Toshika 750', 1)]",4470,103.17,-37.8079334,144.9578607,5,4349.67,Spring,True,1.0859,five stars love my phone it's very fast and works perfectly camera is very good,True
ORD361134,ID0385165473,2019-08-19,Bakers,"[('iAssist Line', 2), ('Lucent 330S', 1), ('Candle Inferno', 1), ('Toshika 750', 1)]",10430,80.22,-37.8006258,144.98197199999996,10,9467.22,Winter,True,1.5646,"great came in near perfect condition. amazing for the price. battery life is a little used up, but more than enough to get through the day under heavy use (music, apps, videos).",True
ORD198507,ID0130040956,2019-02-14,Thompson,"[('pearTV', 2), ('Candle Inferno', 1)]",13050,85.59,-37.8029953,144.92810690000005,5,12483.09,Summer,False,1.9854,five stars nice phone for little kids,True
ORD172734,ID0634777749,2019-03-30,Thompson,"[('Thunder line', 2), ('pearTV', 2), ('iStream', 1)]",17130,79.53,-37.8148928,144.93754850000005,15,14640.03,Autumn,True,0.8729,good basic phone good little basic phone .. what else do you expect ?,True
ORD258974,ID2189475426,2019-10-02,Nickolson,"[('Olivia x460', 2), ('pearTV', 2)]",15070,76.06,-37.8123039,144.9735149,5,14392.56,Spring,False,0.7823,great phone. gave 4 stars cause box seal was ... great phone. gave 4 stars cause box seal was already broken. seems from other reviews that this happens to these international phones.,True
ORD374562,ID3676171113,2019-03-20,Bakers,"[('iStream', 2), ('Olivia x460', 1)]",1525,85.27,-37.8196201,145.01549530000003,25,1229.02,Autumn,True,2.0792,highly recommended it's perfect,True
ORD035804,ID1449308543,2019-05-29,Bakers,"[('Thunder line', 1), ('iAssist Line', 1), ('Alcon 10', 2)]",22305,65.68,-37.8163669,144.98792869999997,15,19024.93,Autumn,False,0.9568,excellent the phone looks well and works well... i can't ask for a better phone...,True
ORD289191,ID6167489386,2019-10-21,Thompson,"[('iAssist Line', 2), ('pearTV', 1), ('Candle Inferno', 2)]",11620,102.99,-37.8095626,144.9575167,25,8817.99,Spring,True,0.9819,i absolutely love my show!,True
ORD495313,ID4418536056,2019-11-01,Thompson,"[('pearTV', 1), ('Olivia x460', 1), ('iAssist Line', 1)]",9760,83.42,-37.8025047,144.9629879,0,9843.42,Spring,False,1.8004,lucentrola's are awesome older model works like a champ!!,True
ORD413090,ID4716795375,2019-12-04,Thompson,"[('Candle Inferno', 2), ('iAssist Line', 1)]",3085,93.34,-37.818839,144.95310590000003,0,3178.34,Summer,True,0.8677,five stars the best phone in your type!!!,True
ORD206825,ID0247417665,2019-05-20,Nickolson,"[('pearTV', 1), ('Thunder line', 1), ('Toshika 750', 1)]",12810,62.51,-37.8175855,144.96892219999995,15,10951.01,Autumn,True,0.1252,one star already having problems charging,False
ORD109724,ID0639368399,2019-09-19,Thompson,"[('Thunder line', 2), ('Candle Inferno', 1)]",4790,79.55,-37.8208657,144.95518719999995,10,4390.55,Spring,False,1.1582,five stars great product,True
ORD090476,ID1132069602,2019-07-20,Thompson,"[('Toshika 750', 2), ('iAssist Line', 1)]",10865,61.72,-37.8141568,144.9446599,25,8210.47,Winter,False,0.2686,"good phone without all of the bells and whistles if you just want a phone without a lot of extras and battery life is important, this is the phone for you,",True
ORD420755,ID0243097397,2019-09-04,Nickolson,"[('iAssist Line', 1), ('Lucent 330S', 1)]",3455,72.4,-37.8179366,144.966773,0,3527.4,Spring,False,0.255,renewal is great the price was perfect and it works good,True
ORD425805,ID0291965872,2019-02-23,Nickolson,"[('pearTV', 1), ('Toshika 750', 1)]",10630,82.99,-37.8251753,144.9569422,15,9118.49,Summer,True,1.3288,"it's missing 5 lte bands. not good for usa costumers this model m1906g7g does not come with all the lte bands as described by the seller. bands b12, b17, b34, b39, and b41 are missing. also, you will need to reboot your phone if you wanna switch from hspa+, 3.5g/ 4g to real lte. this phone doesn't switch to lte automatically.",False
ORD397932,ID0401416162,2019-10-09,Thompson,"[('Universe Note', 1), ('Lucent 330S', 2), ('Toshika 750', 1), ('Olivia x460', 1)]",11455,102.63,-37.8083623,144.9362725,25,8693.88,Spring,True,1.0639,"bought a second olivia s5.. i couldn't be more glad. great cell phone.. nice looking, worked as soon as it became active.",True
ORD236286,ID0373655653,2019-04-15,Thompson,"[('Alcon 10', 1), ('pearTV', 2)]",21570,41.68,-37.812911,144.9282021,10,19454.68,Autumn,True,1.6594,great wish i could give them 6!!!! positive experience,True
ORD090802,ID4733727852,2019-12-08,Thompson,"[('iStream', 1), ('Lucent 330S', 2), ('Olivia x460', 2)]",5060,95.24,-37.8042543,144.94920430000005,10,4649.24,Summer,True,0.9558,very good very good mobile,True
ORD353568,ID0575572024,2019-07-10,Nickolson,"[('Olivia x460', 2), ('Lucent 330S', 1), ('iStream', 2), ('Candle Inferno', 1)]",4410,67.07,-37.8242079,144.98029240000002,25,3374.57,Winter,False,1.1325,five stars perfect!!,True
ORD498286,ID1479897560,2019-05-26,Nickolson,"[('iStream', 1), ('Universe Note', 1), ('Candle Inferno', 2), ('Toshika 750', 1)]",8780,66.36,-37.8201764,144.9578324,15,7529.36,Autumn,False,1.0454,"grate phone, grate phone, dose everything it's supposed to do, and more. really satisfied",True
ORD052388,ID2978792697,2019-07-10,Bakers,"[('Toshika 750', 1), ('Alcon 10', 1)]",13270,69.27,-37.8116233,145.0120991,5,12675.77,Winter,False,1.4944,two thumbs up! this was my 3rd time purchasing this phone in the last few years. crystal clear and easy to use. very affordable and best of all.............only $25.00 a month! great value!,True
ORD412026,ID6167344595,2019-08-25,Nickolson,"[('Universe Note', 1), ('iAssist Line', 2), ('Alcon 10', 2), ('pearTV', 1)]",32110,64.5,-37.8120814,144.9707261,10,28963.5,Winter,False,0.7324,great value and so worth it awesome phone. blazing fast and virtually brand new,True
ORD057437,ID5002594927,2019-08-06,Thompson,"[('Thunder line', 1), ('Alcon 10', 1), ('Olivia x460', 2), ('Candle Inferno', 1)]",14010,62.34,-37.8123815,144.951989,15,11970.84,Winter,False,0.4339,best phone!!! excellent phone. best android i've had!!! great customer service,True
ORD203160,ID0113535163,2019-07-16,Nickolson,"[('iStream', 2), ('Candle Inferno', 2), ('iAssist Line', 2), ('Olivia x460', 1)]",6835,59.07,-37.81729650000001,144.96416680000004,0,6894.07,Winter,True,0.495,buy at your own risk! false advertisement! advertised as a verizon phone and after receiving it i spent 45 minutes on the phone with a verizon csr only to learn that this is not a verizon phone. my activate sim card wasn't being recognized! immediately same day initiated a refund/return.,False
ORD171046,ID1458418011,2019-05-13,Bakers,"[('Thunder line', 2), ('Lucent 330S', 1), ('iStream', 2)]",5890,84.6,-37.8198084,145.0106476,0,5974.6,Autumn,True,1.7409,five stars best phone,True
ORD394156,ID2384091382,2019-12-14,Nickolson,"[('pearTV', 2), ('Lucent 330S', 2), ('iStream', 2), ('Olivia x460', 2)]",17830,75.69,-37.8079398,144.9733751,5,17014.19,Summer,False,1.2329,"great buy delivered when stated, in packaging, brand new and so far, performance is good. have only owned this product for less than a couple of weeks.",True
ORD161339,ID0168398786,2019-01-01,Nickolson,"[('Alcon 10', 1), ('Lucent 330S', 1)]",10180,95.01,-37.8115862,144.96075969999995,5,9766.01,Summer,True,1.0984,good phone bought for a replacement for my sister. she loves it,True
ORD233362,ID0529158996,2019-05-06,Thompson,"[('Olivia x460', 1), ('pearTV', 1), ('Lucent 330S', 2)]",9995,66.03,-37.8236483,144.940564,0,10061.03,Autumn,False,1.349,great phone great view.,True
ORD129551,ID2698607292,2019-09-15,Nickolson,"[('Universe Note', 2), ('Lucent 330S', 1), ('Olivia x460', 1), ('Candle Inferno', 2)]",10215,44.2,-37.82303510000001,144.9787009,5,9748.45,Spring,True,0.9443,one star most horrible phone ever,False
ORD091162,ID6167236670,2019-04-19,Nickolson,"[('Alcon 10', 2), ('Toshika 750', 1), ('Universe Note', 2), ('Olivia x460', 1)]",30345,80.21,-37.8095605,144.9711028,5,28907.96,Autumn,True,1.0149,"works perfectly over 1 month and operated perfectly, glad i went with the max.",True
ORD048292,ID5002595109,2019-02-21,Thompson,"[('Toshika 750', 1), ('Universe Note', 1), ('Thunder line', 2), ('iStream', 2)]",12430,133.845,-37.8120908,144.9533372,5,11942.345,Summer,True,0.5551,"i love my new thunder line! right now, i mainly use it to play music at night, but it gets the job done.",True
ORD013080,ID0373003028,2019-01-07,Bakers,"[('Universe Note', 1), ('Toshika 750', 1)]",7770,72.24,-37.8095508,144.98646330000003,0,7842.24,Summer,False,0.7728,my refurbished ipod touch is like new. my refurbished ipod touch is like new...very happy with it.,True
ORD396165,ID0312719433,2019-07-17,Thompson,"[('Lucent 330S', 2), ('Toshika 750', 2)]",11100,86.18,-37.8003698,144.9635368,0,11186.18,Winter,True,1.9934,"great phone. this phone is great. it's fast, solid, and easy to set up. i have already recommended it to others. at this price it's even less then getting a similar phone with a contract and paying insurance every month and a $90 deductible. love the verizon prepay option as well.",True
ORD345119,ID0036823195,2019-04-16,Thompson,"[('iAssist Line', 2), ('Lucent 330S', 1), ('iStream', 1), ('Universe Note', 2)]",12730,48.06,-37.813581,144.9468707,0,12778.06,Autumn,False,0.1025,defective didn't come with the case and was shutting down on its own. heard it was a good phone but mine was defective.,False
ORD451751,ID0589402311,2019-12-24,Nickolson,"[('Toshika 750', 1), ('iStream', 1)]",4470,73.29,-37.810034,144.9697155,10,4096.29,Summer,False,0.9531,olivia is #1. this s4 is absolutely amazing. i love the color of this phone and the quality is just amazing. i really love the packaging it's all original and the service with boost mobile is amazing. i love this phone probably in my top 3 for best phones i've had.,True
ORD018268,ID0440051918,2019-11-16,Bakers,"[('Olivia x460', 2), ('Thunder line', 2)]",6810,98.16,-37.8213317,144.99345119999995,0,6908.16,Spring,False,1.2715,video call hd doesn't work my video call hd doesn't work on this phone,False
ORD348142,ID3215191975,2019-06-09,Thompson,"[('pearTV', 2), ('Olivia x460', 1), ('Candle Inferno', 2), ('Alcon 10', 2)]",32605,75.51,-37.8077095,144.9555579,15,27789.76,Winter,True,0.9288,five stars love it,True
ORD252101,ID1463620519,2019-03-22,Bakers,"[('Alcon 10', 1), ('Candle Inferno', 2)]",9810,52.47,-37.8168733,145.00726609999995,25,7409.97,Autumn,False,1.3062,"wrong color. i bought black onyx, and i think this is not it. at least it seems ok, though. got it just today, was traveling abroad and just got home.. lets see.. rating 1 star 'cuz i really didnt want this ugly color and this model is cheaper than black onyx.",False
ORD318140,ID0448078445,2019-09-05,Bakers,"[('Olivia x460', 2), ('Alcon 10', 2), ('Candle Inferno', 2), ('iStream', 2)]",21510,81.88,-37.7991985,144.9846673,25,16214.38,Spring,False,1.5192,sleek!!! great phone love all the features and slim fit,True
ORD376965,ID6245731105,2019-11-14,Nickolson,"[('Alcon 10', 1), ('pearTV', 2), ('iAssist Line', 2)]",26020,63.83,-37.80972720000001,144.9758772,10,23481.83,Spring,False,1.1331,seller isnt reliable. sold a bad item to me this item i was deceived in buying doesnt work good at all and the seller isnt truthful at all. terrible. beware of this seller please.,False
ORD209153,ID0708718062,2019-04-08,Thompson,"[('Candle Inferno', 1), ('Alcon 10', 1), ('pearTV', 2)]",22000,79.72,-37.8073498,144.9569726,5,20979.72,Autumn,True,1.0535,five stars great phone. i have opened every note and this is the best one ever,True
ORD416541,ID4544035095,2019-09-08,Nickolson,"[('Olivia x460', 1), ('Toshika 750', 1), ('Alcon 10', 2), ('Thunder line', 2)]",27805,87.62,-37.8117664,144.96381609999997,5,26502.37,Spring,True,0.9122,does not work for verizon. this device did not work with verizon. i had verizon test the device and they confirmed it is not compatible with their network. had to return the device.,False
ORD292252,ID4952477297,2019-02-07,Thompson,"[('iStream', 2), ('Alcon 10', 1), ('iAssist Line', 1)]",11475,116.14500000000001,-37.8093498,144.95449109999996,0,11591.145,Summer,True,0.7503,bad phone bad phone,False
ORD445788,ID3144992722,2019-09-22,Bakers,"[('Alcon 10', 2), ('Toshika 750', 2), ('Olivia x460', 1), ('Universe Note', 1)]",31215,100.0,-37.8132804,144.984748,5,29754.25,Spring,True,0.9918,"five stars best android out there, in really good condition and had a spotless screen/back",True
ORD123932,ID2209383485,2019-02-08,Thompson,"[('Toshika 750', 2), ('Alcon 10', 2)]",26540,67.63,-37.7997486,144.9574922,25,19972.63,Summer,False,1.706,descontenta nunca trabajo el microfono yo no escucho cuando llaman sólo con blutood 😏😏,False
ORD087261,ID5167159987,2019-03-20,Bakers,"[('iStream', 1), ('Lucent 330S', 2)]",2610,80.94,-37.8116581,145.0045714,0,2690.94,Autumn,True,0.8419,"works with google fi excellent value for price, works with google fi",True
ORD161337,ID0711783720,2019-08-14,Thompson,"[('Universe Note', 2), ('Toshika 750', 2)]",15540,73.17,-37.816518,144.9459031,10,14059.17,Winter,True,0.4401,five stars great phone! works great and looks great. no problems at all. it even arrived early!,True
ORD306465,ID0126919692,2019-03-27,Nickolson,"[('Toshika 750', 2), ('Olivia x460', 1), ('Thunder line', 1)]",12045,64.72,-37.8168653,144.9656426,25,9098.47,Autumn,False,0.394,husband loves his new phone. took it down to ... husband loves his new phone. took it down to my local verizon & for $5 they put in a sims card & activated the phone. would purchase again.,True
ORD379877,ID0591408006,2019-11-25,Nickolson,"[('Thunder line', 1), ('Toshika 750', 1), ('Alcon 10', 2), ('Universe Note', 1)]",27850,102.73,-37.8215159,144.9611783,10,25167.73,Spring,True,0.8048,"i love this phone!!! its amazing! takes beautiful pics, doesnt drop calls, has alot of space, works good, is fast, i love it!!!",True
ORD309630,ID0723966536,2019-03-05,Bakers,"[('Universe Note', 1), ('Olivia x460', 2), ('Toshika 750', 2), ('iAssist Line', 2)]",18990,65.38,-37.8034041,145.0035216,25,14307.88,Autumn,True,1.0344,problems dont get good service with this phone,False
ORD074375,ID0247298493,2019-03-24,Thompson,"[('Toshika 750', 1), ('iAssist Line', 1)]",6545,71.04,-37.79941,144.9605404,15,5634.29,Autumn,False,1.893,durable and reliable nice product for this price,True
ORD078524,ID6131956072,2019-04-26,Nickolson,"[('pearTV', 1), ('Thunder line', 2), ('Olivia x460', 2)]",13120,66.6,-37.823723,144.9807934,5,12530.6,Autumn,True,1.1415,is limited. does not play your own playlist? is ok.,False
ORD389923,ID0589766049,2019-11-01,Thompson,"[('iStream', 2), ('Lucent 330S', 1)]",1530,77.8,-37.8221771,144.9477447,25,1225.3,Spring,False,1.0596,"i liked the volume buttons on the side of my old 7"" inferno better than on top like this new 8"". that's the only reason i didn't give it a 5 star rating.",True
ORD182108,ID0137181091,2019-12-07,Nickolson,"[('Lucent 330S', 1), ('Toshika 750', 1), ('iStream', 2), ('pearTV', 1)]",12160,68.63,-37.8027007,144.9650326,25,9188.63,Summer,False,1.8134,"useless.....someone elses recalled garbage was a recall phone.....microphone immediately didnt work......useless, and sent it right nack",False
ORD390642,ID2185303494,2019-07-01,Thompson,"[('Olivia x460', 1), ('Thunder line', 2), ('Universe Note', 2)]",12485,63.53,-37.8103422,144.9550359,10,11300.03,Winter,False,0.7472,just what i need had a work phone like this one and was use to it. doesn't have all the bells and whistles but that is why i got it--simple!,True
ORD483979,ID0107172471,2019-08-30,Nickolson,"[('Lucent 330S', 2), ('iAssist Line', 2)]",6910,76.37,-37.8214213,144.9639248,15,5949.87,Winter,True,0.5863,"some times iassist is a little &#34;thick&#34;, but mostly good!",True
ORD430320,ID3189789232,2019-12-29,Nickolson,"[('Candle Inferno', 2), ('Olivia x460', 1), ('pearTV', 1), ('Alcon 10', 2)]",26295,83.5,-37.8040024,144.968017,15,22434.25,Summer,False,1.63,great olivia phone. great alternative to the note 10. bog screen and nice camera.,True
ORD327542,ID3199635545,2019-09-23,Nickolson,"[('Lucent 330S', 1), ('Universe Note', 1)]",4680,82.95,-37.8052211,144.9692373,0,4762.95,Spring,False,1.489,like new worth the price,True
ORD196444,ID0589223764,2019-07-02,Nickolson,"[('Thunder line', 1), ('Candle Inferno', 1), ('Universe Note', 2), ('Olivia x460', 1)]",10735,63.03,-37.8154705,144.9670723,25,8114.28,Winter,False,0.4105,"i bought this for my daughter and she loves it! works great for youtube, istream and adding a few games. easy to learn how to use and no ""accidental"" purchases can be made if you use the option to switch user accounts.",True
ORD359270,ID0634784125,2019-05-28,Thompson,"[('pearTV', 2), ('Thunder line', 2)]",16980,63.51,-37.8138662,144.93714780000005,5,16194.51,Autumn,False,0.8825,i would buy from them again only had it a few weeks but i love it. came in great condition,True
ORD019593,ID3208518303,2019-07-04,Nickolson,"[('Universe Note', 2), ('Lucent 330S', 2), ('iAssist Line', 1)]",11585,81.06,-37.8065523,144.9651534,0,11666.06,Winter,True,1.3952,stick with this until the 3a comes out this is an excellent phone and it still has good battery life even with android pie.,True
ORD451629,ID6226313842,2019-08-17,Bakers,"[('Olivia x460', 1), ('Lucent 330S', 1), ('Toshika 750', 1), ('pearTV', 1)]",13085,80.17,-37.8189675,144.98492,15,11202.42,Winter,True,1.349,perfect love it!!,True
ORD378038,ID6167489376,2019-07-22,Thompson,"[('Candle Inferno', 1), ('Universe Note', 1), ('Alcon 10', 2), ('Thunder line', 1)]",23960,79.25,-37.8084971,144.9580406,15,20445.25,Winter,True,1.0711,best phone 2019 nowadays like the expected,True
ORD046080,ID0846545708,2019-07-19,Nickolson,"[('iStream', 1), ('Lucent 330S', 1)]",1380,47.7,-37.818553,144.96789219999997,25,1082.7,Winter,False,0.1459,phone received was not unlocked. phone received was not unlocked.,False
ORD347127,ID4391708632,2019-08-19,Nickolson,"[('pearTV', 2), ('Lucent 330S', 2), ('Thunder line', 2)]",19440,67.48,-37.8221478,144.9599219,0,19507.48,Winter,False,0.9345,5 stars!!! i love my phone i am extremely happy with it it froze once but that was it other than that i haven't had any issues with it.,True
ORD464189,ID1463620428,2019-02-23,Bakers,"[('iAssist Line', 1), ('Lucent 330S', 2)]",4685,97.77,-37.81674829999999,145.0074769,15,4080.02,Summer,True,1.3132,very good phone its a damn good phone that comes with the peace of mind of you getting regular and on time update.,True
ORD331957,ID0634777739,2019-03-08,Thompson,"[('Olivia x460', 1), ('Universe Note', 1), ('Thunder line', 2)]",9035,65.53,-37.8147568,144.93777580000003,25,6841.78,Autumn,False,0.8495,this phone is great for the price for a budget phone it perform great. the screen is just amazing for the price. the only cons i can tell about this phone is that the camera doesn't perform good at low light situations. by other hand with daylight the camera perform as good as you will need.,True
ORD483534,ID0589720850,2019-04-04,Thompson,"[('Lucent 330S', 1), ('iStream', 2), ('Thunder line', 2), ('Universe Note', 2)]",12790,65.33,-37.822043,144.9555532,0,12855.33,Autumn,True,1.2824,purchased new and got a used phone! no stars. pkg came open and every item inside the package with the phone had been opened and used. not happy,False
ORD282943,ID2977758612,2019-11-18,Bakers,"[('pearTV', 2), ('Universe Note', 1)]",16070,107.39,-37.82462460000001,144.98885249999995,15,13766.89,Spring,True,1.7223,great value solid phone for it's price.,True
ORD243864,ID0723965015,2019-04-24,Bakers,"[('iStream', 2), ('Alcon 10', 1)]",9250,75.465,-37.8040907,145.0051631,0,9325.465,Autumn,False,1.0932,broken upon delivery phone came in box with back of phone broken in three places. phone was on when i opened the box. was supposed to be brand new.,False
ORD478557,ID0306905245,2019-09-20,Thompson,"[('iAssist Line', 1), ('Olivia x460', 2)]",4675,77.39,-37.8116403,144.93834980000003,10,4284.89,Spring,False,0.7754,"it's awsome,universe note 9 i like the universe note 9, it looked brand new , working great, thank you, the only issue i had was the charger was no good, but got a new charger and the phone is awsome, its worth 5 stars. i am a happy customer",True
ORD138544,ID0579498250,2019-01-09,Thompson,"[('iAssist Line', 2), ('Olivia x460', 1)]",5675,88.84,-37.8142019,144.94947140000005,10,5196.34,Summer,True,0.2713,i like it a lot an incredible phone i really recommend it,True
ORD256003,ID2189497215,2019-05-26,Nickolson,"[('Thunder line', 1), ('iStream', 1)]",2330,65.31,-37.8102793,144.97287769999997,0,2395.31,Autumn,False,0.9708,there's nothing bad i can say works great thank,True
ORD410837,ID0332797106,2019-10-29,Bakers,"[('Alcon 10', 2), ('iAssist Line', 2), ('Thunder line', 1)]",24530,74.5,-37.80902329999999,144.9998185,10,22151.5,Spring,False,0.4176,great deal phone seems great. a few nicks on the sides but that’s expected. an added bonus was the 3 free months of phone service that was included in the box.,True
ORD238225,ID6167359499,2019-06-13,Nickolson,"[('Thunder line', 2), ('iAssist Line', 1)]",6585,66.48,-37.8092035,144.97314319999995,0,6651.48,Winter,False,1.0921,value for money works well for normal use. camera is avg as expected,True
ORD046813,ID2096325836,2019-07-19,Thompson,"[('iAssist Line', 2), ('Universe Note', 2)]",11350,68.48,-37.8002666,144.9543413,15,9715.98,Winter,False,1.522,love it!! super fun! easy to use! my three year old even gets involved,True
ORD496964,ID1560149516,2019-04-13,Thompson,"[('Toshika 750', 2), ('iAssist Line', 2)]",13090,79.91,-37.8159589,144.9380844,5,12515.41,Autumn,True,0.8707,i would like to highly recommend this type product to anyone who is interested in purchasing this. you wont be disappointed received it before the christmas and it was brand new. it came with the red xp box along with the charger and manual. great price!,True
ORD145228,ID0030385491,2019-12-11,Bakers,"[('Candle Inferno', 2), ('pearTV', 1), ('Thunder line', 2), ('Alcon 10', 1)]",20480,92.63,-37.81559960000001,144.9973708,10,18524.63,Summer,True,0.6515,love this!!! my daughter enjoys telling iassist what to do. haha,True
ORD446924,ID2984287416,2019-05-28,Thompson,"[('Lucent 330S', 1), ('Olivia x460', 1)]",2455,81.4,-37.8019073,144.9565594,10,2290.9,Autumn,True,1.4605,five stars great cellphone. great price. delivery occurred in 2 days (with digico gold).,True
ORD160991,ID0547587098,2019-01-31,Bakers,"[('iStream', 2), ('Lucent 330S', 2)]",2760,70.01,-37.8142178,144.9901061,0,2830.01,Summer,False,0.6512,five stars one of my all time favorite phones.,True
ORD382964,ID4283908893,2019-02-23,Nickolson,"[('Candle Inferno', 1), ('Thunder line', 2), ('Alcon 10', 1), ('Universe Note', 2)]",20640,78.14,-37.81249920000001,144.9742733,0,20718.14,Summer,True,0.7956,it's waay cheaper on the site why waste so much money on a renewed phone when the new one on pear is for $150 less. what a rip off,False
ORD467977,ID2208129680,2019-09-26,Thompson,"[('Thunder line', 1), ('Universe Note', 1), ('iStream', 1), ('Toshika 750', 2)]",14420,105.16,-37.8038062,144.9574888,15,12362.16,Spring,True,1.3469,"perfect for me. so far so good. it is good phone, even compared with alcon xr. battery is good for whole day. size is perfect.",True
ORD134305,ID6167266635,2019-09-13,Nickolson,"[('Olivia x460', 2), ('Universe Note', 1), ('iStream', 2), ('Candle Inferno', 2)]",7060,53.02,-37.8070748,144.962652,25,5348.02,Spring,True,1.4187,five stars yes,True
ORD384576,ID3215192027,2019-01-24,Thompson,"[('iStream', 1), ('Alcon 10', 2), ('Universe Note', 2)]",24950,70.57,-37.8088693,144.9462635,10,22525.57,Summer,False,0.4293,i have had iassist since the beginning.  i accidentally spilled water on her and have replaced it with the 2nd generation.  i decided i couldn't be without an thunder.  setup was easy and had it working within minutes.,True
ORD233588,ID2384091388,2019-11-17,Nickolson,"[('Universe Note', 2), ('pearTV', 2), ('iAssist Line', 1)]",21745,79.35,-37.8081839,144.9731736,15,18562.6,Spring,False,1.2019,"it's worth that money than you spect work well with metro pcs,not problems ,dallas fort worth area",True
ORD045547,ID5402876148,2019-10-26,Nickolson,"[('Toshika 750', 1), ('iStream', 1), ('Olivia x460', 2), ('Lucent 330S', 2)]",9380,84.89,-37.8193872,144.9768168,0,9464.89,Spring,True,0.645,this is a bad information about unlocked phone this is a bad information about unlocked phone . this phone is locked in t mobile and you need to pay to unlocked it to t mobile . don't buy this phone if you don't want to be scam .,False
ORD245826,ID0103301615,2019-02-28,Nickolson,"[('Toshika 750', 2), ('Alcon 10', 1), ('iStream', 2)]",17890,70.1,-37.8157514,144.96172919999995,5,17065.6,Summer,False,0.7572,great basic phone i read all the good reviews on this phone and the price was right so i ordered it. this phone is a great basic phone and works well for what i need and it was only $10. really like it.,True
ORD498395,ID0501018995,2019-11-25,Nickolson,"[('pearTV', 2), ('Toshika 750', 1), ('Universe Note', 2)]",23840,90.83,-37.8049443,144.9733423,25,17970.83,Spring,True,1.5557,"do not buy from edge cellular!!!!! do not buy from edge cellular!!!!!!! defective phone, doesn't work. looks like it was run through a wood chipper before purchase. digico refuses to replace our acknowledge that the seller is selling faulty products.",False
ORD147456,ID6167344587,2019-10-28,Nickolson,"[('Universe Note', 1), ('Candle Inferno', 2), ('Olivia x460', 2), ('Toshika 750', 1)]",11080,74.69,-37.8140499,144.9716334,5,10600.69,Spring,False,0.5381,my first tablet and it is just perfect for a beginner like me. easy to use and just the right size. i use it when i just need to check something quickly on the internet without having to turn on my desk top computer. very fast.,True
ORD096546,ID0259159143,2019-12-10,Nickolson,"[('Alcon 10', 1), ('iAssist Line', 1), ('Thunder line', 2)]",15535,67.88,-37.8243704,144.98757980000005,5,14826.13,Summer,False,1.7107,i did not buy this i did not buy this,False
ORD233612,ID2096325801,2019-02-17,Thompson,"[('Universe Note', 2), ('Alcon 10', 1), ('Candle Inferno', 2), ('Thunder line', 2)]",21070,39.93,-37.8008011,144.953491,15,17949.43,Summer,False,1.4372,great budget cellphone great cell phone on the price range,True
ORD335891,ID2020835025,2019-12-01,Nickolson,"[('Olivia x460', 1), ('iStream', 1)]",1375,69.96,-37.8149171,144.9680205,15,1238.71,Summer,False,0.431,"great phone for the money! the seller got this phone to me really quickly, and at least so far it has proven to be way more phone than i need! it looks great, has all the bells and whistles for a fraction of the price of the new s10’s. really happy with my purchase!",True
ORD245724,ID0294628654,2019-03-11,Nickolson,"[('pearTV', 1), ('iAssist Line', 2)]",10760,77.46,-37.8174395,144.9704191,25,8147.46,Autumn,True,0.1496,good phone. the price is a little high for ... good phone. the price is a little high for a vintage phone. it does work well. camera not too good and texting is very slow. sound on phone is good and holds charge really well.,True
ORD086766,ID0589419798,2019-01-01,Nickolson,"[('Lucent 330S', 2), ('Toshika 750', 1), ('iStream', 1), ('Olivia x460', 2)]",9380,61.42,-37.8094102,144.97271990000004,5,8972.42,Summer,False,1.0597,this phone does not hold charge.... ... this phone does not hold charge....i have to turn it on extreme power saving mode in order for it to last until i get off from work....even in extreme power saving mode it still loose at least 2 percent of battery power in less than a minute.....this phone was a complete waist of money,False
ORD328624,ID0711334398,2019-05-07,Thompson,"[('Alcon 10', 1), ('iStream', 1), ('pearTV', 2), ('Candle Inferno', 1)]",22150,79.21,-37.8071562,144.95938869999995,0,22229.21,Autumn,True,1.2454,"excellent deal awesome phone, really good build quality and overall experience not only for the price but as a whole. it is a little heavy thought.",True
ORD132644,ID0250933594,2019-02-25,Bakers,"[('Alcon 10', 2), ('iStream', 1), ('pearTV', 1)]",24360,100.64,-37.8226621,145.0032097,25,18370.64,Summer,True,1.5748,best phone. hands down. perfect phone.,True
ORD453386,ID3293340273,2019-02-04,Nickolson,"[('iAssist Line', 1), ('Lucent 330S', 2)]",4685,95.33,-37.8245941,144.9821862,0,4780.33,Summer,True,1.2963,great! phone came as described and before the edd. it's been over a month and i have had no issues!,True
ORD147235,ID0746921889,2019-12-24,Nickolson,"[('iAssist Line', 1), ('iStream', 2), ('Universe Note', 1), ('Olivia x460', 1)]",7200,80.47,-37.8245438,144.9824596,0,7280.47,Summer,False,1.3141,"awesome, great value, good quality product, i would recommend this to anyone",True
ORD075780,ID0131130436,2019-04-24,Nickolson,"[('Candle Inferno', 1), ('pearTV', 2), ('Universe Note', 2)]",19950,80.0,-37.8138929,144.9592399,10,18035.0,Autumn,True,1.047,"great camera great camera, which is why i bought this one.",True
ORD061555,ID0030287459,2019-11-18,Bakers,"[('Universe Note', 1), ('Alcon 10', 2), ('Lucent 330S', 1), ('iStream', 1)]",22730,109.23,-37.80034860000001,144.97813100000005,0,22839.23,Spring,True,1.8481,"this is the first smart phone i actually like wow... great phone, really impressed.",True
ORD231025,ID0370241630,2019-02-17,Nickolson,"[('Lucent 330S', 2), ('iAssist Line', 1), ('Candle Inferno', 1)]",5115,72.57,-37.79935310000001,144.9705615,5,4931.82,Summer,False,2.1438,"defective screen after reading and watching multiple reviews, decided to risk with xiaomi brand, and expected reasonable device for a good price with low-resolution screen. but dissapointed. the image is half split with certain gradient and has a rainbow yellow (d)effect on right side. no way to get back to xiaomi again.",False
ORD100353,ID0255061158,2019-09-09,Nickolson,"[('iStream', 2), ('Lucent 330S', 1)]",1530,157.785,-37.8089191,144.9709798,25,1305.285,Spring,True,1.0844,"other than not having an owner's manual with the phone, the phone is what i expected. i liked getting the instructions on how to activate the phone without having to go into a verizon location. it was recevied quickly also.",True
ORD084443,ID0373644207,2019-06-01,Thompson,"[('Lucent 330S', 2), ('iStream', 2)]",2760,67.63,-37.8092255,144.9315914,5,2689.63,Winter,False,1.4142,"i love this phone! a great value! i love this phone, it does everything i need and more. the battery life is outstanding and the camera produces high quality images. i highly recommend this phone!",True
ORD082343,ID0206204610,2019-12-27,Thompson,"[('Thunder line', 2), ('iAssist Line', 2)]",8810,102.33,-37.8154311,144.928168,5,8471.83,Summer,True,1.6903,awesome product one of the best products in the market for it’s price,True
ORD396672,ID0174801866,2019-03-11,Nickolson,"[('Lucent 330S', 1), ('Olivia x460', 2)]",3680,62.25,-37.815048,144.9652961,15,3190.25,Autumn,False,0.544,worth the money phones good. worth the money.,True
ORD192572,ID0060095436,2019-12-08,Bakers,"[('Olivia x460', 1), ('Toshika 750', 2)]",9865,82.01,-37.8245104,144.9887313,15,8467.26,Summer,False,1.7138,is great having a new friend,True
ORD386998,ID0589533714,2019-07-09,Thompson,"[('Candle Inferno', 1), ('Universe Note', 2), ('iStream', 1)]",7480,80.02,-37.8216889,144.95512319999997,25,5690.02,Winter,True,1.2284,good device,True
ORD325327,ID2190483586,2019-12-05,Nickolson,"[('iStream', 2), ('Lucent 330S', 1), ('Universe Note', 2), ('Toshika 750', 1)]",12750,77.99,-37.8132178,144.9627761,15,10915.49,Summer,True,0.8445,"says unlocked and does not work go in argentina it has not signal in argentina, and says unlocked... i thought it was international version...",False
ORD146514,ID0638049352,2019-01-22,Nickolson,"[('iStream', 2), ('Universe Note', 2), ('Lucent 330S', 2), ('Olivia x460', 2)]",12110,87.85,-37.8185532,144.9663544,15,10381.35,Summer,True,0.2811,very competitive price - unit works well we like color and size,True
ORD478124,ID0370243357,2019-09-29,Nickolson,"[('Universe Note', 1), ('Olivia x460', 2), ('pearTV', 1)]",12210,85.45,-37.8018316,144.9688686,25,9242.95,Spring,False,1.867,nice phone for a nice price i did the small amount of gb. it's a great phone n i love it.,True
ORD025335,ID4162427915,2019-08-30,Nickolson,"[('Alcon 10', 2), ('Thunder line', 2), ('Candle Inferno', 2)]",23120,73.5,-37.8196909,144.968279,15,19725.5,Winter,True,0.1655,nice nice fone,True
ORD077528,ID3222703106,2019-05-18,Thompson,"[('Thunder line', 2), ('Olivia x460', 2), ('iAssist Line', 2), ('Lucent 330S', 2)]",13720,83.12,-37.8009234,144.9545386,15,11745.12,Autumn,True,1.4637,excellent acquisition brand new,True
ORD131456,ID0777801080,2019-04-25,Thompson,"[('Lucent 330S', 1), ('Thunder line', 2), ('Alcon 10', 1)]",14540,81.78,-37.80494520000001,144.95522869999996,0,14621.78,Autumn,True,1.1203,"great device first of all, it comes with all its accessories, the phone quality is great, doesn't lag, camera pretty good, is comfortable not to big not small at all, batterys incredible just one charge per day using it all day long, you can play any game, in conclusion i'll recommend this phone.",True
ORD245135,ID3366918680,2019-09-04,Bakers,"[('pearTV', 2), ('Alcon 10', 2), ('Universe Note', 2), ('iStream', 2)]",37720,111.63,-37.812831,145.016109,10,34059.63,Spring,True,1.8629,i like this so much more than the voyage. the shape makes for easier holding. i only wish this devise was maybe 2 inches taller then it would look like a real book,True
ORD136947,ID0710018068,2019-04-03,Thompson,"[('Toshika 750', 2), ('iAssist Line', 1)]",10865,81.19,-37.8151825,144.936401,5,10402.94,Autumn,True,0.9788,"good phone i had to return this due to to not completely working on the at&t network. no hd voice, or lte, real smooth phone! good buy",True
ORD110730,ID0638051253,2019-10-04,Nickolson,"[('Universe Note', 2), ('Toshika 750', 1), ('Lucent 330S', 2)]",13680,73.26,-37.818078,144.9661352,0,13753.26,Spring,False,0.3058,"happy gifts this is a gift for my son, i have not even seen it , but my son is really happy with it, as far i know everything works fine",True
ORD293260,ID5002595113,2019-12-09,Thompson,"[('Candle Inferno', 1), ('Thunder line', 1), ('Lucent 330S', 2), ('Universe Note', 2)]",11970,77.23,-37.8120674,144.953418,10,10850.23,Summer,True,0.5624,not worth the money can barely hear when talking on the phone . also the bottom always supper scratched when it arrived,False
ORD096204,ID0310957682,2019-10-17,Thompson,"[('Thunder line', 1), ('Universe Note', 2), ('Olivia x460', 1)]",10305,84.76,-37.8217368,144.93069509999995,0,10389.76,Spring,False,1.7582,works really well.,True
ORD484321,ID0777787267,2019-08-08,Thompson,"[('Olivia x460', 2), ('Candle Inferno', 2), ('pearTV', 1), ('iStream', 2)]",9920,66.25,-37.8056503,144.95375819999995,0,9986.25,Winter,False,0.9784,"hard to hear, had to blue tooth it to a better speaker.",True
ORD170354,ID0664378470,2019-04-03,Nickolson,"[('Universe Note', 1), ('iAssist Line', 2), ('Candle Inferno', 1)]",8330,61.65,-37.8202216,144.9668039,10,7558.65,Autumn,True,0.3019,"decieving, aftermaket back and taped parts the back glass had been replaced with a cheaper aftermarket version and the camera lens was taped, not adhered to the phone.",False
ORD405404,ID0781092635,2019-04-16,Thompson,"[('Lucent 330S', 2), ('Alcon 10', 1)]",11410,66.38,-37.8022925,144.94239950000005,10,10335.38,Autumn,True,1.2264,one star i discovered the phone actually has interior water damage and corrosion in multiple component.,False
ORD407772,ID0634780119,2019-10-20,Thompson,"[('Lucent 330S', 2), ('Thunder line', 1), ('Universe Note', 1), ('Candle Inferno', 1)]",8520,98.71,-37.81296470000001,144.93913500000005,5,8192.71,Spring,True,0.6985,five stars pretty good device.,True
ORD482221,ID0250933656,2019-06-22,Bakers,"[('Candle Inferno', 1), ('Universe Note', 1), ('Toshika 750', 2), ('Olivia x460', 1)]",13745,57.66,-37.8252603,145.0004236,15,11740.91,Winter,False,1.7594,not the best not the best,False
ORD464520,ID6167236663,2019-06-24,Nickolson,"[('Toshika 750', 2), ('iAssist Line', 2)]",13090,63.03,-37.8107537,144.9670868,15,11189.53,Winter,True,0.8994,i set up the thunder line and it worked for an hour and then died completely. do not buy refurbished!!!! i sent back for return the day after i received.,False
ORD438463,ID3222703088,2019-06-20,Thompson,"[('Universe Note', 1), ('iStream', 2)]",3750,77.58,-37.802428000000006,144.9459015,10,3452.58,Winter,True,1.1451,this was purchased as a gift for an avid reader and as a streaming media device. i looked at the bigger candle but this one is the right compromise between size and portability for the planned uses.,True
ORD252758,ID5457961181,2019-10-11,Thompson,"[('Olivia x460', 1), ('Universe Note', 2)]",8125,63.53,-37.81995720000001,144.9401667,10,7376.03,Spring,False,1.0128,defective phone i had phone for only for a month and after an updated was required paint started appearing on screen and now screen is all black still waiting on the respond from seller it has a 90 day warranty but i'm still out of a phone,False
ORD037082,ID4157118515,2019-04-16,Bakers,"[('Candle Inferno', 2), ('Toshika 750', 2), ('Alcon 10', 1), ('Thunder line', 1)]",20630,85.0,-37.8261584,145.00246869999995,25,15557.5,Autumn,True,1.9084,"nice phone i got the phone last week. liked it a lot. not heavy, looks solid build, nice screen. my colleague liked it too and asked me to order another one. so bought 2 so far. works perfect with alice and claro in dominican republic",True
ORD442484,ID0282858513,2019-05-12,Bakers,"[('Olivia x460', 2), ('Lucent 330S', 2)]",4910,68.68,-37.7993194,145.0097427,10,4487.68,Autumn,False,1.7439,five stars 100% satisfied,True
ORD199093,ID2640759823,2019-04-11,Thompson,"[('iAssist Line', 2), ('Olivia x460', 1), ('Alcon 10', 2)]",23575,79.86,-37.8049451,144.9523702,15,20118.61,Autumn,True,0.9785,five stars great backup phone!,True
ORD264347,ID1459448709,2019-07-21,Bakers,"[('Toshika 750', 2), ('Universe Note', 2), ('pearTV', 1)]",21850,68.94,-37.8195083,145.0084531,10,19733.94,Winter,False,1.5726,"alcon 6s came as described! works great! couldn't tell this phone has been ""renewed."" it works just fine and i have had no problems with it. the 6/6s is the same size as the 7 and 8 just for the people wondering.",True
ORD189565,ID3215106476,2019-04-22,Thompson,"[('Olivia x460', 2), ('Lucent 330S', 2), ('Alcon 10', 2)]",22810,79.05,-37.8093631,144.9499094,25,17186.55,Autumn,True,0.4452,"works great! the phone is very light and fast compared to my previous phone (universe). no glitches. everything works very well. the picture quality is poor in low light, but that was expected. overall very satisfied with such a functional phone for such an affordable price.",True
ORD464589,ID0441031307,2019-08-13,Thompson,"[('iStream', 1), ('Thunder line', 1), ('Toshika 750', 2)]",10970,78.72,-37.8139564,144.9379502,5,10500.22,Winter,True,0.8145,n/a very nice,True
ORD167650,ID0387153051,2019-12-19,Thompson,"[('pearTV', 2), ('Toshika 750', 2)]",21260,79.37,-37.8004914,144.9515215,10,19213.37,Summer,False,1.4115,"pear pay doesn’t work good condition no scratches, pear pay doesn’t work on mine which was part of the reason i bought the phones otherwise everything is fine.",True
ORD322516,ID2239389737,2019-07-01,Bakers,"[('iStream', 2), ('Toshika 750', 1)]",4620,73.99,-37.8119402,145.00008219999995,15,4000.99,Winter,True,0.4783,nice piece quality for less,True
ORD228165,ID6167344538,2019-06-26,Nickolson,"[('iAssist Line', 1), ('Lucent 330S', 2)]",4685,77.74,-37.8100401,144.9694657,15,4059.99,Winter,True,0.9523,nice phone great product,True
ORD202621,ID0709963112,2019-08-10,Thompson,"[('Thunder line', 1), ('Candle Inferno', 2), ('Toshika 750', 2)]",11680,65.3,-37.8160747,144.9338083,10,10577.3,Winter,True,1.2261,"it use to be $30. tho phone is horrible, half the time it does not work.",False
ORD420173,ID4315295090,2019-05-18,Bakers,"[('Thunder line', 2), ('Alcon 10', 2), ('Olivia x460', 2)]",24710,78.47,-37.8172782,144.9910334,15,21081.97,Autumn,True,0.8908,excellent execelente compra y execelente precio,True
ORD192287,ID2181268848,2019-07-31,Nickolson,"[('Olivia x460', 2), ('Thunder line', 1)]",4630,76.69,-37.8084292,144.9679737,0,4706.69,Winter,True,1.1401,fun,True
ORD366134,ID0282854611,2019-08-17,Bakers,"[('pearTV', 2), ('iStream', 1)]",12770,84.88,-37.8035133,145.0193421,10,11577.88,Winter,True,2.2399,"nice! very good phone! i had the xp 105 rm-1135, this is the 2017 (105 ) model. has a larger display screen & is better built! new design & speaker for the speaker phone is in the front. the old version has it in the back.",True
ORD270285,ID6167440987,2019-08-31,Nickolson,"[('iAssist Line', 1), ('Candle Inferno', 1), ('Thunder line', 2)]",7015,66.03,-37.8133626,144.962603,0,7081.03,Winter,False,0.8441,"original works perfectly. great conditions. it wasn't in the original package and didn't bring the earphones, but other than that, great deal!",True
ORD329178,ID0233274958,2019-04-25,Bakers,"[('Toshika 750', 2), ('Alcon 10', 2), ('iStream', 1), ('Candle Inferno', 2)]",27550,83.79,-37.7990458,144.9783525,15,23501.29,Autumn,True,1.9209,good deal for the price. good phone and good technology.,True
ORD277113,ID0641025017,2019-10-26,Thompson,"[('Thunder line', 2), ('iAssist Line', 2), ('Lucent 330S', 1)]",10040,96.28,-37.8118048,144.9444107,0,10136.28,Spring,True,0.253,works well nice product,True
ORD371366,ID2602229329,2019-06-09,Nickolson,"[('pearTV', 2), ('iAssist Line', 1)]",14845,76.67,-37.8253418,144.97138569999996,5,14179.42,Winter,True,0.7682,"great g phone at good price love the phone. upgrading from a lucent g4. i just want to address the warranty. the seller on digico said thirty days when i contacted them, but i just registered mine with lucentrola and for what it's worth the phone comes back in warranty until july of 2020.",True
ORD304088,ID1479897554,2019-04-18,Nickolson,"[('pearTV', 2), ('Thunder line', 1), ('Candle Inferno', 1)]",15230,67.31,-37.8202287,144.9576835,15,13012.81,Autumn,False,1.0593,five stars daughter loves it,True
ORD162108,ID4400674672,2019-02-26,Thompson,"[('iStream', 2), ('Toshika 750', 1), ('Candle Inferno', 2)]",5480,100.66,-37.8036084,144.9627146,25,4210.66,Summer,True,1.7063,great phone. great phone. needs to be recharged daily.,True
ORD161783,ID0247018765,2019-10-04,Nickolson,"[('Lucent 330S', 2), ('iStream', 2)]",2760,62.42,-37.81148220000001,144.9687706,10,2546.42,Spring,False,0.7947,"two stars it wasn't unlocked, contrary to offer",False
ORD270018,ID3085926096,2019-11-10,Bakers,"[('Candle Inferno', 2), ('Thunder line', 1), ('Lucent 330S', 2)]",5500,94.32,-37.8242077,144.99053830000003,10,5044.32,Spring,True,1.635,no coverage phone would not achieve greater than one bar reception when previous lucentrola phone almost always had full coverage...same carrier! i was really looking forward getting back to olivia as lucentrola quality is sub-par. but now it appears olivia is headed that way too!,False
ORD466992,ID0746912596,2019-10-05,Nickolson,"[('Thunder line', 2), ('iAssist Line', 1), ('Alcon 10', 1), ('Candle Inferno', 1)]",15965,82.37,-37.8243049,144.9844019,10,14450.87,Spring,False,1.4523,"got the phone in excellent shape. however got the phone in excellent shape. however, there is olivia charger and cheap cable instead of the originals. there is no adapter for headphone jack as well.",True
ORD445627,ID0579999050,2019-02-19,Thompson,"[('Olivia x460', 2), ('iStream', 1), ('Thunder line', 2)]",6960,79.96,-37.80616320000001,144.9347763,15,5995.96,Summer,False,1.3015,simply perfect simple yet perfect. sound is clear and working this phone is simple. just what i wanted.,True
ORD492298,ID3199521095,2019-08-08,Nickolson,"[('iStream', 1), ('Toshika 750', 1), ('Lucent 330S', 1)]",5700,72.8,-37.81883079999999,144.968291,25,4347.8,Winter,True,0.1139,"wow, buy one you'll not be disappointed i bought this and have not regretted it for a moment. everyone is amazed at what this phone can do.",True
ORD094590,ID1224869676,2019-01-16,Thompson,"[('iStream', 1), ('Universe Note', 2), ('Alcon 10', 2), ('pearTV', 1)]",31260,57.8,-37.8118639,144.938485,25,23502.8,Summer,False,0.7603,worse phone ever phone suddenly doesn't work without a charger now. i hate it and after six months i have to buy a new phone. so disappointed. done with pixels. just buy alcons people.,False
ORD428875,ID0163643086,2019-12-29,Nickolson,"[('Candle Inferno', 1), ('Thunder line', 2), ('Olivia x460', 2), ('pearTV', 1)]",13550,95.53,-37.8237924,144.97843799999995,0,13645.53,Summer,True,0.9723,i recommend it to others if camera is not an issue everything is perfect about the phone except for the camera make me look like my face was painted,True
ORD097928,ID0250480655,2019-08-08,Bakers,"[('Universe Note', 2), ('pearTV', 2), ('Toshika 750', 2), ('Olivia x460', 2)]",30610,74.48,-37.8108189,145.003222,15,26092.98,Winter,True,0.7086,i was going to get a olivia tablet but for doing everything this is better,True
ORD007807,ID1833110279,2019-05-22,Nickolson,"[('iStream', 2), ('Toshika 750', 2), ('iAssist Line', 2)]",13390,76.75,-37.8178063,144.9660039,10,12127.75,Autumn,True,0.324,awesome own for 19 months and love this phone. works everywhere with verizon service. have had no problem. just finally filled up and now i need an sd card for storage of pics and videos. not hard to hold due to size actually very comfortable. great features.,True
ORD164635,ID2189497204,2019-04-16,Nickolson,"[('Lucent 330S', 2), ('Thunder line', 2), ('pearTV', 2)]",19440,63.47,-37.8108428,144.9729476,0,19503.47,Autumn,True,0.9132,one star lags a lot.,False
ORD099375,ID0441588031,2019-07-12,Thompson,"[('iAssist Line', 1), ('Olivia x460', 1), ('iStream', 1)]",3600,77.36,-37.8119889,144.9383144,10,3317.36,Winter,True,0.7737,i chose this one because of the price and size of screen to use as an ereader. it has not disappointed.,True
ORD200549,ID4520380514,2019-04-16,Thompson,"[('pearTV', 2), ('Lucent 330S', 1)]",13850,65.68,-37.8117459,144.9565632,5,13223.18,Autumn,True,0.8413,never again phone kept turning on and off. seriously a waste of my time. returning ridiculous,False
ORD067772,ID2171141870,2019-04-19,Bakers,"[('Toshika 750', 2), ('Olivia x460', 2)]",11090,72.0,-37.8253236,145.0124101,0,11162.0,Autumn,False,2.2788,ok lucent good phone but there are wifi and bluetooth issues and their connectivity. i bought an open box for $350 so with those issues every now and then it's a good phone at that price. but i wouldn't pay full msrp especially with better alternatives from toshika.,True
ORD113273,ID6167191156,2019-01-18,Nickolson,"[('Candle Inferno', 1), ('pearTV', 1)]",6740,27.005,-37.8146902,144.9688726,25,5082.005,Summer,False,0.4387,no comprar la señal no funciona para nada,False
ORD073936,ID2384157684,2019-05-03,Bakers,"[('Olivia x460', 2), ('iAssist Line', 1)]",4675,81.58,-37.8007984,145.0054278,0,4756.58,Autumn,True,1.361,five stars great phone only downside is its wants to update every week and shuts down when its done.,True
ORD300697,ID5290713856,2019-05-17,Bakers,"[('Toshika 750', 1), ('pearTV', 1), ('Olivia x460', 1)]",11855,79.29,-37.8093501,144.98651,10,10748.79,Autumn,True,0.7704,"very cool phone. while it doesn't have a very good ... very cool phone. while it doesn't have a very good camera and many apps available it does work very fast and its battery life is quite acceptable. i really like it, it's also fast with 4g.",True
ORD003149,ID3115867872,2019-10-30,Nickolson,"[('iAssist Line', 2), ('Alcon 10', 1), ('iStream', 1)]",13550,76.61,-37.8138653,144.9618774,5,12949.11,Spring,False,0.8559,"phone was great, but the ""new"" battery wouldn't hold a charge ... disapointed! phone was great, but the ""new"" battery wouldn't hold a charge long before dying. this was for my 78 yr old disabled dad and he can't use it. too much of a hassle spent charging all the time.",True
ORD435584,ID2213981040,2019-06-20,Bakers,"[('Olivia x460', 1), ('Toshika 750', 1), ('iStream', 2), ('iAssist Line', 2)]",10295,34.12,-37.80200900000001,144.98377,25,7755.37,Winter,False,1.3442,"i'm still learning how to use it.  i figured out it can read my candle books to me, which is a real bonus.",True
ORD329736,ID5797758264,2019-05-14,Thompson,"[('iAssist Line', 2), ('Olivia x460', 1), ('Alcon 10', 1)]",14625,64.16,-37.80715670000001,144.9451185,25,11032.91,Autumn,False,0.6376,great phone nice phone battery life is good improved the longer i had it. google assistant is awesome hasn't let me down camera is amazing.,True
ORD196651,ID0021579160,2019-12-16,Nickolson,"[('pearTV', 1), ('Lucent 330S', 2)]",8770,74.14,-37.8200944,144.98049619999995,25,6651.64,Summer,False,0.9768,i had bought this tablet for my sister who is wheel chair bound or she lays in her bed. she gets a lot of joy from using the tablet.its big screen helps her see things better.,True
ORD282139,ID4735688735,2019-08-28,Thompson,"[('pearTV', 1), ('Universe Note', 2)]",13210,51.12,-37.80410560000001,144.9490866,0,13261.12,Winter,False,0.9701,"i've purchased 2 of these phones in a four month ... i've purchased 2 of these phones in a four month period. i thought the first time it was me, but the battery on this phone leaks causing damage to the cell phone.",False
ORD470736,ID2324975784,2019-11-30,Nickolson,"[('Olivia x460', 2), ('iAssist Line', 1), ('Candle Inferno', 1), ('pearTV', 1)]",11415,102.82,-37.8096649,144.9727582,25,8664.07,Spring,True,1.0333,worth the money husband has loved it so far,True
ORD477488,ID0282852644,2019-10-29,Bakers,"[('Universe Note', 2), ('Olivia x460', 1), ('Alcon 10', 2), ('iAssist Line', 2)]",30475,95.23,-37.7973074,145.00907019999997,15,25998.98,Spring,True,1.8645,i want my money it's not good,False
ORD007494,ID0282825751,2019-07-18,Thompson,"[('Lucent 330S', 2), ('Toshika 750', 1), ('Alcon 10', 2), ('Olivia x460', 2)]",27130,67.57,-37.8018202,144.95327880000005,0,27197.57,Winter,False,1.3258,one of the best phones from olivia one of the best phones from olivia. it has almost all the good stuff a phone can have.,True
ORD128359,ID0492939898,2019-08-20,Bakers,"[('Olivia x460', 1), ('Alcon 10', 1)]",10175,82.58,-37.8008412,145.01485449999996,15,8731.33,Winter,True,2.0043,great cell phone! great phone. olivia has got the best electronics.,True
ORD463402,ID5880339360,2019-09-27,Nickolson,"[('Olivia x460', 2), ('Alcon 10', 2), ('pearTV', 1), ('Lucent 330S', 2)]",29120,88.03,-37.819738,144.96007749999995,0,29208.03,Spring,True,0.8427,"don't waste your money this phone is no different from the a20 so don't think you are getting a better phone, in fact, it seemed as though i purchased the same phone but with a very bad fingerprint reader.",False
ORD180749,ID0575386108,2019-01-12,Nickolson,"[('Candle Inferno', 2), ('Universe Note', 2), ('iAssist Line', 1), ('Olivia x460', 2)]",12435,77.38,-37.8205224,144.98286869999995,15,10647.13,Summer,False,1.1906,"great phone :) great phone, looks and feels brand new with no issues with any programs... i love the screen and camera ... it's a bit large though and putting it in my pocket is sometimes awkward",True
ORD122176,ID0777721760,2019-02-15,Thompson,"[('iStream', 1), ('Olivia x460', 1)]",1375,74.65,-37.8057967,144.9550782,25,1105.9,Summer,False,1.0402,five stars its a very good phone,True
ORD291314,ID6167279397,2019-09-12,Thompson,"[('pearTV', 2), ('iAssist Line', 2), ('Olivia x460', 1)]",18295,64.34,-37.8111271,144.9583094,25,13785.59,Spring,False,1.0034,"extremely fragile screen screen cracked within the first month of me getting it from a 1/2 foot drop onto a wooden counter. screen repair costs more than getting a new one, wouldn't recommend it to anyone.",False
ORD238131,ID0331419020,2019-02-15,Bakers,"[('Olivia x460', 2), ('iAssist Line', 1), ('Thunder line', 1)]",6855,52.025,-37.8246626,145.0012924,5,6564.275,Summer,True,1.7174,nice size and easy to set up it's a good size phone and is very easy to get up and running.,True
ORD312455,ID0168377553,2019-05-22,Nickolson,"[('Olivia x460', 1), ('Universe Note', 1), ('Alcon 10', 2), ('pearTV', 2)]",35195,81.22,-37.8115182,144.9609941,15,29996.97,Autumn,True,1.0894,four stars nice product!,True
ORD299777,ID1681675815,2019-01-15,Nickolson,"[('iStream', 1), ('Lucent 330S', 1)]",1380,77.22,-37.809839200000006,144.97647460000005,5,1388.22,Summer,False,1.1492,five stars awesome!,True
ORD276434,ID0031477171,2019-10-23,Bakers,"[('Thunder line', 1), ('Candle Inferno', 1), ('iAssist Line', 2)]",7060,104.78,-37.7998519,144.993109,5,6811.78,Spring,True,1.1446,accessories and service satisfied with the phone and the price,True
ORD359141,ID0370750312,2019-10-13,Bakers,"[('Alcon 10', 2), ('Olivia x460', 2), ('Toshika 750', 1), ('Lucent 330S', 1)]",25900,104.41,-37.813925,144.9830509,0,26004.41,Spring,True,1.1571,five stars very good.,True
ORD338338,ID5301568574,2019-02-10,Thompson,"[('Candle Inferno', 1), ('Universe Note', 1)]",3880,92.66,-37.80872960000001,144.9421075,15,3390.66,Summer,True,0.6189,great to have along with the thunder,True
ORD446908,ID1560149573,2019-04-19,Thompson,"[('Thunder line', 2), ('Alcon 10', 1)]",13310,66.43,-37.8158381,144.93725590000003,25,10048.93,Autumn,True,0.9321,worst phone i have ever owned this phone lasted 6 months. after that it started overheating and restarting itself constantly. do not buy,False
ORD064146,ID1492410198,2019-03-15,Nickolson,"[('Toshika 750', 2), ('Lucent 330S', 2), ('Alcon 10', 2)]",29000,67.69,-37.8065787,144.96286909999995,25,21817.69,Autumn,False,1.461,"it works great and isn't a rip off it works great and isn't a rip off. it had a scratch on the phone though - i guess that's what to expect from a ""used"" item",True
ORD210701,ID0723967205,2019-06-24,Bakers,"[('pearTV', 2), ('Olivia x460', 2), ('Toshika 750', 1)]",19390,77.61,-37.80389260000001,145.0038247,25,14620.11,Winter,True,1.0162,"love it so far used in europe on 3 different carriers, 3 different country, + here in usa with att, no problem at all. love it so far.",True
ORD046566,ID0041675664,2019-06-07,Thompson,"[('Olivia x460', 1), ('Candle Inferno', 1), ('Lucent 330S', 2)]",4115,52.88,-37.8226648,144.94708490000005,0,4167.88,Winter,False,1.1122,"two stars it came as expected, but the battery only last 20 minutes if anything then it dies",False
ORD475026,ID2209383485,2019-06-25,Thompson,"[('Toshika 750', 2), ('pearTV', 1)]",14950,68.09,-37.7997486,144.9574922,0,15018.09,Winter,False,1.706,excellent i'm very happy with my phone. battery life is good enough for a whole day.,True
ORD150999,ID6206878690,2019-04-27,Nickolson,"[('Universe Note', 1), ('Toshika 750', 1), ('Lucent 330S', 2), ('Candle Inferno', 1)]",10660,66.21,-37.824756,144.9568999,10,9660.21,Autumn,False,1.3069,"five stars all very good, excellent seller, thanks.",True
ORD176927,ID6167191172,2019-09-11,Nickolson,"[('Olivia x460', 1), ('Universe Note', 1), ('Lucent 330S', 1)]",5905,102.29,-37.8170903,144.9606255,5,5712.04,Spring,True,0.8026,verizon customer phone was nice and easy to activate,True
ORD133836,ID2766300604,2019-11-20,Nickolson,"[('Toshika 750', 1), ('Candle Inferno', 2), ('iStream', 1), ('Lucent 330S', 2)]",7790,90.11,-37.8067131,144.9688406,0,7880.11,Spring,True,1.3241,dont buy referbish screen stop working after 1 day.,False
ORD321578,ID0440506810,2019-01-09,Bakers,"[('Thunder line', 1), ('Universe Note', 2)]",9080,96.27,-37.803373,144.9828814,25,6906.27,Summer,True,1.3128,i’m loving it so far so good,True
ORD483951,ID4391665567,2019-12-04,Nickolson,"[('Toshika 750', 2), ('iStream', 2), ('iAssist Line', 1)]",11165,72.98,-37.8119762,144.96376809999995,5,10679.73,Summer,False,0.8952,best purchase this year.,True
ORD303838,ID0364845726,2019-08-17,Bakers,"[('Alcon 10', 1), ('pearTV', 2)]",21570,68.98,-37.801387,144.9806043,25,16246.48,Winter,False,1.6042,five stars very happy,True
ORD045660,ID0767592592,2019-02-14,Nickolson,"[('Olivia x460', 1), ('Lucent 330S', 2)]",3685,95.61,-37.8080931,144.9731894,10,3412.11,Summer,True,1.212,good phone🤩 good phone🤩,True
ORD378488,ID1668523020,2019-05-05,Thompson,"[('Thunder line', 1), ('Lucent 330S', 2), ('Alcon 10', 1)]",13590,65.2,-37.8082365,144.9421811,10,12296.2,Autumn,False,0.6547,s10e haven't had this phone but a short time but i have fallen in love lol,True
ORD370056,ID0440061349,2019-10-14,Bakers,"[('Toshika 750', 1), ('Thunder line', 2)]",8680,98.93,-37.8145045,144.9919676,5,8344.93,Spring,True,0.5782,excellent condition this item was delivered right on time. it is in perfect shape and works perfectly fine.,True
ORD308472,ID0289602744,2019-05-24,Thompson,"[('Thunder line', 1), ('Olivia x460', 1)]",3405,77.38,-37.81160850000001,144.94820159999998,15,2971.63,Autumn,True,0.1548,"regular phone this phone is ok, the camera should be better but well, i like the design",True
ORD271647,ID0591258553,2019-08-20,Thompson,"[('pearTV', 1), ('Toshika 750', 1)]",10630,70.39,-37.8239999,144.9537655,15,9105.89,Winter,False,1.3916,"great gift! my friend had an older i-pad that pooped out. so i bought her this one for her birthday. it's a gift, i know she uses every day.",True
ORD018084,ID0709965773,2019-06-09,Thompson,"[('Lucent 330S', 2), ('Toshika 750', 1), ('iStream', 2), ('iAssist Line', 2)]",11530,76.86,-37.81397370000001,144.9356375,5,11030.36,Winter,True,1.0157,phoneed worked perfectly and all. my only concern was ... phoneed worked perfectly and all. my only concern was that it came with fake earbuds and a broken charger so i definitely had to replace those.,True
ORD468655,ID1288940402,2019-01-25,Thompson,"[('Thunder line', 1), ('iAssist Line', 2), ('iStream', 1), ('Toshika 750', 2)]",15420,74.18,-37.818868,144.9522176,5,14723.18,Summer,False,0.8249,value for money. good product.,True
ORD469518,ID0641022145,2019-05-11,Thompson,"[('Thunder line', 1), ('Olivia x460', 2), ('iStream', 1), ('Alcon 10', 2)]",22680,120.945,-37.80682720000001,144.9378833,15,19398.945,Autumn,True,1.0373,face recognition is great like size and speed,True
ORD134445,ID0634783053,2019-04-13,Thompson,"[('Toshika 750', 1), ('Candle Inferno', 2), ('Olivia x460', 1)]",6405,66.45,-37.8118411,144.9389553,5,6151.2,Autumn,False,0.7195,i like. coming from a olivia... anything is better. this was just... better. given the olivia was free and i paid for this...,True
ORD036373,ID5257193650,2019-03-07,Bakers,"[('iStream', 1), ('Olivia x460', 1)]",1375,65.41,-37.812231,144.9886793,0,1440.41,Autumn,False,0.6277,"like new. my renewed unit came with a glass screen protector installed on it which was a nice touch. so far, besides the battery and a not-so-bright screen i have no complaints. i'm sure as time passes the device will learn my habits and become more battery efficient.",True
ORD107495,ID3144992707,2019-01-25,Bakers,"[('Candle Inferno', 2), ('Lucent 330S', 2)]",3320,69.89,-37.8140575,144.9901368,5,3223.89,Summer,False,0.6365,five stars replacement phone for my wife. she loves it!!,True
ORD194820,ID0591435982,2019-09-20,Nickolson,"[('Toshika 750', 1), ('iAssist Line', 2), ('iStream', 1), ('pearTV', 1)]",15230,110.535,-37.8188045,144.9658251,15,13056.035,Spring,False,0.3285,my wife loved her gift. i made the right purchase.,True
ORD362635,ID0846591178,2019-01-22,Nickolson,"[('pearTV', 2), ('Toshika 750', 2)]",21260,69.29,-37.822004,144.96958700000005,5,20266.29,Summer,False,0.3795,purchased for a replacement phone my moms phone died we purchased this as replacement. came on time and infernod right up. works just like old phone. happy with the purchase.,True
ORD240313,ID2325319146,2019-11-03,Thompson,"[('Lucent 330S', 1), ('Thunder line', 2), ('iAssist Line', 1), ('Alcon 10', 1)]",16765,80.74,-37.82445,144.9465365,10,15169.24,Spring,False,1.3118,love the alarm feature...just tell what time.,True
ORD114409,ID0579986298,2019-04-06,Thompson,"[('pearTV', 2), ('Alcon 10', 1)]",21570,73.84,-37.8123341,144.9468664,5,20565.34,Autumn,True,0.0417,worth for money worth for money arrived on time.i am very happy with this phone,True
ORD173359,ID0409550969,2019-01-07,Bakers,"[('Thunder line', 1), ('Alcon 10', 2), ('Lucent 330S', 1), ('Olivia x460', 1)]",22535,84.54,-37.797445,144.9976986,25,16985.79,Summer,True,1.4139,battery life and camera does not work battery life is bad charge twice a day once 3 times .can't take battery out. sometimes touch screen does not work have to go out and come back in and to many ads sending back,False
ORD490710,ID0591430541,2019-12-26,Nickolson,"[('Alcon 10', 1), ('Olivia x460', 1), ('iAssist Line', 2), ('Universe Note', 1)]",18075,100.53,-37.8175146,144.9672298,25,13656.78,Summer,False,0.2369,happy with product ! this anti-glare screen came as stated. it went on pretty easy. there is no shine even in the sun and no finger prints. if you do get something on the screen it cleans up very well. i'm happy with it !,True
ORD413904,ID2288769462,2019-07-19,Bakers,"[('iAssist Line', 2), ('Alcon 10', 1), ('Thunder line', 2)]",17760,78.92,-37.801905,145.00343569999995,15,15174.92,Winter,True,1.154,muy buena compra esta en perfecta condiciones,True
ORD313466,ID3212024915,2019-08-06,Thompson,"[('Olivia x460', 2), ('Alcon 10', 2)]",20350,62.72,-37.8083859,144.9477409,10,18377.72,Winter,False,0.4809,love the size so far so good. fast. easy to operate. love the size!,True
ORD431157,ID4520380554,2019-11-04,Nickolson,"[('iStream', 1), ('Universe Note', 2), ('iAssist Line', 2)]",11500,61.08,-37.8199091,144.9613446,5,10986.08,Spring,False,0.7363,"one star garbage, constant problems, crashes, upload problems, just a poor phone in general, did not last 6 months",False
ORD028824,ID0777759743,2019-07-22,Thompson,"[('Universe Note', 2), ('Olivia x460', 1), ('iStream', 1)]",8275,65.33,-37.8060843,144.9572116,15,7099.08,Winter,False,1.1548,powerful phone though almost 2 years old still carries a powerful punch with features.... it's a beast ohone,True
ORD256885,ID3218293534,2019-01-24,Thompson,"[('Alcon 10', 2), ('Olivia x460', 2)]",20350,93.51,-37.8044214,144.94987780000002,15,17391.01,Summer,True,0.9512,"great phone 👌 great product, arrived early. relatively the same experience as an s6 but getting that memory card is no joke 😅",True
ORD433313,ID5301568580,2019-11-10,Thompson,"[('iAssist Line', 2), ('Lucent 330S', 1), ('pearTV', 2), ('iStream', 2)]",18600,74.0,-37.8086494,144.9423642,25,14024.0,Spring,False,0.6098,"this thunder is just as great as my others, even though it is smaller.",True
ORD280028,ID0361768817,2019-06-06,Bakers,"[('iStream', 1), ('Lucent 330S', 1), ('Olivia x460', 1), ('Universe Note', 1)]",6055,80.28,-37.8003449,144.9831805,15,5227.03,Winter,True,1.5092,android one great product!!!!,True
ORD416200,ID0372992239,2019-10-26,Bakers,"[('iStream', 1), ('Alcon 10', 2), ('Lucent 330S', 1), ('Universe Note', 1)]",22730,107.51,-37.8076088,144.9797887,0,22837.51,Spring,True,1.384,"great phone, activated right out of the box bought it for t-mobile. activated without any issues, battery life is okay. screen quality is amazing. had no issues so far.",True
ORD452798,ID0575434494,2019-06-07,Nickolson,"[('Lucent 330S', 2), ('iAssist Line', 1)]",4685,78.05,-37.8188803,144.98182130000004,10,4294.55,Winter,True,1.0795,works perfectly i got this used like new and its on great condition i placed the ... works perfectly i got this used like new and its on great condition i placed the costa rican chip (moviestar ) and it worked instantly no issues,True
ORD062815,ID0628175740,2019-07-16,Thompson,"[('Lucent 330S', 1), ('Candle Inferno', 2), ('Universe Note', 2)]",8990,45.87,-37.8123722,144.9479386,15,7687.37,Winter,False,0.0835,audio is broken the speaker on my phone is screwed up. i thought it was just my internet but no. you can’t talk on speaker or facetime without the audio going in and out.,False
ORD057552,ID0387153106,2019-12-21,Thompson,"[('Olivia x460', 2), ('pearTV', 2), ('Lucent 330S', 2), ('iAssist Line', 1)]",19755,93.45,-37.8083929,144.955658,0,19848.45,Summer,True,0.8931,excellent. i was able to keep my cheap prepaid verizon plan but upgrade to a smartphone. excellent.,True
ORD359281,ID0250480672,2019-07-27,Bakers,"[('Lucent 330S', 1), ('pearTV', 2), ('iAssist Line', 1)]",16075,49.61,-37.8093802,145.0025535,5,15320.86,Winter,False,0.6475,camera makes noise and the heart rate sensor stopped working ... camera makes noise and the heart rate sensor stopped working after a couple weeks and the rotation feature stopped working,False
ORD191918,ID0589420291,2019-02-04,Nickolson,"[('Lucent 330S', 1), ('Alcon 10', 2), ('Thunder line', 1), ('Candle Inferno', 1)]",21740,74.51,-37.8096046,144.9726112,15,18553.51,Summer,False,1.0363,"great love the display and easy to use, though still learning what all it can do everyday.",True
ORD463634,ID0131247249,2019-06-14,Nickolson,"[('Toshika 750', 1), ('pearTV', 2), ('iStream', 1), ('Olivia x460', 2)]",19540,65.15,-37.8134098,144.96211269999995,25,14720.15,Winter,False,0.8724,fast and up to date perfect for what it was needed for. wish it had more internal memory but for the price it's a great phone,True
ORD024083,ID0372022726,2019-08-13,Bakers,"[('iAssist Line', 2), ('Candle Inferno', 2), ('Lucent 330S', 1)]",6540,41.595,-37.8030196,144.9771519,10,5927.595,Winter,True,1.7697,great product great product works perfect have no problems so far,True
ORD495794,ID0664322640,2019-10-19,Thompson,"[('Lucent 330S', 2), ('Universe Note', 2), ('Thunder line', 2)]",13720,85.29,-37.8154782,144.95394,15,11747.29,Spring,True,0.6802,no ha sido entregado el producto no fue recibido y no se lo encuentra,False
ORD238954,ID0579399647,2019-05-27,Nickolson,"[('iStream', 1), ('Toshika 750', 2)]",8790,62.49,-37.8184825,144.9747793,25,6654.99,Autumn,False,0.4599,great the unit was great camera super clear.nigth mode was funtastic.kudos to seller for fast shipping.,True
ORD476235,ID1283628978,2019-08-17,Thompson,"[('Candle Inferno', 2), ('iStream', 2), ('Thunder line', 2)]",5520,120.555,-37.7998744,144.9550581,0,5640.555,Winter,True,1.5886,"amazing phone! while i purchased the international version, it does work perfectly on cricket service. i am pleased with every feature it has that i have learned in the last few days since purchasing. im pro pear, but this has swayed my mind a lot! i love it!",True
ORD278819,ID0294628572,2019-07-23,Nickolson,"[('iAssist Line', 2), ('Olivia x460', 1), ('iStream', 1)]",5825,57.03,-37.8174032,144.97039080000005,0,5882.03,Winter,True,0.1518,cracked! are you kidding? just received this cell phone and it was not only cracked on the bottom but there were scratches all over it. i am more than disappointed right now.,False
ORD141327,ID4297530209,2019-08-02,Nickolson,"[('Toshika 750', 2), ('Olivia x460', 2), ('Universe Note', 1)]",14540,54.97,-37.8056978,144.9772408,0,14594.97,Winter,False,1.587,"this is not an unlocked phone, it's a sprint ... this is not an unlocked phone, it's a sprint phone. and as others have commented, there were several accessories missing in the box.",False
ORD330566,ID0591428011,2019-05-15,Nickolson,"[('pearTV', 2), ('Universe Note', 1), ('Lucent 330S', 1)]",17300,50.56,-37.8179891,144.9620086,10,15620.56,Autumn,False,0.6667,manufacturing error the phone can not get any network connection after 6 months of use pear is telling me that there is no guarantee on this phone this model number had manufacturing issues but pear won’t exchange the phone,False
ORD357050,ID2776394281,2019-01-15,Nickolson,"[('pearTV', 2), ('iStream', 1)]",12770,59.07,-37.8117797,144.96347609999995,15,10913.57,Summer,False,0.9279,"phone doesn't turn on, thanks phone doesn't freaking turn on, i plug in charger sim card battery everything, i connect the phone and it vibrate for a second but there's nothing on screen, very upset with manufacture for sending me a broken phone, will be returning and take business else where",False
ORD177102,ID2279006915,2019-04-30,Thompson,"[('Olivia x460', 2), ('Candle Inferno', 2), ('Toshika 750', 1)]",7630,66.17,-37.8159547,144.95750959999995,25,5788.67,Autumn,False,0.9882,good value phone works perfectly and exactly as described by vendor,True
ORD350096,ID6167254921,2019-07-21,Nickolson,"[('Alcon 10', 1), ('Candle Inferno', 1)]",9380,64.17,-37.81833029999999,144.96485239999996,15,8037.17,Winter,False,0.4142,"completely happy with phone and works fast delivery, looks new, completely happy with phone and works!",True
ORD441742,ID0575391650,2019-10-13,Nickolson,"[('Thunder line', 2), ('Toshika 750', 1)]",8680,105.17,-37.8210808,144.983917,0,8785.17,Spring,True,1.2932,good to go phone works well but did not know that it was a 1st generation phone.,True
ORD396807,ID0233315009,2019-12-12,Nickolson,"[('Toshika 750', 1), ('Lucent 330S', 2)]",6780,82.0,-37.8027963,144.9749412,15,5845.0,Summer,False,1.8214,five stars nice!,True
ORD242441,ID0579411839,2019-09-27,Nickolson,"[('Lucent 330S', 2), ('iStream', 1), ('pearTV', 1), ('Thunder line', 1)]",11100,72.89,-37.8221633,144.9681243,15,9507.89,Spring,False,0.4166,i enjoy to use the reader and like the idea that i can go to the internet from the candle.,True
ORD003738,ID1449431389,2019-07-31,Nickolson,"[('Candle Inferno', 1), ('Universe Note', 2), ('Olivia x460', 1)]",8555,61.22,-37.8156715,144.9738142,5,8188.47,Winter,True,0.4964,"im regreting i dislike the phone which i got /// is there any possibility of exchanging my phone// if so it would be appreciated/// i trusted digico but, i got an useless phone .. its working properly",False
ORD426621,ID6197211195,2019-12-14,Thompson,"[('Alcon 10', 1), ('Toshika 750', 1)]",13270,87.94,-37.8147958,144.92705790000005,0,13357.94,Summer,True,1.7756,the wifi would drop often to where i could not listen to spotify or other services without buffering.,False
ORD204015,ID0579498253,2019-08-04,Thompson,"[('Universe Note', 1), ('Candle Inferno', 1)]",3880,38.725,-37.8157265,144.9510606,5,3724.725,Winter,True,0.4886,still working ok,True
ORD431186,ID0579383913,2019-12-21,Thompson,"[('Universe Note', 1), ('iAssist Line', 1), ('Candle Inferno', 2)]",6535,78.66,-37.8243707,144.94256299999995,10,5960.16,Summer,False,1.3611,"perfect he's wonderful, too bad we can't activate the phone line.",True
ORD070613,ID0361771408,2019-01-13,Bakers,"[('Toshika 750', 2), ('Universe Note', 2), ('Alcon 10', 1)]",24490,102.59,-37.8003498,144.9796436,0,24592.59,Summer,True,1.7415,"i was getting this as a replacement for my that got wet. love this phone, better than my original one that i paid 700 for . charges faster.",True
ORD234136,ID2841675038,2019-03-20,Nickolson,"[('Candle Inferno', 2), ('Olivia x460', 2), ('Lucent 330S', 2), ('Thunder line', 2)]",10130,69.93,-37.8006096,144.9702257,0,10199.93,Autumn,False,2.003,"great phone! had it for a couple of days now, but seems to be pretty great! feels like it is worth way more than i paid for it.",True
ORD409985,ID0306905235,2019-06-13,Thompson,"[('Alcon 10', 2), ('Toshika 750', 2)]",26540,76.89,-37.8119931,144.93840480000003,10,23962.89,Winter,False,0.7657,nada importante muy irresponsables son muy irresponsables me llego mal y regrese el producto y no me am dado mi reembolso ya ase 3 meses,False
ORD010615,ID1998397487,2019-05-25,Thompson,"[('Olivia x460', 2), ('Candle Inferno', 2)]",3310,82.5,-37.800479,144.95883590000003,25,2565.0,Autumn,True,1.7069,but besides the odds i do like for one i had to switch from my carrier which was at&the to verizon than they say it's not the original charger for the phone and it was late getting here .. but besides the odds i do like it,True
ORD220848,ID0746427709,2019-09-28,Bakers,"[('iStream', 2), ('Candle Inferno', 2), ('Alcon 10', 2), ('Lucent 330S', 1)]",20290,59.15,-37.8167289,144.9948716,10,18320.15,Spring,False,0.7501,"do not buy this this product has not one but several problems. it's not the genuine unlocked phone, instead, an at&t locked one. further, even as a refurbished item, it has very bad scratches on the back panel and on the camera lens. face recognition is pretty slow and battery life is way shorter than a fresh one. returned after a week only.",False
ORD068509,ID3144992720,2019-12-17,Bakers,"[('Lucent 330S', 2), ('iStream', 1), ('Universe Note', 1)]",6060,94.91,-37.8128845,144.98480080000004,15,5245.91,Summer,True,0.9721,five stars excellent phone,True
ORD359184,ID0493873191,2019-10-11,Nickolson,"[('Universe Note', 1), ('Toshika 750', 1), ('Alcon 10', 2)]",25670,81.4,-37.8058582,144.97304499999996,25,19333.9,Spring,False,1.4507,five stars really good,True
ORD445320,ID0207078719,2019-05-15,Bakers,"[('Candle Inferno', 1), ('Toshika 750', 1)]",4750,84.56,-37.8211747,145.01544950000005,10,4359.56,Autumn,True,2.1701,five stars perfect!,True
ORD098994,ID0615176085,2019-11-15,Bakers,"[('Olivia x460', 1), ('iStream', 2), ('iAssist Line', 2), ('Alcon 10', 2)]",23875,107.4,-37.8021195,144.9825183,25,18013.65,Spring,True,1.4209,bought this for a christmas gift. have heard good things about them and it was a recommended buy.,True
ORD396013,ID0579380055,2019-12-11,Thompson,"[('Thunder line', 1), ('Alcon 10', 1)]",11130,101.62,-37.8215102,144.9307248,5,10675.12,Summer,True,1.7417,five stars good phone,True
ORD432190,ID6167357869,2019-07-27,Nickolson,"[('Toshika 750', 2), ('Olivia x460', 1), ('Thunder line', 1)]",12045,49.17,-37.81348920000001,144.9738639,0,12094.17,Winter,False,0.6833,they forgot to mention it no longer meets network requirements. they forgot to mention it no longer meets network requirements and can't even be connected at all :( waste of time and money.,False
ORD438627,ID0777801210,2019-02-08,Thompson,"[('iAssist Line', 1), ('Lucent 330S', 2), ('Alcon 10', 1)]",13635,142.365,-37.8052831,144.95531699999995,5,13095.615,Summer,True,1.0968,this is my second candle. love size of screen and it is super light. great camera.,True
ORD437148,ID0578058125,2019-12-01,Thompson,"[('Alcon 10', 1), ('Lucent 330S', 1)]",10180,78.05,-37.8250564,144.9461365,15,8731.05,Summer,False,1.3809,best b it is helping them to learn to read and follow directions .best buy had the products and provided great customer service. grandsons are enjoying product use.,True
ORD104365,ID4061053448,2019-04-26,Bakers,"[('Alcon 10', 2), ('Toshika 750', 2), ('Olivia x460', 2), ('Lucent 330S', 1)]",30220,75.04,-37.8097468,144.9925222,10,27273.04,Autumn,True,0.2399,four stars very good product. i really like. it's better than my universe s2. i'm a satisfy customer...,True
ORD022221,ID0664378487,2019-07-20,Nickolson,"[('Thunder line', 2), ('Alcon 10', 1)]",13310,72.76,-37.8203784,144.9666014,10,12051.76,Winter,True,0.3266,i need help asap i love the phone but it doesn’t work i’m reaching out in a message and i’ve also called and had to leave a message and i’m not getting a faster response!!,True
ORD093221,ID0781096031,2019-07-17,Thompson,"[('iAssist Line', 2), ('Lucent 330S', 1), ('Thunder line', 2)]",10040,80.06,-37.8023282,144.9435265,25,7610.06,Winter,True,1.193,"everything i loved it, the best purchase ever!! thanks",True
ORD365877,ID0579399656,2019-02-20,Nickolson,"[('Alcon 10', 2), ('iStream', 2), ('Olivia x460', 2), ('iAssist Line', 2)]",25100,69.56,-37.8188311,144.9755155,0,25169.56,Summer,False,0.5251,five stars best phone i've ever owned. ever,True
ORD048689,ID3394697653,2019-04-15,Nickolson,"[('iAssist Line', 2), ('iStream', 2), ('Thunder line', 2), ('Olivia x460', 2)]",11560,65.94,-37.8097864,144.9639256,15,9891.94,Autumn,True,1.0983,one star mine came locked to att also completelystopped working within a few days of normal damage,False
ORD336931,ID6207106381,2019-05-06,Bakers,"[('iAssist Line', 1), ('pearTV', 1), ('Universe Note', 1)]",11985,76.76,-37.8124253,144.9987884,10,10863.26,Autumn,True,0.4135,"my  wife & i enjoy the ease of playing our music. the games are fun & entertaining, i look forward to adding more smart products to my home.",True
ORD322254,ID0387152985,2019-11-27,Thompson,"[('Lucent 330S', 1), ('pearTV', 2)]",13850,76.03,-37.80587070000001,144.94662590000004,15,11848.53,Spring,False,0.7582,the best phone olivia s9 is perfect,True
ORD469667,ID4893294491,2019-07-31,Thompson,"[('iStream', 2), ('Universe Note', 1)]",3750,70.28,-37.816865,144.9289353,5,3632.78,Winter,False,1.6615,"excelente inversión funciona perfecto, es súper rápido, las fotos son increíbles y es excelente por su precio. no lo dudes! funciona genial en argentina",True
ORD154269,ID2207663849,2019-05-06,Thompson,"[('Universe Note', 2), ('Thunder line', 2), ('Olivia x460', 1)]",12485,81.31,-37.8012858,144.9457072,10,11317.81,Autumn,True,1.2733,second purchase i just bought another lucent g for my daughter for christmas. the first one was for my husband and he is very pleased with this phone. comming from a man who used a flip phone for as long as possible.,True
ORD002744,ID1668523637,2019-01-04,Nickolson,"[('pearTV', 2), ('Alcon 10', 2)]",30520,97.09,-37.8244809,144.9594236,10,27565.09,Summer,True,1.1056,i was always an ipad person but after having this i'm fine with it. it's easy to use and inexpensive.,True
ORD156097,ID3144992704,2019-12-03,Bakers,"[('iAssist Line', 1), ('Thunder line', 1), ('iStream', 1)]",4555,72.25,-37.81507070000001,144.9889123,0,4627.25,Summer,False,0.7925,five stars good price works well,True
ORD165530,ID3419344105,2019-02-22,Nickolson,"[('Toshika 750', 1), ('Thunder line', 2)]",8680,96.74,-37.8080982,144.9767184,25,6606.74,Summer,True,1.3276,the smart phone is real smart exceeds my expectations. it has so many unexpected features that improve phone functions. a great value for the price,True
ORD391471,ID0628182618,2019-12-10,Thompson,"[('Olivia x460', 1), ('Lucent 330S', 2), ('iStream', 1), ('Toshika 750', 1)]",8155,66.92,-37.8135271,144.9490879,15,6998.67,Summer,False,0.2014,"no problems here great little flip phone, was just what i needed",True
ORD221515,ID0576879097,2019-09-28,Nickolson,"[('Toshika 750', 2), ('iAssist Line', 1)]",10865,102.25,-37.8201805,144.980577,0,10967.25,Spring,True,0.9855,olivia universe s8+64 gb i am very happy with this phone. ryszard,True
ORD304420,ID2686224593,2019-03-07,Bakers,"[('Candle Inferno', 1), ('Toshika 750', 1), ('iStream', 2)]",5050,49.9,-37.8113501,145.0009867,10,4594.9,Autumn,False,0.5281,screen breaks easily holding this phone without a case is like holding a wet soap with bare hands. broke my screen on the first day. very cheap material. verits just for show.,False
ORD478824,ID0283334505,2019-07-22,Thompson,"[('iStream', 1), ('Thunder line', 2), ('Universe Note', 2)]",11410,68.68,-37.8006114,144.94998280000004,25,8626.18,Winter,False,1.3669,"phone charger in south africa we use european charger but you packed us charger, but except that, digico service was perfect and i got my in a good condition. thank you",True
ORD292869,ID2975216733,2019-06-18,Thompson,"[('Universe Note', 1), ('Candle Inferno', 1)]",3880,82.36,-37.7993218,144.95903090000004,5,3768.36,Winter,True,1.8209,"got this for my wife for christmas, wasn't sure she would use it. turned out to be a great gift. perfect for email, facebook with the kids, get's her bookclub book delivered instantly from digico. and good battery life with a sharp picture.",True
ORD388609,ID3158860634,2019-11-08,Thompson,"[('pearTV', 2), ('iStream', 1), ('Alcon 10', 1), ('Olivia x460', 2)]",24170,76.26,-37.8142605,144.9551879,15,20620.76,Spring,False,0.7355,the tablet is excellent! very fast and well worth the money! the display is great!,True
ORD054069,ID2442297407,2019-09-22,Thompson,"[('pearTV', 1), ('Candle Inferno', 1), ('Thunder line', 1), ('Lucent 330S', 2)]",11380,61.92,-37.8176784,144.9512757,5,10872.92,Spring,False,0.6688,stuck pixel developed a stuck pixel after a few days.,False
ORD470663,ID0781082364,2019-07-29,Bakers,"[('Alcon 10', 1), ('Candle Inferno', 1), ('Universe Note', 2)]",16280,86.9,-37.8254859,145.0151583,15,13924.9,Winter,True,2.4584,neat! powerful device,True
ORD143692,ID0095562816,2019-06-16,Thompson,"[('Lucent 330S', 2), ('Thunder line', 2), ('Olivia x460', 2)]",9270,71.49,-37.8028221,144.9295031,0,9341.49,Winter,False,1.8945,"such a fun, easy, and convenient device to have around the house. no need to pick up my phone to look something up, just a few words and the world is at your fingertips. the speaker puts off great sound and the screen is crisp. the price is right for a device like this.",True
ORD328623,ID4716795167,2019-10-13,Thompson,"[('iAssist Line', 1), ('Alcon 10', 1), ('pearTV', 2)]",23795,101.96,-37.8188179,144.9533761,10,21517.46,Spring,True,0.8806,"too much bloatwear has an awesome camera, cool and unique way to use it with a sliding function. clear and bright amoled display and comes with a case and wireless charger. but has allot of pre installed apps that cannot be deleted.",True
ORD245839,ID3204395234,2019-10-22,Thompson,"[('Universe Note', 1), ('Thunder line', 2), ('Alcon 10', 2), ('iStream', 2)]",26010,100.79,-37.807145,144.9487854,10,23509.79,Spring,True,0.6336,perfect it came in the casing with all brand new look. delivered on time and was just as expecting. love the style of these phones - they are made well and very durable.,True
ORD021693,ID1038084498,2019-03-06,Nickolson,"[('Lucent 330S', 2), ('Universe Note', 1), ('Thunder line', 2), ('iStream', 2)]",10570,64.13,-37.8129669,144.9655656,5,10105.63,Autumn,False,0.7179,great condition. like new no flaws i am very impressed by the condition of the phone. like new all the way around. everything works and it holds all of the charge as if it were new. i am extremely pleased with my purchase.,True
ORD126541,ID6167279408,2019-02-04,Nickolson,"[('Olivia x460', 2), ('Thunder line', 1), ('Alcon 10', 1), ('Candle Inferno', 1)]",14010,79.93,-37.8104104,144.9611582,5,13389.43,Summer,True,1.1725,sspend a little more money for phone that work well the phones work (i've gotten two) about 31 days then crap out one can't call the other can't even turn on and the you're sol because the warranty runs out after 30 day and the vendor plays that card hard don't buy anything from them,False
ORD451997,ID0506050894,2019-03-23,Thompson,"[('iAssist Line', 1), ('Alcon 10', 2), ('pearTV', 2)]",32745,63.23,-37.8138999,144.944226,15,27896.48,Autumn,True,0.2849,what a junk/useless product item arrived in time but does not support any gsm network in ghana. i don’t know how to return it for my money. it’s a junk product for me now,False
ORD119752,ID4287120807,2019-05-02,Bakers,"[('Thunder line', 1), ('Alcon 10', 2), ('iStream', 2)]",20380,65.02,-37.81087670000001,144.98720269999995,5,19426.02,Autumn,True,0.7129,"this one star is not for the seller!!!!!! it is for the xp!!!!!!!!!!!!!! a really a bad phone! tellme"" speek feature lauches for no reason!!!!!!! search lauches for no reason !!!!!!!!!!!!!!!!!!!!! not even can earn one star!",False
ORD078399,ID3961293512,2019-04-18,Nickolson,"[('Thunder line', 1), ('Olivia x460', 1), ('Toshika 750', 2)]",12045,122.08500000000001,-37.831769,144.9648658,5,11564.835,Autumn,True,1.5233,"olivia quality upgrade i was surprised it looked like new, no scratches. perfect replacement upgrade for my 3 yr old olivia that was in need of a new battery.",True
ORD407076,ID3106293374,2019-09-07,Thompson,"[('Universe Note', 2), ('Candle Inferno', 1), ('iAssist Line', 1), ('Alcon 10', 2)]",27455,106.14,-37.8067534,144.93257250000005,10,24815.64,Spring,True,1.4351,good phone 5 inch display is a little small.,True
ORD165998,ID0260906820,2019-05-10,Bakers,"[('Toshika 750', 2), ('Alcon 10', 1), ('Lucent 330S', 2), ('pearTV', 2)]",32670,70.96,-37.8231778,145.0138494,15,27840.46,Autumn,False,2.1985,"excellent, with minor flaws. phone was in like new shape, no scratches, dings or dents. only thing i find wrong is that the battery life is underwhelming, will barely make it the day with light-moderate usage, other than that it's great for half the price of the carrier.",True
ORD494119,ID1449316603,2019-12-02,Bakers,"[('Olivia x460', 1), ('Lucent 330S', 2), ('Toshika 750', 2)]",12325,80.42,-37.8175782,144.9900592,0,12405.42,Summer,True,0.9588,junk it didn’t work,False
ORD135427,ID0103295646,2019-08-07,Nickolson,"[('Toshika 750', 2), ('Alcon 10', 1), ('iStream', 2), ('Universe Note', 2)]",24790,31.525,-37.8154348,144.96281580000004,10,22342.525,Winter,False,0.6889,really good budget phone very good budget phone with all latest android software features.,True
ORD232061,ID2797986650,2019-10-09,Nickolson,"[('Universe Note', 2), ('Toshika 750', 1)]",11220,105.37,-37.8053548,144.9736275,25,8520.37,Spring,True,1.5168,great value definitely a great value,True
ORD291393,ID0576878121,2019-10-19,Nickolson,"[('Toshika 750', 2), ('iAssist Line', 2), ('Thunder line', 2)]",17450,82.65,-37.8161385,144.97247030000003,0,17532.65,Spring,True,0.3751,phone doesn't work the internal antenna was broke and would not receive service. had to take it to pear to be looked at only to have to buy a new phone to have a working phone. not worth it.,False
ORD229624,ID0575524464,2019-06-29,Nickolson,"[('pearTV', 1), ('Alcon 10', 2), ('Thunder line', 1)]",26390,52.59,-37.8208667,144.98236169999996,15,22484.09,Winter,False,1.1545,faulty power button. power button malfunctioned after a month. had to have it replaced.,False
ORD140366,ID0331416637,2019-02-24,Bakers,"[('Olivia x460', 2), ('iAssist Line', 1)]",4675,80.78,-37.8215393,145.007936,15,4054.53,Summer,False,1.7027,great phone! it's a great phone overall. i don't really have a use for the pen aspect of it. but it's a really neat when i tried it out. love this phone! great upgrade from my s8.,True
ORD317063,ID0202690483,2019-12-11,Thompson,"[('pearTV', 2), ('Lucent 330S', 1)]",13850,93.53,-37.8040739,144.9175502,15,11866.03,Summer,False,2.767,nice so far want ever by another phone wasn’t even unlocked,True
ORD087150,ID4520380433,2019-09-29,Nickolson,"[('iStream', 1), ('iAssist Line', 2), ('Alcon 10', 2)]",22500,85.51,-37.8194281,144.9611686,25,16960.51,Spring,True,0.7429,worth it for the price low battery life,False
ORD187630,ID0247533244,2019-03-23,Thompson,"[('Olivia x460', 2), ('iAssist Line', 2), ('Candle Inferno', 1), ('Lucent 330S', 1)]",8560,64.02,-37.816609,144.9494845,15,7340.02,Autumn,True,0.4869,cell phone its so hard to figure out,False
ORD478774,ID0634783951,2019-07-12,Thompson,"[('Candle Inferno', 2), ('iAssist Line', 2), ('iStream', 1), ('Toshika 750', 2)]",14100,78.33,-37.813104,144.9374875,10,12768.33,Winter,True,0.844,amazing phone is amazing. will connect with metro pcs if anybody was interested on knowing.,True
ORD176352,ID0664378903,2019-10-14,Nickolson,"[('Alcon 10', 2), ('iStream', 2)]",18200,72.66,-37.8204838,144.9661266,0,18272.66,Spring,False,0.3673,play game frequently it is very worthy to buy that phomr,True
ORD317422,ID3146808069,2019-09-25,Bakers,"[('Candle Inferno', 2), ('Toshika 750', 2)]",9500,103.06,-37.8116972,144.9835727,25,7228.06,Spring,True,1.0427,great purchase just bought it used and it looks and works great!,True
ORD047859,ID2774328324,2019-07-23,Bakers,"[('Candle Inferno', 1), ('Olivia x460', 1), ('Alcon 10', 1)]",10605,62.27,-37.8049059,144.99376759999996,5,10137.02,Winter,False,0.5811,i like my digico inferno stick i use it for my tv thank you for your help when i called you to get further instructions how to use it thank you have a good evening,True
ORD414874,ID0709970691,2019-04-20,Thompson,"[('Thunder line', 2), ('Candle Inferno', 2)]",5220,68.09,-37.8154462,144.93564719999995,15,4505.09,Autumn,False,1.0508,good phone i love it,True
ORD113454,ID1560149576,2019-08-10,Thompson,"[('iAssist Line', 1), ('Candle Inferno', 1), ('pearTV', 1), ('Thunder line', 1)]",11145,64.32,-37.8159777,144.93830060000005,5,10652.07,Winter,False,0.8543,"great phone! phone arrived within a couple of days! looks great, seems to perform really well. this is my first olivia phone. i did a lot of on line research before deciding on this make & model. i'm a happy camper!",True
ORD034342,ID5002594981,2019-11-11,Thompson,"[('Lucent 330S', 1), ('Alcon 10', 2), ('pearTV', 2)]",31750,98.39,-37.8123099,144.9514126,5,30260.89,Spring,True,0.3841,new phone moved the sim card from old phone to new phone expensive but great phone! as advertised on digico website.,True
ORD179234,ID0607756402,2019-11-10,Nickolson,"[('Universe Note', 1), ('Lucent 330S', 1), ('Candle Inferno', 2), ('Alcon 10', 2)]",23440,57.19,-37.8173128,144.9641189,10,21153.19,Spring,False,0.4985,seller is a fat liar he wrote that this phone is unlofked it is false the phone is locked to att&t,False
ORD134408,ID2383211227,2019-08-26,Nickolson,"[('Universe Note', 2), ('pearTV', 1), ('Lucent 330S', 2)]",15670,23.555,-37.8154393,144.966482,15,13343.055,Winter,False,0.443,the item was sold defective even though it was supposed to be almost new when i received the phone it came not working. i was truly disappointed,False
ORD051765,ID0767187719,2019-04-10,Nickolson,"[('Candle Inferno', 2), ('Alcon 10', 2), ('iAssist Line', 2)]",23210,63.03,-37.8198506,144.9651242,10,20952.03,Autumn,False,0.4136,"it is her third one like it. this one is perfect for her my wife loves this phone, it is her third one like it. this one is perfect for her. thanks.",True
ORD344380,ID0711333589,2019-02-01,Thompson,"[('Thunder line', 1), ('Toshika 750', 1), ('Candle Inferno', 2), ('Olivia x460', 2)]",9810,80.1,-37.8061324,144.95603119999996,10,8909.1,Summer,True,1.073,furious absolutely pissed only a month in a half in and the phone went dark and won’t turn back on!!!! i genuinely like the phone in itself while it worked but i sure as hell am mad about paying 250 for a no longer working phone,False
ORD476374,ID5797758274,2019-11-21,Thompson,"[('Candle Inferno', 2), ('Toshika 750', 1), ('Universe Note', 2)]",12080,149.565,-37.8068766,144.9449831,25,9209.565,Spring,True,0.6708,"best phone for the money best phone for the money, better that those 800+ phones",True
ORD470210,ID0385026713,2019-10-12,Bakers,"[('pearTV', 2), ('Candle Inferno', 2), ('Lucent 330S', 2)]",15940,101.9,-37.8004608,144.995272,10,14447.9,Spring,True,1.0614,everythinh good phone,True
ORD299653,ID3215192013,2019-06-02,Thompson,"[('Universe Note', 1), ('iStream', 1), ('pearTV', 2)]",16220,48.06,-37.80818770000001,144.9507981,25,12213.06,Winter,False,0.5974,it sucks the screen randomly click on apps or something else and when i type it clicks on random letters and i have to cut my phone off for like 2 minutes.,False
ORD006205,ID4716795848,2019-02-22,Thompson,"[('iStream', 2), ('Alcon 10', 2)]",18200,93.06,-37.8192632,144.95269309999995,15,15563.06,Summer,True,0.8847,five stars my sons loves it!,True
ORD245702,ID4735836883,2019-07-11,Thompson,"[('Toshika 750', 2), ('iAssist Line', 1), ('Universe Note', 2), ('Candle Inferno', 1)]",18195,61.94,-37.80396029999999,144.94991519999996,5,17347.19,Winter,True,1.0017,buy new! returned it? 200.00 for a broken used phone is not cool?,False
ORD046784,ID2430634484,2019-04-28,Bakers,"[('Universe Note', 2), ('pearTV', 1), ('Toshika 750', 2), ('Lucent 330S', 1)]",23080,64.43,-37.8039339,144.9920078,10,20836.43,Autumn,False,0.732,great sound and video plus all the great stuff that iassist has to offer even turns my lights on and off,True
ORD233890,ID5232347252,2019-04-30,Thompson,"[('iAssist Line', 1), ('Alcon 10', 2), ('pearTV', 1)]",26435,78.51,-37.8110771,144.9502074,5,25191.76,Autumn,True,0.3283,great so far so good. pretty in love,True
ORD117797,ID4884440872,2019-04-21,Thompson,"[('Olivia x460', 1), ('iAssist Line', 2), ('Candle Inferno', 1)]",6105,81.34,-37.8002592,144.9354195,25,4660.09,Autumn,True,1.7203,great purchase my daughter loves the phone and all of the features,True
ORD306504,ID0207141385,2019-01-29,Thompson,"[('Thunder line', 2), ('Universe Note', 1), ('Alcon 10', 2), ('iAssist Line', 1)]",27935,99.09,-37.8246844,144.9532331,10,25240.59,Summer,True,1.4428,be phone yes i like it and i pursued it to be my new phone. i set it up on the straight talk network and it work wonderful.,True
ORD366083,ID3194806134,2019-10-23,Thompson,"[('Candle Inferno', 1), ('Toshika 750', 1), ('Lucent 330S', 1)]",5980,43.485,-37.80619960000001,144.9520029,15,5126.485,Spring,True,0.8412,two stars the speaker on the phone i ordered did not work,False
ORD214774,ID0846591691,2019-06-22,Nickolson,"[('Toshika 750', 1), ('Universe Note', 2), ('Alcon 10', 1)]",20170,59.29,-37.8220125,144.96947649999996,0,20229.29,Winter,True,0.3805,it’s not worth mobile is getting hot while charging and it’s discharging in few hours. delivery was delayed by 2 days than what was promised after couple of follow ups.,False
ORD457475,ID2204643304,2019-02-07,Bakers,"[('pearTV', 1), ('Candle Inferno', 1)]",6740,102.85,-37.8006219,144.9781021,5,6505.85,Summer,True,1.8327,great phone had this phone for a little over a month. it is easy to use and has so many little extras. camera is great and i've had no problems with the phone,True
ORD259971,ID0356479566,2019-04-03,Bakers,"[('Thunder line', 1), ('iStream', 2)]",2480,63.93,-37.8040715,144.9865219,10,2295.93,Autumn,True,1.0108,product arrived broken when i received the item it was at 15% and when i plugged it in it would not charge and the battery would continue to drain. i called olivia and it was still under warranty so they are fixing the problem but it takes about 2 weeks extra. $400 for a broken product. certified refurbished but a problem this large was undetected.,False
ORD121802,ID0711782080,2019-11-11,Thompson,"[('iAssist Line', 1), ('Thunder line', 1), ('Lucent 330S', 1), ('Olivia x460', 2)]",8085,73.59,-37.8160079,144.94604630000003,5,7754.34,Spring,False,0.3819,great phone i'm loving this phone. i like the fact it has space for two sim cards.,True
ORD068808,ID0282825847,2019-05-22,Thompson,"[('Toshika 750', 1), ('Candle Inferno', 1)]",4750,67.32,-37.802266,144.9512019,0,4817.32,Autumn,False,1.2142,five stars very satisfied with this product,True
ORD049816,ID5231666418,2019-02-18,Thompson,"[('Olivia x460', 2), ('Universe Note', 1), ('pearTV', 1), ('Toshika 750', 2)]",20850,99.79,-37.8249533,144.94983380000005,25,15737.29,Summer,True,1.3884,can't say enough good about it. my 10 year old loves it.,True
ORD320553,ID1404234341,2019-09-20,Bakers,"[('Candle Inferno', 1), ('pearTV', 2), ('Universe Note', 1), ('Olivia x460', 1)]",17725,72.03,-37.8106886,144.9970119,0,17797.03,Spring,False,0.1745,"i love this phone! i've always loved google's phones and this one is the best i've had yet! it is a verizon variant so the bootloader is locked... it had been updated to pie (android 9.0) so there's no work around for me to unlock it sadly :(. even so, great phone!",True
ORD401270,ID0702374476,2019-04-08,Thompson,"[('Candle Inferno', 1), ('Olivia x460', 1)]",1655,64.05,-37.8065038,144.9411505,25,1305.3,Autumn,True,0.8617,"unbelievable battery would not charge out of the box. i figured out that if i turned the phone off and plugged in the charger, then turned the phone on it would charge, sometimes... when it would actually charge it would randomly drop charge level by 10% to 20%. certified?",False
ORD462946,ID0248746969,2019-08-11,Bakers,"[('Lucent 330S', 1), ('Candle Inferno', 1), ('iStream', 2), ('pearTV', 2)]",14580,78.23,-37.8209346,144.99875500000005,10,13200.23,Winter,True,1.2564,works great great phone,True
ORD088617,ID0741702052,2019-01-07,Nickolson,"[('Olivia x460', 2), ('iStream', 1)]",2600,70.07,-37.8157926,144.9733955,25,2020.07,Summer,False,0.46,"amazing for cost amazing for the price, but it would be better if it had a metal frame rather then plastic.",True
ORD035012,ID2975229837,2019-02-10,Thompson,"[('Candle Inferno', 1), ('Olivia x460', 2), ('Alcon 10', 1), ('iStream', 1)]",11980,100.47,-37.8014507,144.9576509,5,11481.47,Summer,True,1.5578,"the best cell phone ever i use the olivia s9 +, but when i tried the pocophone i really fell in love. it's just fast and the facial unlocking is instant. the equipment is highly customizable and for its price there is nothing better to date. the best purchase i've made so far.",True
ORD389741,ID0243097397,2019-09-25,Nickolson,"[('Toshika 750', 2), ('iAssist Line', 2), ('Olivia x460', 1), ('Alcon 10', 2)]",32215,144.315,-37.8179366,144.966773,15,27527.065,Spring,True,0.255,love this one.it is my third candle.my last one was a bit larger but it was a bit heavy.love this one for reading or playing games.i can check my email and shop on line as well as take and store photos.i can also listen to music.,True
ORD486338,ID2950388058,2019-05-04,Nickolson,"[('pearTV', 2), ('Toshika 750', 1), ('Olivia x460', 2), ('Candle Inferno', 1)]",19820,79.53,-37.8195356,144.96165159999995,25,14944.53,Autumn,True,0.7025,"purchased this for my mother. she loves it, just the right size to grab and go. great buy for the money.",True
ORD200451,ID6167266645,2019-05-20,Nickolson,"[('Candle Inferno', 1), ('Lucent 330S', 2)]",2890,65.99,-37.8090657,144.96345060000004,10,2666.99,Autumn,False,1.1887,"love it to bits love it to bits, had it now for a few months and has never acted up or failed me. now with the new update which includes cortana the phone just keeps getting stronger. the built quality and camera is really what sold it for me. would recommend.",True
ORD017815,ID0591259275,2019-10-28,Thompson,"[('Olivia x460', 2), ('Universe Note', 1), ('Alcon 10', 1)]",14850,105.12,-37.823947,144.9543146,5,14212.62,Spring,True,1.4074,five stars this is a great phone at an excellent price. i have even learned to use twitter.,True
ORD342344,ID0250933639,2019-07-29,Bakers,"[('Universe Note', 2), ('Lucent 330S', 2), ('pearTV', 1), ('Candle Inferno', 1)]",16100,58.26,-37.8247764,145.00658230000005,15,13743.26,Winter,False,1.9244,not as expected the phone had problems from the first day. it stooped working for two days and now it is working but the stylus is not working.,False
ORD052659,ID0589428352,2019-06-25,Nickolson,"[('Toshika 750', 1), ('pearTV', 1), ('Alcon 10', 1), ('Thunder line', 2)]",23940,76.62,-37.809641,144.9725742,25,18031.62,Winter,True,1.0316,"fantastic phone i bought a used convoy 2, and am thrilled beyond words. it looks better then advertized and functions perfectly. i wouldn't hesitate buying another product from this company !",True
ORD251926,ID0446051211,2019-02-08,Thompson,"[('Candle Inferno', 1), ('Lucent 330S', 2)]",2890,82.24,-37.8022254,144.9607487,0,2972.24,Summer,False,1.6734,cell phone this phone has everything i wanted and nothing i didn't it had all the basics and no extras that i didn't want and it is easy to carry,True
ORD321999,ID2272199916,2019-10-18,Nickolson,"[('Candle Inferno', 1), ('iAssist Line', 1)]",2655,100.56,-37.8128738,144.96418530000003,25,2091.81,Spring,True,0.7926,s9+ phone looked brand new works amazing battery lasts long. thanks.,True
ORD135760,ID1728560685,2019-11-21,Thompson,"[('Candle Inferno', 2), ('Universe Note', 1), ('iAssist Line', 1), ('pearTV', 1)]",12845,79.67,-37.8216996,144.93661200000003,10,11640.17,Spring,False,1.3621,great phone this is an amazing phone,True
ORD213568,ID6197211423,2019-04-07,Thompson,"[('Alcon 10', 2), ('Candle Inferno', 1)]",18330,80.83,-37.8171708,144.9343225,5,17494.33,Autumn,True,1.2276,i love this phone i love this phone... only down fall is that some times the mic goes out. you can be talking to the person but they can't hear you.,True
ORD333658,ID2207661033,2019-12-28,Thompson,"[('Candle Inferno', 1), ('Thunder line', 1), ('Universe Note', 1)]",6060,98.83,-37.8012908,144.9457529,15,5249.83,Summer,True,1.2723,fantastic phone. absolutely love it. just wish i had preordered it from verizon instead. gave me quite the run around on delivery.,True
ORD183661,ID0781083956,2019-09-05,Bakers,"[('iStream', 2), ('pearTV', 1)]",6610,111.46,-37.823017,145.014163,15,5729.96,Spring,True,2.2073,the right phone the lucent g7 phone is the right phone. simple to use and good battery life. easy to set up with mint mobile.,True
ORD008402,ID0775946111,2019-11-19,Thompson,"[('Olivia x460', 1), ('Thunder line', 2)]",5585,81.01,-37.8058626,144.95932040000002,0,5666.01,Spring,False,1.3175,another great product!! excellent condition!!,True
ORD059513,ID0030946626,2019-03-29,Nickolson,"[('Universe Note', 2), ('Alcon 10', 2)]",24800,53.52,-37.8045551,144.9717143,10,22373.52,Autumn,False,1.5744,slow slow slow very unhappy with this phone. its very slow and locks-up. not a good phone if you are in an emergency.,False
ORD078767,ID0446051197,2019-07-27,Thompson,"[('iAssist Line', 1), ('Candle Inferno', 2), ('iStream', 2), ('Lucent 330S', 1)]",4615,71.3,-37.8021122,144.96076509999997,25,3532.55,Winter,False,1.6832,"no flaws amazing. just astonishing picture, 3 cameras, 8 core processors. this phone is a beast",True
ORD053714,ID2199110032,2019-02-06,Nickolson,"[('iStream', 1), ('Lucent 330S', 1), ('Olivia x460', 1)]",2605,66.04,-37.8037936,144.9641351,0,2671.04,Summer,False,1.7151,terrible battery life and incomplete items i got this phone a few days ago and it is terrible. the battery life sucks it could hardly last 6 hours and the phone was lacking the otg connector,False
ORD107160,ID2481930530,2019-10-28,Bakers,"[('Olivia x460', 1), ('pearTV', 1), ('iAssist Line', 1), ('Alcon 10', 1)]",18710,75.27,-37.8054701,144.9972895,15,15978.77,Spring,False,0.5353,four stars good night this phone is unlocked i can use outside united states.,True
ORD275347,ID0576858149,2019-11-13,Bakers,"[('Universe Note', 2), ('Olivia x460', 1), ('iAssist Line', 2)]",12575,81.89,-37.82467570000001,144.9889805,10,11399.39,Spring,False,1.7241,"great phone for decent price bought this for my step daughter. works great, shipped on time",True
ORD367942,ID0708715079,2019-11-13,Thompson,"[('iAssist Line', 1), ('Universe Note', 1)]",5675,103.72,-37.8071908,144.9578618,25,4359.97,Spring,True,1.1285,i would like to try the product for free i would like to try the product for free,True
ORD149056,ID0591317279,2019-11-16,Nickolson,"[('Thunder line', 1), ('Lucent 330S', 2), ('Olivia x460', 1)]",5865,106.61,-37.8254328,144.95707190000005,5,5678.36,Spring,True,1.3355,five stars delivered on time and phone very clear.,True
ORD452135,ID4520380533,2019-09-14,Thompson,"[('Lucent 330S', 1), ('Alcon 10', 1)]",10180,78.94,-37.8156977,144.9582655,25,7713.94,Spring,False,1.0406,five stars all i had hoped.,True
ORD299670,ID3555806739,2019-02-14,Thompson,"[('Olivia x460', 1), ('Candle Inferno', 1)]",1655,75.51,-37.8046514,144.9377347,25,1316.76,Summer,False,1.213,"awesome phone this is the best prepaid phone i have ever had, i would highly recommend this phone. there is a learning curve if you have not had a smart phone but it is worth it. very solid nice feel to it.",True
ORD340512,ID0387921005,2019-02-01,Nickolson,"[('iStream', 2), ('pearTV', 1)]",6610,69.89,-37.8211033,144.9637063,15,5688.39,Summer,False,0.5849,perfect cheap device for kids and grandkids nice to have sitting around,True
ORD473055,ID1668522918,2019-04-09,Thompson,"[('Candle Inferno', 2), ('Olivia x460', 2)]",3310,66.77,-37.80608,144.9401291,25,2549.27,Autumn,False,0.9546,came as advertised! phone came unopened and new. came with us charger also. so no adapters. my only suggestion to anyone who is looking to purchase is to pick a vendor where the shipping is fulfilled by digico. that gives you one day shipping and a little more peace of mind.,True
ORD182919,ID6167417930,2019-06-05,Thompson,"[('pearTV', 1), ('Thunder line', 2), ('iAssist Line', 2)]",15120,67.22,-37.81553570000001,144.9582629,15,12919.22,Winter,False,1.0347,brand new phone love it ! it’s brand brand new phone and i can’t ask for more ! thank you,True
ORD080855,ID0589805442,2019-10-17,Thompson,"[('Lucent 330S', 2), ('iStream', 1)]",2610,80.92,-37.8227359,144.9475476,10,2429.92,Spring,False,1.1209,a good worthy phone to own proud of our country's great brand !,True
ORD296651,ID6167413255,2019-03-26,Nickolson,"[('Candle Inferno', 1), ('Alcon 10', 1), ('Universe Note', 1)]",12830,62.93,-37.81295520000001,144.9680058,25,9685.43,Autumn,True,0.6423,claims works on sprint slow return,False
ORD146146,ID0363400584,2019-03-03,Thompson,"[('Olivia x460', 1), ('Lucent 330S', 2), ('pearTV', 2)]",16305,69.63,-37.7992159,144.9620989,5,15559.38,Autumn,False,1.9979,this tablet is very good especially considering the price. also has memory slot to increase storage.,True
ORD372870,ID1982318497,2019-12-10,Bakers,"[('iStream', 1), ('pearTV', 2), ('Candle Inferno', 2)]",13630,75.21,-37.80154320000001,144.9923258,10,12342.21,Summer,False,0.9751,"works with verizon prepaid! my biggest fear when buying this was if it would be compatible with verizon prepaid.... and it was. all i did was pop my sim card it to my new one, and turned it on! that was it! so happy!",True
ORD420479,ID2296723120,2019-01-25,Nickolson,"[('Alcon 10', 1), ('Toshika 750', 1)]",13270,64.63,-37.82345220000001,144.9846337,10,12007.63,Summer,False,1.4322,"worked for 2 months and then it crashed and now ... worked for 2 months and then it crashed and now it wont turn back on. no light no nothing when its on charge, forced restart does not work. may not be the experience with everyone but this is absolute foolishness.",False
ORD049624,ID6167191691,2019-08-19,Thompson,"[('Alcon 10', 1), ('iAssist Line', 2), ('pearTV', 2), ('Universe Note', 1)]",29470,67.7,-37.8207182,144.954738,15,25117.2,Winter,False,1.1211,bought as a replacement candle for my mother in law. she loves it perfect size for her.,True
ORD380196,ID0566892220,2019-11-24,Nickolson,"[('Thunder line', 2), ('Olivia x460', 2), ('Lucent 330S', 1), ('Alcon 10', 1)]",16990,107.53,-37.8050383,144.970424,25,12850.03,Spring,True,1.511,perfect phone love it great buy,True
ORD264931,ID2948774566,2019-05-14,Nickolson,"[('Candle Inferno', 1), ('Olivia x460', 1), ('Lucent 330S', 1), ('Thunder line', 1)]",5065,65.75,-37.8080861,144.9708971,15,4371.0,Autumn,True,1.1758,"be warned with what u buy online this is the awful product ever bought from digico, it's killing your market guys. it just dies when am talking with someone. battery can be reading 60% then from nowhere it dies😣😣😣 i hate it, i need my money back or get a different phone",False
ORD164813,ID2187986724,2019-01-17,Nickolson,"[('iStream', 2), ('Candle Inferno', 2), ('Toshika 750', 1), ('Universe Note', 1)]",8930,140.325,-37.8115911,144.97248480000005,15,7730.825,Summer,True,0.8212,"i love this is my very 1st smartphone, i love it",True
ORD165056,ID0227324345,2019-01-19,Bakers,"[('Candle Inferno', 2), ('Thunder line', 1)]",3040,76.41,-37.8005249,144.9908738,25,2356.41,Summer,False,1.1218,five stars just loving this phone,True
ORD439537,ID0560997635,2019-07-27,Thompson,"[('Olivia x460', 1), ('Toshika 750', 2)]",9865,77.89,-37.8103636,144.9371884,5,9449.64,Winter,True,0.9062,"good phone exactly as described. and exactly what i was looking for. though i do see what one reviewer was talking about with ""pocket pictures"". the camera on switch is a little too promenant.",True
ORD003028,ID4056156763,2019-01-22,Thompson,"[('Olivia x460', 2), ('iAssist Line', 1)]",4675,63.01,-37.8161685,144.9337101,25,3569.26,Summer,False,1.2375,two stars i don't need this phone need to return to get cedit,False
ORD199230,ID0233255324,2019-04-16,Bakers,"[('Alcon 10', 2), ('Toshika 750', 2)]",26540,70.28,-37.8009721,144.98151059999995,5,25283.28,Autumn,False,1.5702,"four stars good phone, had a problem after 3 to 4 weeks had to return phone.",True
ORD357490,ID2181268844,2019-02-02,Thompson,"[('Universe Note', 1), ('iStream', 2), ('Olivia x460', 1)]",4975,94.85,-37.81093370000001,144.959358,5,4821.1,Summer,True,1.098,four stars i had a problem with my 1st order but the 2nd phone i received is just as described! thanks.,True
ORD113053,ID0711368632,2019-07-21,Thompson,"[('iAssist Line', 2), ('iStream', 1), ('Lucent 330S', 1), ('Toshika 750', 1)]",10150,39.95,-37.8069779,144.9583186,10,9174.95,Winter,True,1.1751,worked well! does not come with a nano sim ... worked well! does not come with a nano sim. i got it directly from verizon's!,True
ORD387095,ID0282825791,2019-10-11,Thompson,"[('Toshika 750', 1), ('Candle Inferno', 2), ('pearTV', 1)]",11490,64.33,-37.8019411,144.94870680000002,15,9830.83,Spring,False,1.2033,product fail i purchased this phone for my wife. i am suspicious that it may have been a refurbished phone vs new. it did not arrive with the plastic/paper protection around the phone and it had a glass screen protector installed. less than 9 days later the phone battery failed and would not turn on or charge. returned it for a refund.,False
ORD243098,ID2481930615,2019-11-08,Bakers,"[('Alcon 10', 1), ('Candle Inferno', 2), ('iAssist Line', 2)]",14260,98.76,-37.8094666,144.9992353,5,13645.76,Spring,True,0.357,"i like this tablet, its thin, light and easy to use. it's great for kids and adults as well.",True
ORD174359,ID1282403407,2019-02-16,Thompson,"[('Lucent 330S', 1), ('Candle Inferno', 2), ('pearTV', 1), ('Olivia x460', 2)]",10850,60.74,-37.8132668,144.9586428,15,9283.24,Summer,False,1.02,cellurar el teléfono muy lindo pero no sirvió lo bueno es que el vendedor de volvio todo el dinero son legales,False
ORD196148,ID5563404250,2019-12-02,Bakers,"[('Alcon 10', 2), ('Universe Note', 2), ('Candle Inferno', 2)]",25660,80.49,-37.817382,145.0092001,0,25740.49,Summer,False,1.4781,bought 2 of these tablets for my kids. they love them and easy to use.,True
ORD353392,ID0591432435,2019-08-03,Nickolson,"[('Lucent 330S', 2), ('Universe Note', 2), ('Toshika 750', 2), ('pearTV', 2)]",30620,60.91,-37.8187907,144.96542140000003,10,27618.91,Winter,True,0.3638,the product is pathetic they say its a clearance sale. but its not even 2 month the screen isn't working this is the second time i am facing problems with this product.....,False
ORD276070,ID5727168128,2019-03-04,Nickolson,"[('iStream', 2), ('Thunder line', 2)]",4660,81.34,-37.8254373,144.981127,25,3576.34,Autumn,True,1.2713,good material and size good,True
ORD384918,ID1224854723,2019-09-18,Thompson,"[('Universe Note', 2), ('Alcon 10', 2), ('Toshika 750', 2), ('Thunder line', 1)]",35620,99.9,-37.8134779,144.9399069,25,26814.9,Spring,True,0.6362,"i am happy with the refurbished thunder line. i’ve had it for about two weeks, and so far it is working perfectly! even though it did not come in its original box, it looks like new! i’m happy with this purchase!",True
ORD275054,ID4326586214,2019-02-09,Nickolson,"[('iAssist Line', 1), ('Lucent 330S', 2), ('Candle Inferno', 1), ('Alcon 10', 1)]",14065,71.46,-37.8152228,144.9636,25,10620.21,Summer,False,0.644,yes i like it it’s just what the i expected,True
ORD154921,ID0600744906,2019-01-11,Nickolson,"[('Thunder line', 2), ('Universe Note', 2), ('Alcon 10', 2), ('Toshika 750', 2)]",37800,92.78,-37.8116636,144.9652288,25,28442.78,Summer,True,0.8601,"great phone. like new! i bought this as a gift for my daughter and she loves it. the phone works fine and was able to be hooked up with her carrier, sprint.",True
ORD314978,ID0387921005,2019-07-27,Nickolson,"[('Lucent 330S', 2), ('Candle Inferno', 1), ('Toshika 750', 2), ('Olivia x460', 2)]",13980,31.27,-37.8211033,144.9637063,10,12613.27,Winter,False,0.5849,five stars nice phone with high tech,True
ORD201302,ID4520380514,2019-06-30,Thompson,"[('iAssist Line', 1), ('Alcon 10', 2), ('pearTV', 1), ('Olivia x460', 2)]",28885,66.86,-37.8117459,144.9565632,5,27507.61,Winter,False,0.8413,five stars good phone like new. no problems so far.,True
ORD009213,ID0781000951,2019-08-17,Thompson,"[('pearTV', 2), ('Candle Inferno', 1)]",13050,65.32,-37.8049748,144.9493303,10,11810.32,Winter,False,0.8797,four stars pretty good phone. sound quality leave a little to be desired.,True
ORD155636,ID0581749994,2019-08-22,Thompson,"[('pearTV', 1), ('Lucent 330S', 1)]",7540,83.54,-37.8043856,144.9283024,5,7246.54,Winter,True,1.8908,like this phone better than the one it replaced like this phone better than the one it replaced. i should have gotten one for me too-my wife got this one. bill m,True
ORD025321,ID2792456569,2019-05-31,Bakers,"[('Toshika 750', 1), ('Thunder line', 2), ('Candle Inferno', 1), ('iAssist Line', 1)]",11335,125.535,-37.8002994,144.9776731,10,10327.035,Autumn,True,1.8842,"ugh love the phone but a month after using it, it barely will charge.",True
ORD309472,ID1492169250,2019-10-18,Thompson,"[('Alcon 10', 2), ('iStream', 1), ('pearTV', 1)]",24360,87.44,-37.7993692,144.9642043,25,18357.44,Spring,False,2.1129,five stars all ok,True
ORD225812,ID1462398690,2019-05-10,Bakers,"[('Thunder line', 1), ('Candle Inferno', 1), ('iStream', 1), ('Lucent 330S', 1)]",3990,69.16,-37.8200337,145.0158648,0,4059.16,Autumn,False,2.1309,"best product on the market, i highly recommend! definitely recommended",True
ORD030854,ID3098154901,2019-01-13,Thompson,"[('pearTV', 2), ('Olivia x460', 1), ('iAssist Line', 2)]",18295,78.26,-37.824645,144.94455630000004,5,17458.51,Summer,False,1.3509,decent phone was in rather good condition except for one fairly blatant scratch on screen. otherwise i was happy with purchase.,True
ORD440481,ID6167417980,2019-09-21,Nickolson,"[('Toshika 750', 1), ('iAssist Line', 2), ('Lucent 330S', 1), ('Olivia x460', 1)]",11225,86.44,-37.8117601,144.9712728,10,10188.94,Spring,True,0.7758,wireless didn't work received the phone quickly and it looked as described. when setting up the phone we were unable to get the wireless networking to connect anywhere. i returned the phone and the seller provided a quick refund.,False
ORD331259,ID0628175326,2019-11-07,Thompson,"[('Alcon 10', 2), ('Olivia x460', 2)]",20350,71.76,-37.8124708,144.9478447,15,17369.26,Spring,False,0.0718,exactly what was ordered great item,True
ORD465866,ID1459448708,2019-09-22,Bakers,"[('Universe Note', 2), ('iStream', 1), ('pearTV', 2), ('Thunder line', 2)]",24030,83.12,-37.819504,145.0081017,10,21710.12,Spring,False,1.5495,"five stars works great, easy set up with verizon prepaid. great condition. thanks",True
ORD045676,ID4418536072,2019-06-07,Thompson,"[('iStream', 2), ('Candle Inferno', 2), ('Toshika 750', 2)]",9800,70.32,-37.8020727,144.96336000000005,5,9380.32,Winter,False,1.8562,excellent this products is excellent i totally recommend it,True
ORD061525,ID3001606054,2019-01-08,Thompson,"[('iAssist Line', 2), ('Olivia x460', 2), ('Toshika 750', 2), ('Alcon 10', 1)]",24490,91.89,-37.8182341,144.9474408,10,22132.89,Summer,True,0.6199,"great product, timely delivery purchased this for a friend and she is well pleased!",True
ORD133459,ID0303448816,2019-11-03,Bakers,"[('Thunder line', 2), ('Candle Inferno', 2), ('Toshika 750', 2)]",13860,44.165,-37.82052520000001,145.0148056,5,13211.165,Spring,False,2.0825,amazing speechless. i love this phone.,True
ORD352184,ID0130015092,2019-06-21,Nickolson,"[('iStream', 2), ('Universe Note', 1), ('iAssist Line', 1)]",5975,62.44,-37.815713,144.9687988,0,6037.44,Winter,False,0.3276,four stars the microphone was not working... but everything else worked just fine,True
ORD124983,ID0579405400,2019-04-06,Nickolson,"[('Toshika 750', 2), ('Thunder line', 2), ('Lucent 330S', 2), ('Olivia x460', 1)]",16685,64.96,-37.8206485,144.9589885,0,16749.96,Autumn,True,0.9565,"one star this product is refurbished and copia, not is original olivia...",False
ORD097075,ID0302571121,2019-09-15,Bakers,"[('pearTV', 2), ('iAssist Line', 2), ('iStream', 2)]",17370,108.83,-37.8023202,144.9789589,25,13136.33,Spring,True,1.6669,i love everything about this tablet! the imaging is sharp and clear. it's fast and light weight. love it!,True
ORD031314,ID2133731378,2019-06-19,Thompson,"[('Thunder line', 1), ('pearTV', 1), ('Olivia x460', 2), ('Candle Inferno', 2)]",11800,61.13,-37.81434160000001,144.9473668,15,10091.13,Winter,False,0.1876,"perfect what's not to like, almost in as new condition at less than half the price, with free shipping thru gold? it's perfect.",True
ORD240409,ID4418536063,2019-08-08,Thompson,"[('Toshika 750', 1), ('Candle Inferno', 2), ('Olivia x460', 2)]",7630,83.11,-37.8021972,144.9630762,25,5805.61,Winter,True,1.8281,excellent,True
ORD266851,ID0030946626,2019-10-14,Nickolson,"[('iStream', 1), ('Toshika 750', 2), ('iAssist Line', 2)]",13240,83.09,-37.8045551,144.9717143,10,11999.09,Spring,False,1.5744,"s8+ very nice phone, takes awesome pics and lightweight too",True
ORD372281,ID3518544265,2019-05-31,Bakers,"[('Candle Inferno', 2), ('iStream', 1), ('Toshika 750', 1)]",5330,64.43,-37.8033609,144.99055259999997,25,4061.93,Autumn,False,0.8455,x marks the spot. works as it should. love face time,True
ORD020829,ID0176668193,2019-09-08,Nickolson,"[('pearTV', 1), ('Olivia x460', 1), ('Thunder line', 2), ('iAssist Line', 1)]",14120,77.08,-37.812987,144.9649265,15,12079.08,Spring,False,0.745,exactly as advertised this phone came in excellent condition and had worked perfectly.,True
ORD489928,ID0307349874,2019-02-16,Thompson,"[('iAssist Line', 1), ('Thunder line', 1)]",4405,72.43,-37.8190572,144.9463112,25,3376.18,Summer,False,0.7138,"easy to use phone is very easy to learn, especially if you are familiar with windows. my first smart phone, so i don't know if the horribly short battery life is the average of others or not. 24 hours is the best i get with everything turned off except phone.",True
ORD130370,ID6167247287,2019-04-19,Nickolson,"[('Olivia x460', 2), ('Universe Note', 2), ('Alcon 10', 1)]",18300,64.64,-37.8194492,144.9600655,15,15619.64,Autumn,True,0.8395,"pink line in olivia universe s7 edge the olivia universe s7 edge has a pink line that appears running down the screen, it is a common problem and olivia doesn't t take responsability",False
ORD377041,ID0777783233,2019-06-14,Thompson,"[('Toshika 750', 2), ('pearTV', 1)]",14950,77.96,-37.8048535,144.95456090000005,5,14280.46,Winter,True,1.0917,"massive bargain for $400 its worth it, will last a couple years enough time to save up for the x1",True
ORD191743,ID0746917968,2019-12-16,Nickolson,"[('iStream', 1), ('Thunder line', 1)]",2330,65.27,-37.8245586,144.98476100000005,25,1812.77,Summer,False,1.4931,no llego el teléfono mi pedido aparece como entregado y nunca llegó que puedo hacer,False
ORD237145,ID0131213185,2019-05-24,Nickolson,"[('Candle Inferno', 1), ('Lucent 330S', 1), ('Olivia x460', 2), ('iStream', 1)]",4260,80.66,-37.8133061,144.9603376,25,3275.66,Autumn,True,1.0015,"good phone 👍 amazing camera, nice amoled screen calm down it's fine. it blaster only downside is no nfc otherwise solid af.",True
ORD167095,ID0560997595,2019-10-13,Thompson,"[('Candle Inferno', 1), ('Lucent 330S', 2), ('Universe Note', 2), ('Toshika 750', 2)]",18430,61.42,-37.8102567,144.93847150000005,5,17569.92,Spring,False,0.8025,"horrible.. i recently buyed this phone horrible.. i recently buyed this phone.. noting works. bluetooth, wifi,etc nothing works. but by looks its looks new.. 1stars fr looks thats it..",False
ORD014943,ID1463620715,2019-02-01,Bakers,"[('iAssist Line', 2), ('Universe Note', 1), ('Alcon 10', 2)]",25800,98.96,-37.8162256,145.0076725,15,22028.96,Summer,True,1.2953,four stars good works well in the philippines,True
ORD437574,ID0030942794,2019-10-09,Thompson,"[('Lucent 330S', 2), ('Alcon 10', 1), ('Thunder line', 1), ('iAssist Line', 1)]",15815,101.66,-37.8055578,144.9486924,10,14335.16,Spring,True,0.8048,so far it does what i want. very happy with the price too.,True
ORD128877,ID3212024923,2019-04-12,Thompson,"[('Lucent 330S', 1), ('Olivia x460', 2), ('Toshika 750', 2), ('iStream', 2)]",12620,64.81,-37.8067771,144.9490393,15,10791.81,Autumn,True,0.6788,junk junk,False
ORD361727,ID2089593081,2019-05-02,Bakers,"[('Candle Inferno', 1), ('Universe Note', 1)]",3880,68.03,-37.8131544,145.0095577,25,2978.03,Autumn,False,1.308,very good very good,True
ORD277279,ID0767723734,2019-11-28,Nickolson,"[('Candle Inferno', 1), ('Toshika 750', 2), ('iAssist Line', 1)]",11295,106.95,-37.804981,144.9723384,10,10272.45,Spring,True,1.5352,it arrived early i like everything,True
ORD152627,ID0768257081,2019-06-07,Nickolson,"[('Candle Inferno', 2), ('Lucent 330S', 1), ('pearTV', 2)]",14710,61.41,-37.8242684,144.9684736,5,14035.91,Winter,True,0.6386,"att read this after doing research on this phone, i discovered it only works on 1 of 4 lte bands on the at&t network you should know this could greatly affect your reception.",False
ORD446816,ID6131956019,2019-01-12,Nickolson,"[('Universe Note', 1), ('Lucent 330S', 2)]",5910,99.12,-37.8257403,144.98166909999995,10,5418.12,Summer,True,1.3297,five stars excellent purchase but had to return it.,True
ORD383592,ID3114181932,2019-12-15,Nickolson,"[('Alcon 10', 2), ('iAssist Line', 1), ('Universe Note', 1)]",23575,94.95,-37.8116535,144.96394980000005,5,22491.2,Summer,True,0.9164,"great unlocked phone great phone, great cameras, fast, and plenty of room for lots of apps. bought two for my kids after lots of research. if you looking for a quality phone without paying a fortune. this is the one to get.",True
ORD095254,ID0113536277,2019-10-27,Nickolson,"[('Lucent 330S', 1), ('pearTV', 2), ('iAssist Line', 2)]",18300,98.48,-37.81775579999999,144.9625886,10,16568.48,Spring,True,0.6193,easy to use easy to set up,True
ORD080342,ID3191033042,2019-01-25,Nickolson,"[('iAssist Line', 2), ('Thunder line', 1), ('Olivia x460', 2), ('Lucent 330S', 2)]",11540,93.45,-37.8118158,144.9669124,5,11056.45,Summer,True,0.7895,works great the phone works great and my daughter loves it.,True
ORD334887,ID0709951248,2019-09-17,Thompson,"[('Universe Note', 2), ('Toshika 750', 2), ('Alcon 10', 1), ('Candle Inferno', 2)]",25350,103.87,-37.81297360000001,144.9349858,5,24186.37,Spring,True,1.0631,great phone set it up got updates works great battery life is super.,True
ORD280224,ID5002594984,2019-08-28,Thompson,"[('Thunder line', 1), ('iAssist Line', 2), ('Alcon 10', 2), ('Lucent 330S', 1)]",25760,47.29,-37.8125386,144.95178769999995,5,24519.29,Winter,False,0.4153,bad battery and wrong charger not happy with the battery that was sent with this product....wont stay charge at all. also had to purchase a new charger because it would not charge the phone. phone was not worth the money i paid for...im really piss i done bought better phones from other places on digico this one is not the best.,False
ORD332986,ID3222703108,2019-11-07,Thompson,"[('iAssist Line', 2), ('Lucent 330S', 2), ('Olivia x460', 1)]",8135,81.11,-37.8030141,144.95607859999996,5,7809.36,Spring,False,1.3357,"great service experience to summarize it all, i would buy again & encourage anyone to buy too.",True
ORD097145,ID0575392105,2019-08-18,Nickolson,"[('iAssist Line', 2), ('Olivia x460', 2), ('pearTV', 1)]",13210,66.92,-37.8213689,144.98406630000005,25,9974.42,Winter,False,1.3132,"needed something a bit larger than the 6+ to stream istream, this was perfect!",True
ORD040039,ID0746912865,2019-05-01,Nickolson,"[('pearTV', 1), ('Lucent 330S', 2), ('Toshika 750', 2)]",17410,68.32,-37.8249605,144.98485569999997,25,13125.82,Autumn,False,1.5209,the best like,True
ORD277196,ID0634774947,2019-01-12,Thompson,"[('pearTV', 1), ('Thunder line', 1), ('Olivia x460', 2)]",10940,92.59,-37.8117484,144.9381916,25,8297.59,Summer,True,0.7875,good it was a gift for my niece. it to her in jamaica.,True
ORD142499,ID6167441087,2019-12-06,Nickolson,"[('Lucent 330S', 1), ('pearTV', 2), ('Olivia x460', 2)]",16300,69.48,-37.8157652,144.96521909999996,10,14739.48,Summer,False,0.4943,"great phone overall this phone is perfect for what i need and want. beautiful video quality, great pictures and 4k video is fantastic. best phone i've ever had. coming off from my note 9. i prefer this over the note 10",True
ORD074798,ID0176714548,2019-07-26,Nickolson,"[('Lucent 330S', 2), ('Toshika 750', 1), ('Olivia x460', 2)]",9230,61.65,-37.8147072,144.966842,5,8830.15,Winter,True,0.494,"not compatible with verizon. this phone says in the description that it is for verizon prepaid;however,it is not compatible with verizon prepaid.",False
ORD457661,ID0250933581,2019-12-16,Bakers,"[('Alcon 10', 2), ('iStream', 1), ('Toshika 750', 2)]",26690,129.93,-37.8214892,145.0074476,5,25485.43,Summer,True,1.6706,"missing contents, no seal its super frustrating, no seal at all, 3 to 4 missing parts, no warranty card. seems like somebody already used it. dont buy it. its a fraud and i would report it every where.",False
ORD255927,ID0844489299,2019-07-26,Thompson,"[('Toshika 750', 1), ('pearTV', 1)]",10630,77.52,-37.8208693,144.9480861,5,10176.02,Winter,True,0.9167,the new one works great seller did me right. bought two. one worked well and the other didn't. but the seller replaced it. the new one works great,True
ORD436049,ID4005718489,2019-01-20,Bakers,"[('pearTV', 2), ('iAssist Line', 2), ('Universe Note', 1), ('Lucent 330S', 1)]",21750,97.21,-37.82036160000001,144.9895831,15,18584.71,Summer,True,1.2562,i bought 3 tablets and my family was not disappointed.,True
ORD389577,ID0844496107,2019-05-28,Thompson,"[('Alcon 10', 1), ('pearTV', 2)]",21570,78.62,-37.8196075,144.95202769999997,10,19491.62,Autumn,True,0.8866,got this as a gift for my mother and she's satisfied,True
ORD293541,ID0588198721,2019-05-22,Nickolson,"[('Alcon 10', 2), ('Lucent 330S', 2)]",20360,65.36,-37.8121368,144.9739924,10,18389.36,Autumn,False,0.8182,"excellent value, lets me lug all my favorite books around and read whenever. wouldn't be without it.",True
ORD142212,ID0033085913,2019-07-27,Thompson,"[('Lucent 330S', 1), ('iStream', 1)]",1380,65.81,-37.8106709,144.9559083,5,1376.81,Winter,False,0.8087,very good very good phone,True
ORD071381,ID4520380516,2019-11-10,Thompson,"[('Thunder line', 2), ('iAssist Line', 1)]",6585,75.05,-37.8117249,144.9563218,5,6330.8,Spring,False,0.8205,"really good purchase i only have issues with the battery life...could’ve last a lil longer. it gives maybe 8-10 hours depending on what i’m using it to do. nonetheless, it was worth my money.",True
ORD068606,ID3933095111,2019-01-22,Nickolson,"[('Universe Note', 2), ('iAssist Line', 2), ('Thunder line', 2), ('Candle Inferno', 2)]",16570,61.65,-37.8076153,144.9703478,0,16631.65,Summer,False,1.2242,"turning on and off, no network connection... a lot of problems. no good",False
ORD061801,ID4655129050,2019-01-10,Thompson,"[('Alcon 10', 1), ('iStream', 2)]",9250,68.11,-37.8092032,144.9477568,0,9318.11,Summer,False,0.391,a good reliable phone we have this as a backup to our smartphones.,True
ORD065608,ID0245807242,2019-04-20,Thompson,"[('Candle Inferno', 1), ('pearTV', 1)]",6740,83.58,-37.7988456,144.9588918,25,5138.58,Autumn,True,1.8576,five stars great shipping speed. good deal,True
ORD044874,ID0746912615,2019-10-26,Nickolson,"[('iStream', 2), ('Thunder line', 2), ('Lucent 330S', 2), ('Toshika 750', 2)]",15760,139.995,-37.8250104,144.9847345,15,13535.995,Spring,True,1.5141,one star many things wrong with it,False
ORD142815,ID0591212312,2019-06-09,Nickolson,"[('Candle Inferno', 2), ('Olivia x460', 2)]",3310,79.13,-37.822644,144.9555467,25,2561.63,Winter,True,1.3113,"very impressed with look, clarity of sound and color.",True
ORD234415,ID0591429491,2019-06-06,Nickolson,"[('Olivia x460', 2), ('iAssist Line', 1), ('iStream', 2)]",4975,46.52,-37.8182266,144.9651144,15,4275.27,Winter,False,0.3923,"found this tablet to be very intrusive with adds, almost forced to use credit card to make things work.",False
ORD225389,ID0641025987,2019-01-19,Thompson,"[('Olivia x460', 1), ('iAssist Line', 2), ('iStream', 1)]",5825,80.81,-37.809274,144.9375666,5,5614.56,Summer,True,0.9174,unusable phone in the us this phone was built for the arab emerates and i was unable to use it in the us,False
ORD321292,ID2207676346,2019-05-11,Thompson,"[('pearTV', 2), ('Olivia x460', 1)]",13845,100.51500000000001,-37.802563,144.94563369999997,0,13945.515,Autumn,False,1.1325,"great customer service! love my phone, the camera is fantastic and i keep finding new things that i didn't know about..which is cool. i really appreciated the outstanding customer service.",True
ORD222526,ID0257506570,2019-12-25,Thompson,"[('Thunder line', 1), ('iAssist Line', 2), ('Lucent 330S', 1), ('pearTV', 2)]",20480,71.25,-37.7997729,144.96362340000005,25,15431.25,Summer,False,2.045,defective after using it for just 1 week i started getting strange black boxes on my screen. very dissatisfied. this would happen after i swiped right to access google and then go back to the main screen. this definitely should not be happening.,False
ORD179960,ID0547568994,2019-01-12,Bakers,"[('Universe Note', 2), ('Candle Inferno', 2), ('Toshika 750', 2)]",16400,71.28,-37.8106736,144.9867134,5,15651.28,Summer,False,0.753,"nice nice, work perfect",True
ORD033955,ID2174963245,2019-10-14,Thompson,"[('Alcon 10', 2), ('pearTV', 2), ('Toshika 750', 1), ('iAssist Line', 2)]",39290,75.09,-37.8170198,144.95330669999996,10,35436.09,Spring,False,0.7315,have a great sensors best phone,True
ORD365197,ID2776396944,2019-11-17,Nickolson,"[('iAssist Line', 2), ('Lucent 330S', 1)]",5680,76.46,-37.81306220000001,144.963566,10,5188.46,Spring,False,0.8101,perfect budget smart phone perfect budget smart phone. battery is phenomenal. had to return one with a sim card slot issue. new one is rock solid. lucentrola support was good.,True
ORD114140,ID3215192022,2019-01-11,Thompson,"[('Universe Note', 2), ('pearTV', 2)]",19520,70.83,-37.8077749,144.9496593,5,18614.83,Summer,False,0.5909,five stars great phone!!,True
ORD383375,ID0871135414,2019-09-04,Bakers,"[('Candle Inferno', 1), ('Olivia x460', 2), ('iAssist Line', 2), ('pearTV', 2)]",19950,106.01,-37.80598670000001,144.979449,15,17063.51,Spring,True,1.4581,great phone i've had the phone for a couple months now. i've been extremely happy with it and haven't had any problems.,True
ORD094644,ID6167266644,2019-09-06,Nickolson,"[('Alcon 10', 1), ('Universe Note', 2), ('iStream', 1)]",16000,105.99,-37.8085511,144.9632138,25,12105.99,Spring,True,1.2493,not bad bad speaker for sound,True
ORD416287,ID0650269874,2019-04-09,Bakers,"[('Thunder line', 1), ('Universe Note', 1), ('Olivia x460', 1)]",6855,80.52,-37.8149183,144.9827526,15,5907.27,Autumn,True,1.2267,phone as described. very nice like new all great. like new note 8. i wish it had a sim kit.,True
ORD420249,ID1458422332,2019-12-05,Bakers,"[('Olivia x460', 1), ('Toshika 750', 1), ('Universe Note', 1)]",8995,78.45,-37.8167278,145.0089773,15,7724.2,Summer,False,1.4222,"asus gotta classic! best phone i ever had! the sound is fantastic; it can get a little frustrating when switching out from the headphone jack (in resets the volume level on some apps, like tidal), but its nothing to cry over. awesome phone. works great with spotify!",True
ORD459728,ID0202498544,2019-06-18,Thompson,"[('Alcon 10', 2), ('iStream', 2)]",18200,61.71,-37.80134570000001,144.9174425,10,16441.71,Winter,False,2.8947,"battery life is disapointing :( i just got this phone and like all of my other phones i charged it to 100% before i used it for the first time. the phone literally last for only half of the day about 10 hours max 4000mha should last 12-16 hours max, this is insane.",False
ORD018935,ID2421604152,2019-02-27,Nickolson,"[('pearTV', 2), ('Lucent 330S', 1), ('Thunder line', 1)]",16030,97.88,-37.82456079999999,144.9564993,0,16127.88,Summer,True,1.326,five stars works great. exactly as expected,True
ORD105243,ID0373649829,2019-09-22,Thompson,"[('iAssist Line', 2), ('iStream', 2), ('Thunder line', 2), ('Toshika 750', 1)]",13430,82.04,-37.8091018,144.9293206,25,10154.54,Spring,False,1.6107,"phone was in pretty good shape phone was in pretty good shape. lcm was immaculate. only one minor scuff on the frame. was going in an otterbox anyway so no biggie. also, delivery exceeded my expectations. thanks.",True
ORD111352,ID6167191730,2019-06-15,Nickolson,"[('Candle Inferno', 1), ('iAssist Line', 2), ('iStream', 2), ('Lucent 330S', 1)]",6410,75.39,-37.8158211,144.9658061,25,4882.89,Winter,True,0.4514,"5 stars for a note 5 super good, minor wear, though broken s pen, easily fixed with super glue. lovely phone overall, though",True
ORD123813,ID0130015101,2019-12-21,Nickolson,"[('Candle Inferno', 2), ('Toshika 750', 2), ('Thunder line', 2), ('Lucent 330S', 1)]",15090,68.93,-37.8155496,144.9679983,5,14404.43,Summer,False,0.3655,product review better than my olivia.,True
ORD107821,ID0596909543,2019-03-17,Nickolson,"[('pearTV', 1), ('Toshika 750', 2), ('iAssist Line', 2)]",19400,62.24,-37.8123148,144.96264250000004,25,14612.24,Autumn,True,0.9262,install custom from firmware!!!!! be careful from buying from this person! this seller installed a custom firmware on the note 5 i just received yesterday. no telling what data he could have been taking this is a high security risk.,False
ORD446673,ID2841675040,2019-07-06,Nickolson,"[('pearTV', 2), ('Olivia x460', 1), ('Candle Inferno', 2), ('Toshika 750', 1)]",19025,63.12,-37.8080366,144.9689175,5,18136.87,Winter,True,1.1767,lasted only 10 months lasted less than a year before dying. it worked well although the right side of the screen was not very easy to use to select something or write when touching it. but lasted only 10 months!!! not worth the money.,False
ORD164401,ID0441588021,2019-01-14,Thompson,"[('iStream', 1), ('Alcon 10', 1), ('iAssist Line', 1), ('pearTV', 2)]",23945,73.32,-37.8115492,144.9362069,5,22821.07,Summer,False,0.9634,"low battery life i really like this phone, but the battery life is short so i recommend purchasing the lucent battery mod to go along with it as well. other than that no complaints. fantastic phone.",True
ORD287727,ID3555788060,2019-08-26,Thompson,"[('Universe Note', 2), ('Alcon 10', 2), ('iAssist Line', 1), ('iStream', 2)]",27325,48.34,-37.8078925,144.94103869999995,25,20542.09,Winter,False,0.7513,i bought this phone and within six months it just ... i bought this phone and within six months it just stop working. when i took it to the repair shop i hear that the battery is giving problems. now i cannot get a replacement. very very disappointed,False
ORD330804,ID0282825762,2019-01-13,Thompson,"[('Thunder line', 2), ('iStream', 2), ('Lucent 330S', 2)]",7120,97.65,-37.8028336,144.9519195,5,6861.65,Summer,True,1.1755,good phone for the money. i don't really play games on my phones so this far this phone has been great. very responsive all the time and lots of features.,True
ORD035199,ID2209383485,2019-04-28,Thompson,"[('Olivia x460', 2), ('iStream', 1), ('Thunder line', 2), ('Universe Note', 2)]",13860,70.24,-37.7997486,144.9574922,10,12544.24,Autumn,False,1.706,the best it is a great phone i like itv,True
ORD477833,ID1131986120,2019-12-08,Thompson,"[('pearTV', 1), ('Candle Inferno', 1)]",6740,86.96,-37.81497279999999,144.9449286,25,5141.96,Summer,True,0.3177,everything you want in a phone you won’t find a better phone with all these features for a better price. charges fast and last long. the performance is great and the apps really respond.,True
ORD050651,ID3146808083,2019-09-06,Bakers,"[('Olivia x460', 1), ('Alcon 10', 1), ('Toshika 750', 1), ('iAssist Line', 1)]",16720,59.68,-37.8122743,144.9890736,25,12599.68,Spring,False,0.598,when i bought that cell i thought it is a ... when i bought that cell i thought it is a new condition but not ...the pencil it isnt working. i want my money back sinceraly. i paid too much money for used cell phone.,False
ORD071117,ID0245531235,2019-11-01,Nickolson,"[('Alcon 10', 1), ('Lucent 330S', 2), ('iAssist Line', 2), ('Olivia x460', 2)]",18310,31.6,-37.8128124,144.9657905,5,17426.1,Spring,False,0.7237,worst cellphone for the price most worst smartphone that you can imagine especially for the asking price. i wouldn't pay $1 for it.,False
ORD384562,ID0711333487,2019-12-03,Thompson,"[('Toshika 750', 1), ('Candle Inferno', 1)]",4750,61.83,-37.8063483,144.95714109999997,15,4099.33,Summer,False,1.1315,"gps not reliable great value phone because of features and appearance, but after just 4 months the gps has begun to fail.",False
ORD365172,ID1445498760,2019-07-26,Bakers,"[('Candle Inferno', 1), ('Universe Note', 1)]",3880,75.83,-37.81664910000001,144.9869362,15,3373.83,Winter,True,1.0396,good phone i over this fone,True
ORD196397,ID6167344595,2019-05-21,Nickolson,"[('iStream', 1), ('Olivia x460', 1), ('Candle Inferno', 2)]",2235,51.9,-37.8120814,144.9707261,15,1951.65,Autumn,False,0.7324,two stars had a bug!,False
ORD178194,ID0026034664,2019-05-01,Nickolson,"[('Candle Inferno', 2), ('Olivia x460', 1)]",2085,40.125,-37.808432,144.97163740000005,5,2020.875,Autumn,True,1.1461,better than alcon x well made. i love the color. the screen is beautiful and crisp. the phone is very comfortable in the hand. i went into a at&t store and the employees all made a big deal about it. the only thing i wish it had is wireless charging. this is such a awesome phone.,True
ORD317781,ID0781093034,2019-01-06,Thompson,"[('Thunder line', 2), ('Candle Inferno', 1), ('Olivia x460', 2), ('Lucent 330S', 1)]",8470,80.77,-37.80311470000001,144.9496683,10,7703.77,Summer,True,1.0883,hate it i hate this phone. hard to find good cases and i hate the way it runs and the look i suggest universe atleast! don't buy,False
ORD100883,ID0591358996,2019-06-23,Thompson,"[('Universe Note', 1), ('Olivia x460', 2), ('Lucent 330S', 2), ('Alcon 10', 2)]",26260,80.18,-37.8225695,144.95274519999995,0,26340.18,Winter,True,1.2094,"good product for sure is not an alcon, but is good to be different. the phone is fine, nice ad works good! some good specs like radio and the camera",True
ORD334331,ID1224854722,2019-06-01,Thompson,"[('Alcon 10', 1), ('Toshika 750', 1), ('Olivia x460', 2)]",15720,49.04,-37.813603,144.9401868,5,14983.04,Winter,False,0.614,big disappointment i just got the phone two months ago and its no working well. giving trouble charging. i am very disappointed.,False
ORD077061,ID4283908132,2019-01-06,Bakers,"[('Toshika 750', 1), ('Olivia x460', 2), ('iStream', 1), ('Lucent 330S', 1)]",8150,94.9,-37.8090493,144.98369680000005,25,6207.4,Summer,True,1.0199,amazing phone ordered this for my mom. she loves it!,True
ORD084755,ID1449431625,2019-02-03,Nickolson,"[('Olivia x460', 1), ('Thunder line', 2)]",5585,70.54,-37.813381,144.97386930000005,10,5097.04,Summer,False,0.6936,"my mind has changed always have been olivia loyalist, took a chance with this and definitely liking it.",True
ORD349252,ID0123087066,2019-04-09,Thompson,"[('Alcon 10', 1), ('iAssist Line', 1), ('Thunder line', 2)]",15535,80.17,-37.8152876,144.9556252,15,13284.92,Autumn,True,0.8068,"five stars great cellphone, it work very well...",True
ORD130035,ID3218293558,2019-06-25,Thompson,"[('Toshika 750', 2), ('Lucent 330S', 2)]",11100,77.61,-37.8036009,144.95499109999997,5,10622.61,Winter,False,1.2269,"terrible reception .much better battery life and more onboard storage, more memory and faster processor than my s5 terrible reception. i'm convinced it's the phone model. worse than my s5. there are many places where i get no reception at all and others with my service company get reception with different models.",False
ORD035645,ID3945799025,2019-04-02,Thompson,"[('Toshika 750', 2), ('iAssist Line', 1), ('Thunder line', 1), ('pearTV', 1)]",19355,65.11,-37.8190248,144.95424619999997,15,16516.86,Autumn,False,0.9478,excellent phone excellent phone,True
ORD337519,ID3945799034,2019-11-03,Thompson,"[('Universe Note', 1), ('iStream', 2), ('iAssist Line', 1)]",5975,105.05,-37.8191041,144.9540865,5,5781.3,Spring,True,0.9451,"works well for recipes and references. nice device, just the right size.",True
ORD339496,ID1889102287,2019-08-20,Nickolson,"[('Alcon 10', 2), ('Universe Note', 1), ('Thunder line', 2), ('pearTV', 2)]",38330,66.59,-37.80773,144.97136,5,36480.09,Winter,False,1.2199,"i bought this to replace my wife's (1st generation) candle inferno. she likes it even better than the old one, especially the pinsharp screen.",True
ORD046106,ID0580294053,2019-09-02,Thompson,"[('Toshika 750', 2), ('Lucent 330S', 1)]",9870,117.21,-37.7987608,144.9198481,10,9000.21,Spring,True,2.8513,love it. beautiful experience especially if hooked to smart lighting and other accessories.,True
ORD461326,ID0579507010,2019-02-24,Thompson,"[('Toshika 750', 2), ('pearTV', 1), ('iStream', 2)]",15250,85.97,-37.8139659,144.94874950000005,10,13810.97,Summer,True,0.2063,"rivals alcon great screen size, resolution, camera features. amazing battery life and fully charges in minutes.",True
ORD133793,ID0168408619,2019-01-20,Nickolson,"[('pearTV', 1), ('Universe Note', 2), ('Olivia x460', 2), ('Alcon 10', 1)]",24610,96.91,-37.8119553,144.96046,15,21015.41,Summer,True,1.0888,"good phone, functions as advertised decent phone for the price, wish it didnt have as much uninstallable bloatware, but will likely just root and reimage it in a few months.",True
ORD406619,ID0283059732,2019-03-02,Bakers,"[('Universe Note', 1), ('pearTV', 1), ('Toshika 750', 1), ('Lucent 330S', 1)]",15310,68.12,-37.7992818,144.9971556,25,11550.62,Autumn,False,1.2046,looks beautiful great product,True
ORD335510,ID0332549399,2019-05-10,Thompson,"[('iAssist Line', 2), ('Thunder line', 1), ('Olivia x460', 2), ('Alcon 10', 2)]",26980,63.8,-37.8092053,144.94940480000002,25,20298.8,Autumn,False,0.4373,amazing! it's just amazing and so beautiful!,True
ORD074647,ID6167417941,2019-07-25,Nickolson,"[('Alcon 10', 2), ('pearTV', 1), ('iAssist Line', 2), ('Thunder line', 1)]",30840,65.03,-37.8148419,144.96071709999995,10,27821.03,Winter,False,0.8821,awesome worth the buy got the device in pristine condition and everything works,True
ORD075166,ID0777753015,2019-03-10,Thompson,"[('Toshika 750', 2), ('iAssist Line', 1), ('pearTV', 2), ('Universe Note', 2)]",30385,65.26,-37.8057632,144.9560944,15,25892.51,Autumn,True,1.1053,don't buy for tmobile didn't work for tmobile. data 4g isnt available with this phone.,False
ORD472073,ID0577522376,2019-01-27,Nickolson,"[('Olivia x460', 2), ('Thunder line', 1), ('pearTV', 1), ('iAssist Line', 1)]",13165,55.35,-37.8231165,144.97087019999995,10,11903.85,Summer,False,0.5165,"help with return i did not use it for anything, can not get 3g phone activated anymore. i emailed trying to return it, with no reply :(",False
ORD219564,ID0269334278,2019-03-24,Nickolson,"[('Toshika 750', 2), ('Universe Note', 1)]",12090,77.55,-37.8158046,144.9741906,15,10354.05,Autumn,True,0.5128,ana excelente funciono perfecto en venezuela lo recomiendo,True
ORD047877,ID6273363794,2019-09-09,Thompson,"[('pearTV', 1), ('iAssist Line', 2), ('Lucent 330S', 1)]",11990,110.81,-37.7995646,144.9624872,25,9103.31,Spring,True,1.992,"like it alots, something different than traditional television. the use of iassist is nice too.",True
ORD321126,ID0222957430,2019-10-22,Bakers,"[('Candle Inferno', 1), ('Toshika 750', 1)]",4750,73.68,-37.8070501,144.99087450000005,15,4111.18,Spring,False,0.5044,great phone. highly recommend. love the google line. i have all 3 google pixels. make sure to go with the xl. you will not be disappointed. very snappy and breezes through all applications and internet without problem.,True
ORD473214,ID2204643304,2019-03-13,Bakers,"[('iStream', 1), ('Toshika 750', 1), ('iAssist Line', 1), ('Candle Inferno', 1)]",7125,69.13,-37.8006219,144.9781021,10,6481.63,Autumn,False,1.8327,google deez great phone. the only drawback is the tab. google assistant is great fast. there is really no downside to performance. i will be back once they get rid of that tab. went to note 10 for the time being. and honestly in a few ways the pixal is better,True
ORD328343,ID0129549424,2019-02-25,Thompson,"[('Olivia x460', 2), ('Universe Note', 2), ('Thunder line', 2)]",13710,84.24,-37.8093501,144.9315798,15,11737.74,Summer,True,1.4115,"this sucks!~ return window closed on jun 24, 2019 product support window closed on nov 21, 2019 its nov 22 2019 and i'm pissed staring at a black screen!",False
ORD179495,ID2180785620,2019-04-14,Nickolson,"[('Olivia x460', 1), ('Toshika 750', 1), ('pearTV', 1), ('Thunder line', 2)]",16215,39.455,-37.8157032,144.965572,0,16254.455,Autumn,True,0.4755,excellent phone arrived right on time...has touch id and face id both included...,True
ORD190177,ID6138135272,2019-03-30,Nickolson,"[('Toshika 750', 1), ('iStream', 2)]",4620,32.99,-37.8143283,144.9742895,10,4190.99,Autumn,False,0.6318,5 stars great buy.,True
ORD186519,ID0207093570,2019-01-31,Bakers,"[('Alcon 10', 2), ('Universe Note', 2), ('Lucent 330S', 1), ('Candle Inferno', 1)]",26460,81.08,-37.8043044,145.0075602,25,19926.08,Summer,True,1.2558,not a new phone and not an unlocked one as described in the description. not a new phone and not an unlocked one as described in the description.,False
ORD383418,ID2181268837,2019-10-04,Nickolson,"[('Universe Note', 1), ('Candle Inferno', 1), ('iStream', 1), ('Thunder line', 2)]",8390,104.66,-37.8104686,144.9609582,25,6397.16,Spring,True,1.1787,beep beep i like this phone a lot! i upgraded from a lucent g 3rd gen. the g6 is so much faster and has a really cool physical design. definitely worth the price.,True
ORD110155,ID3218226976,2019-07-14,Thompson,"[('Thunder line', 2), ('Universe Note', 1)]",7810,49.58,-37.8079662,144.94542869999995,5,7469.08,Winter,False,0.5435,fraud. someone stole our phone. be careful! we ordered this phone and received a box of baby wipes inside. everything was sealed so i’m not sure where the theft occurred. waiting to get a replacement.,False
ORD491299,ID0128893036,2019-08-13,Bakers,"[('iAssist Line', 1), ('Thunder line', 2), ('iStream', 1)]",6735,79.32,-37.8014629,145.0065284,0,6814.32,Winter,True,1.3746,"no too happy when i saw the advertised about the . phone on the digico page it says the packet include the phone, the charger and the hands free.but when i got the package and i opened it was only the phone and the charger, the hands free was not in.",True
ORD091518,ID0472236200,2019-12-19,Nickolson,"[('iStream', 1), ('pearTV', 2)]",12770,105.38,-37.8000394,144.9694091,25,9682.88,Summer,True,2.0656,great fast,True
ORD337862,ID0242400083,2019-01-06,Thompson,"[('Alcon 10', 2), ('Toshika 750', 1), ('iStream', 1), ('pearTV', 1)]",28680,86.83,-37.821596,144.9307061,25,21596.83,Summer,True,1.7484,and don't have headphones the charge is fake,False
ORD070981,ID0331419020,2019-05-01,Bakers,"[('iAssist Line', 1), ('Alcon 10', 1), ('pearTV', 2)]",23795,68.17,-37.8246626,145.0012924,25,17914.42,Autumn,True,1.7174,"el telefono no carga más con su puerto primario usb c goldro se reinicio mi equipo de la nada, después del reinicio no volvió a trabajar, tuve que hacer un hard reset, después de un mes de ese error y de perder mis fotos e información, mi teléfono dejo de cargar, pésima construcción y materiales para un equipo tan caro",False
