order_id,customer_id,date,nearest_warehouse,shopping_cart,order_price,delivery_charges,customer_lat,customer_long,coupon_discount,order_total,season,is_expedited_delivery,distance_to_nearest_warehouse,latest_customer_review,is_happy_customer
ORD126814,ID2766300593,2019-10-11,Nickolson,"[('Alcon 10', 1), ('Toshika 750', 1), ('Candle Inferno', 2), ('Lucent 330S', 2)]",16590,86.59,-37.7996592,144.97019419999995,15,14188.09,Spring,False,2.1086,,True
ORD027531,ID1224821954,2019-07-13,Thompson,"[('pearTV', 1), ('iStream', 2), ('iAssist Line', 1)]",8835,65.4,-37.81206829999999,144.9383555,25,6691.65,Winter,False,0.7692,five stars nice phone i like it,True
ORD241955,ID0060095437,2019-09-22,Bakers,"[('iAssist Line', 1), ('Thunder line', 2), ('pearTV', 2)]",19205,84.25,-37.82454439999999,144.9888975,25,14488.0,Spring,False,1.7126,son loves it.,True
ORD012471,ID2191735059,2019-02-19,Nickolson,"[('Lucent 330S', 1), ('Universe Note', 1)]",4680,77.62,-37.8235021,144.9563142,25,3587.62,Summer,False,1.2858,five stars love this phone.,True
ORD286159,ID6167417928,2019-11-11,Thompson,"[('Alcon 10', 1), ('Olivia x460', 1)]",10175,77.28,-37.8155614,144.95816340000005,10,9234.78,Spring,False,1.0273,very good phone. go for it. this is a nice phone and had no issues till date.,True
ORD048465,ID0579994959,2019-06-08,Thompson,"[('Alcon 10', 1), ('Thunder line', 1), ('Lucent 330S', 1), ('Olivia x460', 1)]",13585,68.83,-37.8027958,144.93642869999996,0,13653.83,Winter,False,1.4438,love it...just like the other 4 i own.,True
ORD270966,ID0145245956,2019-01-08,Nickolson,"[('Lucent 330S', 2), ('iAssist Line', 2), ('Thunder line', 2)]",11270,92.87,-37.81668060000001,144.9604608,15,9672.37,Summer,True,0.8273,excellent phone works great,True
ORD008491,ID0777806540,2019-05-29,Thompson,"[('iAssist Line', 1), ('Thunder line', 1)]",4405,68.77,-37.8031078,144.95557580000005,0,4473.77,Autumn,False,1.3014,"five stars it great, good for elderly people. i like it and good for the people that don't like smartphone.",True
ORD121273,ID0578061043,2019-05-07,Thompson,"[('pearTV', 1), ('Lucent 330S', 2), ('Candle Inferno', 1)]",9200,49.51,-37.8252333,144.9451897,25,6949.51,Autumn,False,1.4079,not from this buyer ever again it was a piece of crap. did not work right at all,False
ORD080651,ID6167417924,2019-11-07,Thompson,"[('pearTV', 2), ('Universe Note', 1), ('Candle Inferno', 1)]",16500,102.84,-37.8158559,144.9571644,0,16602.84,Spring,True,0.9559,"all you need to spend on a phone great phone. not super fast, but lucent mods are cooler than any other phone. screen and camera are are really nice.",True
ORD061380,ID3938479955,2019-08-05,Nickolson,"[('Toshika 750', 1), ('Universe Note', 2), ('Candle Inferno', 1), ('iStream', 1)]",11800,49.33,-37.8201966,144.9650477,0,11849.33,Winter,True,0.4343,"it stop working and i sent it in to be ... it stop working and i sent it in to be fixed they kept it for a month and it still isn't right ,",False
ORD419062,ID3148693056,2019-01-03,Nickolson,"[('Olivia x460', 1), ('Lucent 330S', 2), ('iAssist Line', 1), ('iStream', 2)]",6210,72.08,-37.8118947,144.9724697,10,5661.08,Summer,False,0.7888,okay i guess received phone tons of scratches paint missing on trim but phone works very well,True
ORD409958,ID3215192039,2019-07-30,Thompson,"[('Candle Inferno', 1), ('Toshika 750', 1), ('Universe Note', 1)]",8200,61.52,-37.8082365,144.9473397,25,6211.52,Winter,False,0.4945,"great i bought it for my daughter, it’s great. i hope y’all still have good quality phones because i gotta get my son one in november.",True
ORD434716,ID0634784746,2019-06-11,Thompson,"[('iStream', 1), ('Candle Inferno', 1)]",580,64.69,-37.8145621,144.93822350000005,5,615.69,Winter,False,0.8058,"same specs as regular thunder, but easier to use than getting a separate hub for smart lights, etc.",True
ORD413971,ID2266561260,2019-02-26,Thompson,"[('Lucent 330S', 1), ('iStream', 2)]",1530,94.29,-37.8115403,144.95634850000005,15,1394.79,Summer,True,0.8258,great phone great phone! i love it using it on tmobile and works just fine...,True
ORD428294,ID0060096663,2019-04-09,Nickolson,"[('pearTV', 1), ('Lucent 330S', 2)]",8770,67.57,-37.8167591,144.9822729,15,7522.07,Autumn,False,1.1372,works well good phone for the price.,True
ORD356227,ID0310728380,2019-10-08,Thompson,"[('Alcon 10', 1), ('Lucent 330S', 1)]",10180,84.93,-37.812431200000006,144.9381741,15,8737.93,Spring,True,0.7827,unable to use product i have just purchase a lucent g 1 verison prepaid phone from ingadget that i can not activate and can not return because i had to opened the package to find out that it can not be activated.they will not accept returns that have been opened. there was no indication that this phone could not be activated. why sell it?,False
ORD024346,ID0591430025,2019-08-03,Nickolson,"[('Olivia x460', 1), ('Thunder line', 2)]",5585,74.21,-37.81849370000001,144.9642026,15,4821.46,Winter,True,0.4705,"good quality 👌 everything function well, i love it",True
ORD163580,ID2188421309,2019-02-07,Nickolson,"[('Olivia x460', 2), ('Universe Note', 2), ('Alcon 10', 2), ('Thunder line', 1)]",29430,76.42,-37.81882150000001,144.9609483,5,28034.92,Summer,True,0.7569,"one star so i can not use in venezuela , is not what i expected",False
ORD333722,ID0575552038,2019-09-23,Nickolson,"[('iAssist Line', 2), ('Universe Note', 2), ('Thunder line', 1)]",13530,108.38,-37.82638060000001,144.98559450000005,5,12961.88,Spring,True,1.6557,a very good smartphone the big screen and the quality of the image are great the olivia notes app was better in the note 5,True
ORD228609,ID4283908186,2019-10-27,Nickolson,"[('iStream', 2), ('Toshika 750', 2), ('Thunder line', 2)]",13300,101.16,-37.81177260000001,144.97475,5,12736.16,Spring,True,0.8865,toshika best. volte is support on t-mobile great phone with excellent screen. jesse review is incorrect with regards to volte on t-mobile... volte on t-mobile does work,1
ORD249492,ID4315827378,2019-07-05,Bakers,"[('Candle Inferno', 1), ('Alcon 10', 1), ('Universe Note', 1)]",12830,79.9,-37.8216329,144.9986131,0,12909.9,Winter,False,1.3291,"exactly as advertised bought used. listed as 'good' condition. had one minor nick on the edge, everything else was perfect. happy with the quality.",True
ORD360692,ID2717237172,2019-08-13,Nickolson,"[('Toshika 750', 2), ('iAssist Line', 1), ('Olivia x460', 1)]",12090,73.28,-37.798829100000006,144.96928830000004,0,12163.28,Winter,True,2.2004,four stars excellent device! perfect for the nature of my day-to-day multi-tasking!,True
ORD397993,ID0579973133,2019-12-19,Thompson,"[('Thunder line', 2), ('Lucent 330S', 1), ('Olivia x460', 1), ('pearTV', 2)]",19435,86.26,-37.8117943,144.9460717,15,16606.01,Summer,True,0.1314,great phone! it's a great little phone lot of functions lit of features and easy to use. still need to learn how to use some of its future but all in all great phone.,True
ORD289899,ID1449431574,2019-11-01,Nickolson,"[('Candle Inferno', 1), ('Alcon 10', 2), ('iStream', 2), ('Thunder line', 1)]",20810,85.9,-37.81524870000001,144.9747429,10,18814.9,Spring,True,0.5892,one star having trouble connecting it to my account.,False
ORD364337,ID0664377813,2019-07-23,Nickolson,"[('Thunder line', 1), ('pearTV', 2), ('Candle Inferno', 1), ('Olivia x460', 1)]",16455,73.93,-37.8206984,144.96690780000003,5,15706.18,Winter,True,0.3299,nice phone works good so far but battery does not last that long,True
ORD163763,ID1217532752,2019-11-08,Thompson,"[('pearTV', 2), ('Alcon 10', 1), ('Lucent 330S', 1), ('iAssist Line', 2)]",27250,76.35,-37.8179481,144.9485035,15,23238.85,Spring,False,0.6006,five stars nice...and pink!!! i love it,True
ORD078699,ID1833110288,2019-02-15,Nickolson,"[('Alcon 10', 1), ('Olivia x460', 1)]",10175,72.8,-37.8188564,144.9623989,25,7704.05,Summer,False,0.6296,"great buy i was a little wary buying this phone since it is refurbished. (i've had issues with refurbished electronics in the past.) but despite my doubts, this phone has worked great! ive been using it for 2 and a half months and haven't had any issues with it. i would definetly buy it again!",1
ORD428376,ID0496572534,2019-02-02,Bakers,"[('Thunder line', 2), ('Toshika 750', 2)]",13000,89.08,-37.799773,145.0123966,5,12439.08,Summer,True,1.8905,had to spend 2 hours on line to make it work on line.,False
ORD227142,ID0361771319,2019-02-06,Bakers,"[('Candle Inferno', 1), ('iStream', 2), ('Thunder line', 1)]",2910,80.35,-37.8000013,144.98000109999995,15,2553.85,Summer,False,1.7414,great love the phone is just a bit to fat for me,True
ORD069382,ID1283628983,2019-02-27,Thompson,"[('Universe Note', 2), ('iAssist Line', 2), ('Alcon 10', 1)]",20300,102.11,-37.79979470000001,144.9552864,5,19387.11,Summer,False,1.6055,"shield protection installed great buy. arrived with shield protection in place, thanks.",True
ORD089390,ID3215106480,2019-08-19,Thompson,"[('Universe Note', 2), ('Candle Inferno', 1), ('Olivia x460', 1), ('Alcon 10', 1)]",17505,62.85,-37.80923920000001,144.9503235,15,14942.1,Winter,False,0.4775,all real aasi spect i love everything about it .,True
ORD275360,ID5797758275,2019-07-11,Thompson,"[('Lucent 330S', 2), ('Universe Note', 2)]",9360,50.83,-37.8068159,144.944843,5,8942.83,Winter,False,0.6808,one star the sound stopped working a month after i bought it.,False
ORD471370,ID5002595075,2019-02-18,Thompson,"[('Olivia x460', 1), ('pearTV', 2), ('iStream', 1)]",13995,54.84,-37.81248220000001,144.95334680000005,0,14049.84,Summer,False,0.5525,price ok reception bad went back to old price ok reception bad went back to old phone,False
ORD326715,ID3215192022,2019-06-02,Thompson,"[('Toshika 750', 1), ('iStream', 2)]",4620,63.75,-37.8077749,144.9496593,5,4452.75,Winter,False,0.5909,best phone i ever have. huawei mate 20 lite is the best phone i ever have... so much better than alcon and olivia,True
ORD371310,ID3967629954,2019-01-24,Thompson,"[('Toshika 750', 1), ('Candle Inferno', 2), ('pearTV', 1), ('Thunder line', 2)]",15850,92.72,-37.817031,144.9520465,10,14357.72,Summer,True,0.6534,the camera is better 5han alcon x for taking photos for families the camera is better 5han alcon x for taking photos for families. the touch to get focus function is very useful. super fast! i found free case and free screen protector after 8 opened the sealed brand new box!,True
ORD332903,ID6167440971,2019-10-09,Nickolson,"[('Olivia x460', 1), ('iStream', 2)]",1525,85.68,-37.8152555,144.9637145,5,1534.43,Spring,False,0.6337,hearing and microphone is out the condition of phone was in great shape! whats bad: hearing and microphone doesn't work for what i've paid for the phone everything should had been working superbly. last five digits of the (imei & s/n 98269 -- 6hg04 ) so if you get this phone don't be surprise that it does't function properly.,False
ORD468783,ID0319860976,2019-05-22,Bakers,"[('Lucent 330S', 2), ('iStream', 1)]",2610,80.91,-37.80045689999999,144.99754109999995,10,2429.91,Autumn,True,1.0811,good good,True
ORD432358,ID2885237378,2019-06-28,Nickolson,"[('iAssist Line', 2), ('Candle Inferno', 2)]",5310,68.43,-37.8049874,144.9723977,25,4050.93,Winter,False,1.5353,best decision ever for buying a phone awesome!! beautiful!!,True
ORD406873,ID5797758278,2019-09-18,Thompson,"[('Universe Note', 2), ('iAssist Line', 1), ('Lucent 330S', 1), ('iStream', 1)]",10505,100.49,-37.807004,144.9452761,15,9029.74,Spring,True,0.6505,"great phone item is like new, no issues!",True
ORD241267,ID0575529518,2019-02-11,Nickolson,"[('Olivia x460', 2), ('Universe Note', 1)]",5900,102.88,-37.8237333,144.98682490000004,15,5117.88,Summer,True,1.6231,woohoo! $20 on gold day; done!,True
ORD261109,ID2213857170,2019-02-18,Bakers,"[('Lucent 330S', 1), ('Olivia x460', 2), ('iAssist Line', 1)]",5905,61.53,-37.8064821,144.9829726,5,5671.28,Summer,False,1.147,what is really wrong with my phone i am very disappointed with this phone. no one can hear me.the speakers have a problem. waiste of time and money,False
ORD463892,ID0589402289,2019-07-15,Nickolson,"[('iStream', 1), ('iAssist Line', 1)]",2375,61.82,-37.8130266,144.9710999,10,2199.32,Winter,True,0.6346,"excellent! i was very happy with the phone, the packaging and delivery to convenient digico locker. great experience!",True
ORD266318,ID0488879346,2019-01-24,Thompson,"[('Olivia x460', 1), ('iStream', 1), ('iAssist Line', 2), ('Candle Inferno', 1)]",6255,90.97,-37.8109827,144.9542416,5,6033.22,Summer,True,0.6583,positive! phone works as it should. this is my second phone purchased from this seller with no issues so far. very satisfied.,1
ORD216491,ID0289602864,2019-10-13,Thompson,"[('Lucent 330S', 2), ('pearTV', 2), ('Olivia x460', 1), ('iStream', 1)]",16455,96.47,-37.81131720000001,144.94942360000005,15,14083.22,Spring,True,0.2563,a nice bonus. better than i expected. i ordered a 6s and got a 6s+. it works great,True
ORD489546,ID3268160207,2019-07-27,Nickolson,"[('Thunder line', 1), ('pearTV', 2), ('Candle Inferno', 1)]",15230,68.0,-37.8234884,144.9861192,0,15298.0,Winter,False,1.5554,love it i love this phone really fast so far and its cool to type on it love it!!!,True
ORD179483,ID0777706218,2019-07-19,Thompson,"[('Toshika 750', 1), ('iStream', 1), ('Lucent 330S', 1)]",5700,79.86,-37.8058416,144.95521369999997,15,4924.86,Winter,True,1.0447,beautiful just like it,True
ORD246296,ID2400284873,2019-08-21,Nickolson,"[('Candle Inferno', 1), ('Lucent 330S', 2)]",2890,62.59,-37.8202787,144.9651132,10,2663.59,Winter,False,0.4329,"purpose served i bought this as a gift for one of my workmates, and he loves it so dearly. he says it is working perfectly.",True
ORD425896,ID4283908122,2019-06-28,Nickolson,"[('Thunder line', 2), ('Candle Inferno', 1)]",4790,68.64,-37.80840429999999,144.9758436,0,4858.64,Winter,False,1.2622,best cell out there. better than the most expensive alcon hands down,True
ORD128864,ID0767592583,2019-04-01,Nickolson,"[('iStream', 2), ('Alcon 10', 2), ('Toshika 750', 1)]",22520,51.7,-37.808003,144.9732937,15,19193.7,Autumn,0,1.2241,i paid for a new item the box was open ... i paid for a new item the box was open and missing the sim card tool. so i am unsure if i got a new phone or not.,False
ORD218797,ID2187983889,2019-08-13,Nickolson,"[('Universe Note', 2), ('Lucent 330S', 2), ('Alcon 10', 1)]",18310,63.54,-37.8119519,144.9711716,0,18373.54,Winter,False,0.7531,five stars awesome phone with dual sim card.,True
ORD237813,ID3167693144,2019-08-24,Thompson,"[('Lucent 330S', 2), ('iAssist Line', 1)]",4685,53.91,-37.80121610000001,144.9629847,0,4738.91,Winter,False,1.8937,one star got frozen after 1 yr!!! :(,False
ORD405849,ID0361269278,2019-09-21,Bakers,"[('Candle Inferno', 1), ('iStream', 1)]",580,108.75,-37.80101320000001,144.9775605,0,688.75,Spring,True,1.8481,good phone good phone,True
ORD084950,ID0582800718,2019-10-11,Nickolson,"[('Toshika 750', 1), ('Thunder line', 2), ('Olivia x460', 2)]",11130,58.7,-37.8161544,144.9723661,10,10075.7,Spring,False,0.3675,"it looks like i got a refurbished one i ordered a new phone, it looks like i got a refurbished one, the charge stays only for one hour (battery is drying soon) , and it will take 6 hours to battery full, i am not happy with this product, it stuck frequently. not so happy with this phone.",False
ORD316078,ID3394742110,2019-06-27,Thompson,"[('iStream', 1), ('Alcon 10', 2), ('Olivia x460', 1)]",19275,63.42,-37.8069073,144.94924450000005,25,14519.67,Winter,False,0.6698,"five stars love it, it is the right size which is not too small and not too big",True
ORD478482,ID4975504800,2019-12-23,Bakers,"[('Alcon 10', 2), ('pearTV', 1)]",24210,83.56,-37.8199661,145.01252759999997,5,23083.06,Summer,False,1.8828,love it! but not perfect of course it’s not going to be perfect but i am very satisfied. so good so far👌🏾,True
ORD109257,ID0591431040,2019-11-01,Nickolson,"[('Olivia x460', 2), ('Lucent 330S', 2)]",4910,81.48,-37.8177293,144.9671865,25,3763.98,Spring,True,0.2292,"muy decepcionado sorry, this video is unsupported on this browser.  el artículo llegó roto , después de hace mas de una semana aún estoy en espera de una respuesta y nada",False
ORD158447,ID2318307720,2019-01-22,Nickolson,"[('Olivia x460', 1), ('Thunder line', 2), ('Universe Note', 1), ('Lucent 330S', 2)]",11495,75.6,-37.8108065,144.9756299,0,11570.6,Summer,False,1.0186,"the ipod is good. looks clean though it came with a slight ... sorry, this video is unsupported on this browser.  the ipod is good. looks clean though it came with a slight crack on the top right. and the earpods were missing.v",True
ORD167620,ID4754200395,2019-09-29,Thompson,"[('Alcon 10', 1), ('iAssist Line', 2)]",13400,109.36,-37.8161428,144.9287483,5,12839.36,Spring,True,1.6568,"five stars great phone, love it",True
ORD439085,ID0417273054,2019-05-23,Bakers,"[('Olivia x460', 1), ('Alcon 10', 2), ('Thunder line', 2)]",23485,78.89,-37.80926229999999,144.9838244,5,22389.64,Autumn,True,1.0066,i like the ease of use and good support from digico. a reasonable price for a versatile tablet.,True
ORD209522,ID0163627875,2019-12-25,Thompson,"[('iAssist Line', 2), ('pearTV', 1)]",10760,79.18,-37.8239933,144.9538906,0,10839.18,Summer,False,1.3956,four stars great phone. came brand new. works much faster!,True
ORD271665,ID0531390695,2019-11-03,Thompson,"[('Universe Note', 1), ('iStream', 1), ('iAssist Line', 1)]",5825,106.96,-37.82428710000001,144.95049880000005,25,4475.71,Spring,True,1.3275,"ipad air 2 64gb purchased the air 2 as a gift. the ipad is in excellent shape, and it arrived quickly. i can not review the battery life as i only charged it up ran the setup and updates with no issues. i did play videos for a few hours and it only dropped about 12% of the battery life.",True
ORD278889,ID0294625486,2019-06-14,Nickolson,"[('iAssist Line', 1), ('Olivia x460', 2)]",4675,61.7,-37.8190725,144.964908,10,4269.2,Winter,False,0.4117,nice for less then $200 this phones a beast.,True
ORD094029,ID6167440990,2019-08-26,Nickolson,"[('Alcon 10', 1), ('pearTV', 1), ('iStream', 1), ('Lucent 330S', 1)]",16640,76.38,-37.8132527,144.96255109999996,0,16716.38,Winter,True,0.8559,it unlocks with your face like the alcon 😍 this phone is amazing my cousin love it. it works with tmobile.,True
ORD106031,ID0591276363,2019-08-05,Nickolson,"[('Universe Note', 1), ('Alcon 10', 2)]",21350,79.92,-37.823809,144.9564558,10,19294.92,Winter,True,1.2895,so far its a good phone this is my first smartphone and so far its been a great one. i like that it includes gorilla glass to prevent scratches. although it does come with a fair amount of unneeded apps that are google related.,True
ORD079406,ID0711331300,2019-04-25,Thompson,"[('iStream', 2), ('Universe Note', 1), ('Lucent 330S', 1), ('Candle Inferno', 2)]",5840,64.45,-37.8069883,144.9570875,0,5904.45,Autumn,True,1.0848,one star garbage,False
ORD498174,ID0227770421,2019-09-09,Bakers,"[('iAssist Line', 1), ('Alcon 10', 1), ('Olivia x460', 1), ('iStream', 1)]",12550,68.98,-37.7990396,144.9850633,0,12618.98,Spring,False,1.5124,it's not unlocked intenté poner una sin car de straight talk y que triste saber que no funciona. aquí dentro de estados unidos. debería tener más información,False
ORD274854,ID4398351517,2019-07-09,Nickolson,"[('Thunder line', 2), ('Lucent 330S', 1)]",5590,62.95,-37.8201043,144.9660391,10,5093.95,Winter,False,0.3516,"it's a great phone i love this phone. it's great for how little it costs. in my opinion it destroys the pear brand, and is up there with olivia. processor could be faster, but for being a budget phone it works very well. and i'm no photographer, but the camera seems great to me.",True
ORD228953,ID4716795753,2019-05-19,Thompson,"[('Candle Inferno', 2), ('Lucent 330S', 2), ('Alcon 10', 1)]",12270,65.09,-37.8188326,144.9532351,25,9267.59,Autumn,False,0.8742,"excelente eleccion el telefono es bellisimo, super liviano. me encanta el tamano porque no es tan grande. facil de usar. feliz de haber vuelto a xp.",True
ORD213856,ID0711331302,2019-07-10,Thompson,"[('Universe Note', 1), ('Thunder line', 1)]",5630,65.95,-37.8070242,144.956963,0,5695.95,Winter,False,1.0736,four stars great everything was great fine got it connected everything is good thank you,True
ORD211214,ID0387152995,2019-03-31,Thompson,"[('Lucent 330S', 2), ('Olivia x460', 2)]",4910,78.18,-37.8070029,144.9469489,25,3760.68,Autumn,True,0.6313,five stars very good quality. i recommend.,True
ORD309522,ID0664378463,2019-01-15,Nickolson,"[('Alcon 10', 2), ('Candle Inferno', 1), ('Olivia x460', 2), ('Toshika 750', 2)]",29420,87.64,-37.8201019,144.9669756,15,25094.64,Summer,True,0.2818,"nice product great phone, good amount of memory storage, looks clean but the battery is a little small but just leave it on stamina mode and it runs all day and it doesn't effect the performance too much.",True
ORD441340,ID1833110273,2019-04-28,Nickolson,"[('Alcon 10', 1), ('Universe Note', 2)]",15850,61.42,-37.8169759,144.9693762,15,13533.92,Autumn,True,0.1809,beware!!!! phone was fine but charging unit started on inferno once plugged i plugged it in. not cool!!,False
ORD303957,ID3419344113,2019-10-28,Nickolson,"[('iAssist Line', 1), ('Universe Note', 1), ('Olivia x460', 2)]",8125,103.34,-37.80842360000001,144.9760374,5,7822.09,Spring,True,1.2678,very good phone. does everything i want it to.,True
ORD443307,ID1657117886,2019-10-04,Bakers,"[('Olivia x460', 2), ('pearTV', 2)]",15070,89.09,-37.8116263,145.0067582,10,13652.09,Spring,True,1.0298,"no standard headphone jack this has no standard headphone jack, essential to any phone. ridiculous.",False
ORD453994,ID0387908964,2019-07-08,Nickolson,"[('Thunder line', 2), ('pearTV', 2), ('iAssist Line', 2), ('Universe Note', 2)]",28330,74.13,-37.8214441,144.96358669999995,0,28404.13,Winter,True,0.6129,got this for my wife. she loves it. ... got this for my wife. she loves it. took it to the at&t store and they thought it wouldn't work on their network. they were surprised when it did and they wanted one. no issues yet.,True
ORD085467,ID5422000177,2019-12-05,Thompson,"[('iStream', 2), ('Universe Note', 1), ('Toshika 750', 2), ('Thunder line', 2)]",16750,82.02,-37.8022324,144.9604992,15,14319.52,Summer,True,1.6571,best phone i’ve ever owned. better than what i had expected. i’m definitely hooked.,True
ORD011593,ID0441587731,2019-07-02,Thompson,"[('Toshika 750', 2), ('pearTV', 2)]",21260,65.56,-37.8143214,144.9380749,0,21325.56,Winter,False,0.8119,five stars perfect i come back again for the 635 one,True
ORD251211,ID2069604236,2019-01-09,Bakers,"[('Thunder line', 1), ('Olivia x460', 1), ('Lucent 330S', 2), ('Toshika 750', 2)]",14505,101.41,-37.8009849,144.9786899,15,12430.66,Summer,True,1.7672,"a happy customer just received my used lucent g. very fast and smooth. i am currently using alcon 4s but lucent g is way faster. the other good news is, i was able to activate it on tracfone.",True
ORD262889,ID3743608250,2019-07-22,Thompson,"[('Candle Inferno', 2), ('Lucent 330S', 1), ('Thunder line', 2)]",6450,68.42,-37.82239379999999,144.9487416,15,5550.92,Winter,False,1.092,"five stars very happy with the phone. came in awesome shape and works very well, no complaints here.",True
ORD014354,ID3788315451,2019-12-01,Nickolson,"[('Toshika 750', 1), ('pearTV', 2), ('Universe Note', 1)]",20390,77.39,-37.820045,144.9611555,15,17408.89,Summer,False,0.7557,"one star got a phone setup in german, not responding. immediate return",False
ORD242785,ID0777783233,2019-10-12,Thompson,"[('Olivia x460', 1), ('Universe Note', 2), ('Alcon 10', 1), ('Candle Inferno', 2)]",17935,90.06,-37.8048535,144.95456090000005,0,18025.06,Spring,True,1.0917,repackaged? was it even new? never worked right. only gets one bar. the box it came it was labeled for a different memory capacity that what i got. very suspect.,False
ORD438706,ID6167413273,2019-05-26,Nickolson,"[('iAssist Line', 2), ('Candle Inferno', 2)]",5310,65.46,-37.8151079,144.9605892,15,4578.96,Autumn,True,0.8785,"very satisfied with my tablet ,it is very easy to operate.",True
ORD011394,ID0571731212,2019-08-18,Thompson,"[('Thunder line', 2), ('Toshika 750', 1), ('Olivia x460', 1), ('iStream', 2)]",10205,67.02,-37.8243379,144.9445459,5,9761.77,Winter,False,1.3173,a great phone i love this phone,True
ORD494110,ID1865096363,2019-04-08,Nickolson,"[('Universe Note', 2), ('Candle Inferno', 1), ('pearTV', 1)]",13640,54.46,-37.8052589,144.96923080000005,10,12330.46,Autumn,0,1.4848,very disappointing purchase paid over 400$ bucks and the damn home button doesn’t work! bad business!!!!!!,False
ORD304919,ID2190483598,2019-11-23,Thompson,"[('Candle Inferno', 2), ('Alcon 10', 2)]",18760,104.45,-37.80713220000001,144.9598125,15,16050.45,Spring,True,1.2793,four stars good phone!,True
ORD475043,ID4315827369,2019-05-08,Bakers,"[('Alcon 10', 2), ('iStream', 1), ('Toshika 750', 2), ('Olivia x460', 1)]",27915,62.88,-37.8132482,145.0001319,25,20999.13,Autumn,False,0.5628,"s10e brand new works very well, haven't tried the finger print or face rec.",True
ORD191992,ID0248746966,2019-08-10,Bakers,"[('Thunder line', 2), ('Olivia x460', 2)]",6810,66.94,-37.8196696,144.99427,10,6195.94,Winter,False,1.0801,i love my thunder spot that my daughter and son in law got me for my birthday. iassist wakes me each morning and plays music when i ask.,True
ORD311986,ID0282854772,2019-06-22,Bakers,"[('Olivia x460', 2), ('iStream', 1)]",2600,70.28,-37.800225,145.00961,5,2540.28,Winter,False,1.668,good phone for the price. beautiful phone. after reading some reviews i became worried about the phone being compatible with my carrier metropcs but everything worked out fine. the phone was very clean with no cosmetic flaws as far as i can tell.,True
ORD382065,ID0316414093,2019-05-23,Thompson,"[('Toshika 750', 2), ('Alcon 10', 1)]",17590,83.45,-37.8089016,144.9602386,10,15914.45,Autumn,True,1.232,fast charging phone is perfect. its has all the features of alcon,True
ORD389729,ID5001030333,2019-10-23,Thompson,"[('Candle Inferno', 1), ('Thunder line', 1), ('pearTV', 1)]",8920,74.94,-37.8113191,144.9528176,0,8994.94,Spring,False,0.5276,"i got this for reading books, i still like ipad better though.",True
ORD491377,ID3085953510,2019-10-14,Nickolson,"[('iAssist Line', 1), ('Universe Note', 1)]",5675,59.17,-37.8167363,144.97569860000004,25,4315.42,Spring,False,0.5788,scam the screen died after 2.5 months of slow and painful work,False
ORD364186,ID2288769482,2019-11-26,Bakers,"[('iAssist Line', 2), ('Lucent 330S', 2), ('pearTV', 2)]",19530,63.78,-37.80148370000001,145.004298,10,17640.78,Spring,False,1.2384,"bad experience after a few hours of use,unexpectly turned off,then it begins lagging and acting weird,just talk to digico for help, they didn't help me because it was bought through a freight forwarder.i really feel like a wasted my savings for nothing",False
ORD041961,ID0301537536,2019-12-20,Thompson,"[('Universe Note', 2), ('pearTV', 1), ('Candle Inferno', 2), ('Lucent 330S', 1)]",15300,73.53,-37.8195536,144.9445256,0,15373.53,Summer,True,0.7979,good for it’s price nice phone for its price. like the fingerprint reader.,True
ORD475097,ID0531390695,2019-03-03,Thompson,"[('Alcon 10', 2), ('Lucent 330S', 1)]",19130,82.38,-37.82428710000001,144.95049880000005,0,19212.38,Autumn,True,1.3275,great phone. great phone. just be aware this is the chinese version.,True
ORD377098,ID6167357850,2019-08-24,Nickolson,"[('pearTV', 2), ('Universe Note', 2), ('Toshika 750', 1), ('Olivia x460', 1)]",25065,66.7,-37.8092351,144.9722247,15,21371.95,Winter,False,1.0681,gold day deal great gold day deal. i love it !,True
ORD040507,ID0579490936,2019-01-23,Thompson,"[('Universe Note', 2), ('Thunder line', 2)]",11260,88.69,-37.8151395,144.95044099999996,15,9659.69,Summer,True,0.4041,"a phone to buy without hesitation i am very happy with this phone, it's incredibly fast and it's screen, camera ....everything is just amazing. much better than my toshika xperia. one thing, did not come with headphones, it would've been awesome if it did",True
ORD177202,ID2975216740,2019-08-09,Thompson,"[('iStream', 2), ('pearTV', 1), ('Lucent 330S', 2)]",9070,83.6,-37.7993462,144.95926819999997,5,8700.1,Winter,True,1.8309,four stars ok,True
ORD093314,ID4234880959,2019-03-05,Nickolson,"[('Candle Inferno', 1), ('Thunder line', 1)]",2610,68.14,-37.80427750000001,144.96893630000002,25,2025.64,Autumn,False,1.5947,"great phone. great performance, highly recommend.",True
ORD086379,ID3213448173,2019-08-16,Nickolson,"[('Lucent 330S', 1), ('iAssist Line', 1)]",3455,79.49,-37.8086964,144.961653,25,2670.74,Winter,True,1.3025,some pieces may be international everything with this phone is pretty awesome and the only issue is that my finger print quit working so i have to see about getting it fixed. other than that amazing phone!!,True
ORD044869,ID0036825329,2019-04-28,Thompson,"[('Alcon 10', 1), ('Universe Note', 1), ('Candle Inferno', 1)]",12830,80.31,-37.8253131,144.9458456,5,12268.81,Autumn,True,1.4111,no issues; love it i've had no issues at all. the phone is fast and contains very little bloatware (far less than most phones).,True
ORD499421,ID1833120506,2019-05-04,Thompson,"[('pearTV', 1), ('iStream', 2)]",6610,67.08,-37.79974050000001,144.9550185,10,6016.08,Autumn,False,1.6004,four stars nice phone!,True
ORD351641,ID6167279385,2019-01-07,Thompson,"[('Thunder line', 1), ('iStream', 1), ('iAssist Line', 2), ('pearTV', 1)]",13090,71.27,-37.812384,144.9539514,0,13161.27,Summer,False,0.6061,super phone love it it is packed with more bells and whistles that i can believe.,True
ORD227285,ID6167359502,2019-01-29,Nickolson,"[('Thunder line', 2), ('Toshika 750', 1), ('Olivia x460', 1), ('Universe Note', 1)]",13355,74.36,-37.8093784,144.9729283,5,12761.61,Summer,False,1.0681,"no lo cambio !!! me encanta este celular, es súper bueno, rápido, liviano, muy lindo!!! es perfecto, además súper economico, recomiendo la marca y recomiendo al vendedor",True
ORD244583,ID1463620643,2019-10-11,Bakers,"[('iStream', 2), ('Candle Inferno', 2)]",1160,79.71,-37.8178416,145.0077888,25,949.71,Spring,False,1.4079,"the digico inferno hd is easy to use. the 8"" tablet is just the right size.",True
ORD262794,ID5680181550,2019-04-23,Thompson,"[('pearTV', 2), ('Toshika 750', 2)]",21260,67.93,-37.79994050000001,144.958796,5,20264.93,Autumn,False,1.7529,no phone in box!!!! would give 0 if i could... there was no phone in the box! would not recomend!!!,False
ORD136934,ID0576860055,2019-05-23,Bakers,"[('Lucent 330S', 2), ('Candle Inferno', 1), ('Olivia x460', 2)]",5340,82.27,-37.8246942,144.98897309999995,15,4621.27,Autumn,True,1.7262,bring more version can we also get the pro from your store because we love this but some people might also be interested in the pro version and also there should be availability of selection for color and also the ram,True
ORD472693,ID6058735408,2019-06-19,Thompson,"[('Toshika 750', 2), ('Alcon 10', 2)]",26540,50.23,-37.8160234,144.9370723,25,19955.23,Winter,False,0.9549,had to return it was supposed to be a new phone but the data portion would not work. i worked with verizon and they said important software was missing. the phone had been modified so i could not get it to work,False
ORD129410,ID1463620781,2019-08-20,Bakers,"[('pearTV', 1), ('iStream', 1)]",6460,78.26,-37.814451700000006,145.0076823,15,5569.26,Winter,False,1.202,"five stars is what i needed, thank you",True
ORD293519,ID0591408716,2019-11-02,Nickolson,"[('pearTV', 1), ('Candle Inferno', 2), ('Alcon 10', 1), ('Toshika 750', 1)]",20440,101.66,-37.8192616,144.960999,15,17475.66,Spring,True,0.7557,pretty decent tablet. good for mindless games and istream. you get what you pay for.,1
ORD291085,ID0579383913,2019-03-11,Thompson,"[('Alcon 10', 2), ('Lucent 330S', 2), ('Olivia x460', 2)]",22810,80.54,-37.8243707,144.94256299999995,25,17188.04,Autumn,True,1.3611,"this is a great tablet. it has amazing storage. i use mine daily. great for reading, surfing the web and games. the one small thing i don't like is digico gold shows are a bit dark for some reason. hulu and istream work wonderful.",True
ORD189228,ID6167417971,2019-02-10,Nickolson,"[('Lucent 330S', 2), ('pearTV', 2), ('iStream', 1)]",15230,91.95,-37.812416,144.9692455,15,13037.45,Summer,True,0.6884,excellent great great great,True
ORD462032,ID4283908153,2019-11-23,Bakers,"[('pearTV', 1), ('Olivia x460', 2), ('Universe Note', 2)]",15660,95.63,-37.8099791,144.9952351,25,11840.63,Spring,True,0.0019,good buy it's cheaper than any store or online shop. it's good quality for standard cell phone usage.,True
ORD399631,ID1492145817,2019-05-22,Thompson,"[('iAssist Line', 2), ('iStream', 1)]",4600,64.31,-37.8129912,144.952109,5,4434.31,Autumn,False,0.4447,happy husband my husband is happy with his newer phone.,1
ORD442417,ID2950822815,2019-01-31,Nickolson,"[('Universe Note', 2), ('Olivia x460', 1), ('Candle Inferno', 2)]",8985,72.24,-37.8196878,144.9616544,5,8607.99,Summer,False,0.705,"liking it thus far, still testing it. no ... liking it thus far, still testing it. no issues until now. handy and feels durable. does not need a case either, just a screen protector.",True
ORD045915,ID2190625304,2019-08-21,Nickolson,"[('Olivia x460', 2), ('Universe Note', 1), ('Lucent 330S', 2)]",8360,68.14,-37.8094296,144.9637378,25,6338.14,Winter,False,1.1412,amazing paroduct,True
ORD371260,ID1881118511,2019-04-18,Thompson,"[('pearTV', 2), ('iAssist Line', 2)]",17070,83.82,-37.7999196,144.9626861,0,17153.82,Autumn,True,1.9754,"i love it works as advertised. huge upgrade for me after having the honor 6x. i loved the honor phone too, but this phone is faster, lighter, can multitask, has quick charging and so much more. its amazing.",True
ORD275713,ID0638053773,2019-05-24,Nickolson,"[('Alcon 10', 1), ('iAssist Line', 1)]",11175,76.57,-37.8177839,144.96602019999995,15,9575.32,Autumn,False,0.3233,"excellent phone at an excellent price everything you could ask for in a mid range phone. amazing camera even in low light. great battery life and charges fast. i took the blue which is beautiful. lightweight. came with charger, us adapter, headphone jack plug in, free case.",True
ORD084156,ID3215192054,2019-02-27,Thompson,"[('Universe Note', 2), ('pearTV', 1), ('Alcon 10', 1)]",22160,69.04,-37.8103338,144.9470645,0,22229.04,Summer,False,0.2604,perfect phone received. recieved an immaculate and unlocked note 8.,True
ORD429828,ID1463547043,2019-06-04,Bakers,"[('Universe Note', 1), ('Lucent 330S', 1), ('Toshika 750', 2), ('Alcon 10', 2)]",31220,68.16,-37.8198403,145.0041663,15,26605.16,Winter,False,1.3484,"love it major upgrade love it haven't had it long and it's a major upgrade over my toshika xperia xa ultra, faster, the camera is excellent i don't have anything bad to say about this phone. i'll recommend it to anyone looking for a good mid-range phone",1
ORD312933,ID0091971021,2019-08-12,Thompson,"[('iAssist Line', 1), ('Toshika 750', 2), ('iStream', 2)]",11165,77.6,-37.8178305,144.9487158,25,8451.35,Winter,True,0.5921,good phone it sometimes powers off at like 14%,True
ORD280254,ID2096319051,2019-07-11,Nickolson,"[('Alcon 10', 2), ('Olivia x460', 2)]",20350,67.15,-37.8083585,144.9753826,25,15329.65,Winter,False,1.2496,great buy the phone came in brand new with the headphones and charging cables and a pre-installed screen protector. love the upgrade. battery life has lasted me 2 days while using normally.,1
ORD414256,ID2173290761,2019-02-21,Nickolson,"[('Candle Inferno', 1), ('Alcon 10', 2), ('iAssist Line', 2)]",22780,91.97,-37.8220154,144.95977240000005,0,22871.97,Summer,True,0.9404,"toshika quality this is a really good phone, alot of improvements over my old z3+.. does not overheat like the z3+ did. battery is not the largest but efficient. i like the bezels for usability. also it has an actual 3.5mm headphone jack vs the newer models.",True
ORD011372,ID2991935465,2019-11-20,Thompson,"[('Thunder line', 1), ('Alcon 10', 2), ('iAssist Line', 2)]",24530,79.66,-37.8061375,144.9572052,5,23383.16,Spring,False,1.1507,"an oldie but a goodie i had this thing for 6 years as a daily driver, solid phone, good battery life with the possibility to change the battery.",True
ORD455303,ID0664380046,2019-02-26,Nickolson,"[('Olivia x460', 1), ('Toshika 750', 1)]",5545,74.09,-37.8212237,144.96646769999995,15,4787.34,Summer,True,0.3989,not the best. i upgraded from the zenfone zoom 3 and its faster and has better sound then this max plus.,False
ORD217794,ID0289597208,2019-12-24,Thompson,"[('Universe Note', 1), ('Candle Inferno', 2)]",4310,91.04,-37.8113864,144.95200359999995,10,3970.04,Summer,True,0.457,"beautiful sleek capable, 'nuf said. awesome phone! it's beautiful, technically advanced, responsive and did not bring too much bloatware. i'v always had universe s phones and this is the best.",True
ORD249371,ID0777771693,2019-12-19,Thompson,"[('Alcon 10', 1), ('iStream', 1)]",9100,63.67,-37.8062667,144.9599949,5,8708.67,Summer,False,1.342,"false advertisement does not specify that this is a refurbished model or that it runs on only t-mobile. could not use it with my verizon and as a result, was a total waste of money. the phone was no good to me and also came with parts and pieces that were not explained what they were or how to use them.",False
ORD203395,ID1463620947,2019-01-24,Bakers,"[('Universe Note', 1), ('Lucent 330S', 1), ('Toshika 750', 2), ('Olivia x460', 1)]",14545,75.76,-37.8185597,144.99917230000003,0,14620.76,Summer,False,1.0143,"great phone this is a very neat phone. i have always been an alcon user but am pleasantly surprised by all of the features, ease of use and great camera. would recommend this model. good price and quick delivery",True
ORD117975,ID2936341079,2019-07-28,Nickolson,"[('Lucent 330S', 1), ('Olivia x460', 2), ('pearTV', 2)]",16300,73.1,-37.8184881,144.96773969999995,0,16373.1,Winter,True,0.1597,best phone for the money great features and easy to use. seller was great to work with and help set it up with verizon. this was my first smart phone and i am very pleased to have found a seller who cares to help during and after the sale.,1
ORD368841,ID0176693522,2019-01-21,Nickolson,"[('iAssist Line', 2), ('pearTV', 1), ('Lucent 330S', 2)]",13220,76.58,-37.8101955,144.96368600000002,5,12635.58,Summer,False,1.0678,"solid deal! research who has the highest rating. i received my phone a couple weeks ago. it had a scratch on the back that is fairly noticeable, but otherwise a very beautiful phone (silver). works great, and i've had no issues!",True
ORD068802,ID0076459280,2019-01-19,Thompson,"[('iAssist Line', 1), ('iStream', 2), ('Lucent 330S', 2), ('Universe Note', 2)]",11885,77.59,-37.81014920000001,144.93203789999995,25,8991.34,Summer,False,1.3514,totally satisfied just what i was looking for serious people to make business,True
ORD330358,ID6167344575,2019-09-20,Nickolson,"[('Toshika 750', 1), ('Lucent 330S', 1), ('Candle Inferno', 1)]",5980,74.74,-37.8155701,144.9740446,25,4559.74,Spring,False,0.5192,ok le falta cobertura.,True
ORD062217,ID0246439386,2019-11-14,Nickolson,"[('iStream', 1), ('Alcon 10', 1), ('Lucent 330S', 2), ('iAssist Line', 2)]",16010,100.82,-37.8107963,144.9711395,10,14509.82,Spring,True,0.8793,so far so good. solid so far.,1
ORD001453,ID1879021170,2019-12-16,Bakers,"[('Toshika 750', 1), ('Thunder line', 1), ('iStream', 1)]",6650,95.06,-37.8138149,144.982929,5,6412.56,Summer,True,1.1625,"great tablet for the price, i would definitely recommend the higher gigabyte as it downloads quickly and doesn't take time to upload.",True
ORD117313,ID0664378463,2019-01-04,Nickolson,"[('pearTV', 1), ('Olivia x460', 2), ('Candle Inferno', 2), ('Thunder line', 2)]",13980,52.9,-37.8201019,144.9669756,5,13333.9,Summer,False,0.2818,digico adds are annoying. lack of compatibility with google and other apps is annoying. price is great. nice to have but it really isn't better than other tablets out there.,False
ORD464609,ID0579322303,2019-12-03,Bakers,"[('Candle Inferno', 2), ('Toshika 750', 2), ('iStream', 1), ('iAssist Line', 2)]",14100,70.68,-37.814141,144.99189180000005,10,12760.68,Summer,False,0.547,love it! love it! just like new!,True
ORD146312,ID1479905374,2019-01-25,Thompson,"[('iStream', 2), ('iAssist Line', 2), ('Thunder line', 1), ('Lucent 330S', 2)]",9390,96.3,-37.8209384,144.95603400000005,25,7138.8,Summer,True,1.2116,i really like the feel and ease of use. it's a great tablet for the price.,True
ORD444241,ID0767592197,2019-08-04,Nickolson,"[('iStream', 2), ('iAssist Line', 2), ('Lucent 330S', 2), ('Toshika 750', 2)]",15850,65.83,-37.8081019,144.973149,0,15915.83,Winter,False,1.2102,"love this phone! this is the best android phone i've ever had! love the large display, the pen feature is a real bonus! no more typing with one finger! i can write it out and the phone types it for me! a real time saver!",True
ORD240455,ID2716423449,2019-04-02,Thompson,"[('Toshika 750', 2), ('Thunder line', 1), ('Olivia x460', 2)]",13270,62.07,-37.8140346,144.9470579,10,12005.07,Autumn,True,0.1516,"a piece of crap. spend a lot of time and just could ... a piece of crap. spend a lot of time and just could not achieve a simple task as to transfer file from a pc. first it does not come with a usb cable. when i found a usb that fits and connected to pc, the pc did not recognize it. can someone help?",False
ORD047910,ID1463547084,2019-07-20,Bakers,"[('Lucent 330S', 1), ('pearTV', 2), ('Thunder line', 2), ('Candle Inferno', 2)]",19070,79.01,-37.8178223,145.0034301,10,17242.01,Winter,True,1.1308,just the perfect cost effective solution.  thank you digico.,True
ORD282012,ID6167247289,2019-11-27,Nickolson,"[('Toshika 750', 1), ('Candle Inferno', 1), ('pearTV', 2)]",17370,102.36,-37.81918510000001,144.9610198,15,14866.86,Spring,True,0.7531,"great phone, but mine came a little faulty. great little phone! powerful, big screen, long lasting battery. perfect price.. i give 3 stars because mine came with faulty speakers, one doesn't work. it's not a big deal, but still is noticable.",True
ORD131807,ID0777799144,2019-06-14,Thompson,"[('Alcon 10', 1), ('Thunder line', 1), ('Lucent 330S', 2)]",13590,76.23,-37.8059233,144.95519850000005,15,11627.73,Winter,True,1.0372,this price is very suitable for a junior high school student! this is a gift i bought for my niece. she loves it very much. she said that there has been no problem with the use.,True
ORD135498,ID4313862245,2019-07-15,Bakers,"[('pearTV', 1), ('Candle Inferno', 2), ('Lucent 330S', 2)]",9630,80.27,-37.8181821,144.99165359999995,10,8747.27,Winter,True,0.964,"great phone good tech, not too pricey.",True
ORD254649,ID0580158995,2019-09-09,Thompson,"[('iAssist Line', 2), ('Lucent 330S', 2), ('Candle Inferno', 1), ('Olivia x460', 1)]",8565,83.56,-37.8000075,144.9371309,15,7363.81,Spring,False,1.6589,"seller is top notch the phone was nice too. unfortunately, i couldn't get my automotive app to work on the windows operating system. but i would buy from ""icellsolution"" again. the price was good, they were fast and the phone was just as advertised.",True
ORD499877,ID0307349366,2019-08-20,Thompson,"[('Toshika 750', 1), ('Alcon 10', 1), ('Olivia x460', 2), ('pearTV', 1)]",22030,57.07,-37.8135187,144.9501824,10,19884.07,Winter,True,0.2895,disappointed with voice quality and had to return i had to return the phone as the voice quality was not good. the calls kept getting cut and the conversations was distorted. most probably because it was refurbished.,False
ORD217085,ID0746912592,2019-06-06,Nickolson,"[('Toshika 750', 1), ('Universe Note', 2)]",11220,68.69,-37.8242095,144.9842075,5,10727.69,Winter,True,1.4323,awesome great phone,True
ORD382413,ID0370750698,2019-04-06,Bakers,"[('iStream', 1), ('Alcon 10', 2), ('Universe Note', 2)]",24950,65.71,-37.8133648,144.9884655,5,23768.21,Autumn,False,0.7034,"best value phone <$200 in 2019 overall, great value. my only complaint is that the finger print sensor has a slightly higher latency than the mi a2, probably bc it's in-screen. it's a trade-off that doesn't feel worth it to me, but it's not bad. still a very useable and relatively secure sensor.",True
ORD422151,ID6167279406,2019-06-03,Nickolson,"[('Alcon 10', 1), ('iStream', 1)]",9100,79.16,-37.8085443,144.967578,25,6904.16,Winter,True,1.1322,awesome phone phone works really well. value for money. the camera and sound qualities are superb.,True
ORD249180,ID4297530208,2019-02-16,Nickolson,"[('Toshika 750', 2), ('Olivia x460', 2)]",11090,98.94,-37.80569620000001,144.9772251,0,11188.94,Summer,True,1.5866,olivia universe s4 for a new replacement phone that was still in the original in box the price was excellent. the phone works great thanks,True
ORD329715,ID0265516842,2019-01-23,Nickolson,"[('Olivia x460', 2), ('Candle Inferno', 2)]",3310,71.09,-37.8217141,144.9738554,5,3215.59,Summer,False,0.5136,"olivia universe cellphone - s10+ great price, i was unsure until i received the phone. very pleased.",1
ORD218751,ID2353534943,2019-08-29,Thompson,"[('Universe Note', 2), ('iAssist Line', 1)]",9125,71.47,-37.79988779999999,144.9633868,10,8283.97,Winter,False,2.0212,the item was just as i expected and in the ... the item was just as i expected and in the scheduled time. it worked correctly in argentina. i would definitely buy it again to the same seller,True
ORD421723,ID0107156040,2019-12-07,Nickolson,"[('Lucent 330S', 1), ('Olivia x460', 2)]",3680,68.22,-37.8289044,144.9866979,15,3196.22,Summer,True,1.8948,not a good refurbish this phone worked for approx 5 weeks and then screen went black and now ive wasted 750$ on a paperweight,False
ORD246684,ID0758616917,2019-04-04,Thompson,"[('Thunder line', 2), ('Alcon 10', 1), ('Candle Inferno', 1), ('Olivia x460', 2)]",16190,80.54,-37.8212573,144.9424304,10,14651.54,Autumn,True,1.039,perfect!! (xp lumia 900) i ordered 2 of these phones (1 for me and 1 for my hubby). they are both perfect and work well with our carrier! thank you so much!!,1
ORD218802,ID0767729978,2019-11-23,Nickolson,"[('Candle Inferno', 1), ('Lucent 330S', 2), ('Alcon 10', 1), ('Thunder line', 1)]",14020,94.62,-37.8044542,144.9707468,15,12011.62,Spring,True,1.5776,not real this phone is a scam don’t even waste your money. not a real phone ! called every carrier i could just to be told they can’t even find it in the system!,False
ORD075570,ID2975216741,2019-02-01,Thompson,"[('Olivia x460', 2), ('Alcon 10', 1), ('pearTV', 2)]",24020,103.18,-37.7992809,144.9592806,5,22922.18,Summer,True,1.8374,"fantastic value great phone, great features and works perfectly (months later). well worth it.",True
ORD470011,ID5001030331,2019-09-22,Thompson,"[('iStream', 1), ('Universe Note', 1), ('Lucent 330S', 2)]",6060,74.29,-37.8110409,144.9526687,5,5831.29,Spring,False,0.5249,really helpful easy to use daily use to internet,True
ORD439912,ID5002595138,2019-06-04,Thompson,"[('Lucent 330S', 1), ('Candle Inferno', 1), ('Toshika 750', 1), ('iAssist Line', 2)]",10430,64.04,-37.81197810000001,144.95343400000004,5,9972.54,Winter,False,0.5651,"excellence phone better than an i phone. excellent phone. this phone is perfect if you are a windows fan. only 1 draw back, (just my preference) is the ear speakers can be a little more on the volume.",True
ORD087369,ID3345061639,2019-03-29,Nickolson,"[('pearTV', 1), ('Thunder line', 1), ('Olivia x460', 1), ('Candle Inferno', 2)]",10575,65.95,-37.8254649,144.957204,5,10112.2,Autumn,True,1.328,"cell phone no funciona yo vivo en ecuador y compre es cell phone desbloqueado para poder usar en mi pais, funcionó bien algunos dias, ahora no me funciona por que me pide que ingrese un pin, ls operadora en mi pais me informa que el cel fue robado y por esta razon lo bloquearon, como debo pedir un reembolso",False
ORD268368,ID0576875515,2019-02-24,Nickolson,"[('iAssist Line', 2), ('Olivia x460', 2)]",6900,94.37,-37.81964970000001,144.9795095,5,6649.37,Summer,True,0.8835,"great phone, much better camera than the blu studio ... great phone, much better camera than the blu studio x plus i had and the android system on it is better too.",True
ORD202689,ID4884445049,2019-11-15,Thompson,"[('Universe Note', 2), ('Alcon 10', 1)]",15850,110.24,-37.8008476,144.9347748,25,11997.74,Spring,True,1.7035,"four stars easy to use, smooth working,long battery life. great phone and price is right!!!!!",True
ORD265735,ID3095063270,2019-06-12,Thompson,"[('iAssist Line', 2), ('Alcon 10', 2), ('Thunder line', 1)]",24530,63.96,-37.8233121,144.9406361,5,23367.46,Winter,True,1.3125,"pésima calidad muy decepcionada, celular de pésima calidad. dejó de funcionar a los 4 meses de uso y no tuvo arreglo.",False
ORD159376,ID0269335443,2019-08-06,Nickolson,"[('iStream', 2), ('Candle Inferno', 2)]",1160,62.24,-37.8119028,144.97805019999996,5,1164.24,Winter,True,1.0553,"3g technology is gone my family has the flip phones. just advised today we can no longer use them, we have to buy new because 3g is no longer being used. save your money!",False
ORD449663,ID0030947983,2019-08-04,Bakers,"[('Toshika 750', 2), ('iStream', 1), ('iAssist Line', 2), ('Alcon 10', 2)]",31140,64.28,-37.8109101,145.00416040000005,15,26533.28,Winter,False,0.7918,five stars all good.,True
ORD066991,ID0708718062,2019-05-30,Thompson,"[('iAssist Line', 1), ('Alcon 10', 1), ('Thunder line', 2), ('Universe Note', 2)]",22435,51.47,-37.8073498,144.9569726,15,19121.22,Autumn,False,1.0535,"one star i would not buy any of asus phone, they are very fragile even with heavy cover.",False
ORD249579,ID3066173175,2019-09-09,Nickolson,"[('pearTV', 1), ('iStream', 2), ('Universe Note', 2)]",13510,88.3,-37.8113578,144.96337319999995,25,10220.8,Spring,True,0.9717,"had a virus of some sort, doesn’t work and ... had a virus of some sort, doesn’t work and calls people on its own. really needed this for work and it’s cost us a lot more than just the cost of the phone",0
ORD085458,ID0443274277,2019-05-12,Bakers,"[('iStream', 1), ('Toshika 750', 2), ('Universe Note', 2)]",15690,66.45,-37.8186856,145.00534230000005,0,15756.45,Autumn,False,1.3138,need wall adapter take great pictures,True
ORD295826,ID0575429256,2019-04-16,Nickolson,"[('Lucent 330S', 2), ('Alcon 10', 1), ('Thunder line', 2)]",15770,68.13,-37.8186844,144.9838021,15,13472.63,Autumn,True,1.2532,cool it's so pretty,True
ORD329247,ID0577396699,2019-11-08,Nickolson,"[('Olivia x460', 2), ('iStream', 2), ('pearTV', 1)]",9060,62.43,-37.8211135,144.98247780000003,0,9122.43,Spring,False,1.1708,total waste of money!!!! phone has so many glitches and defects in it!! total waste of your money!! i would give it 0 stars,False
ORD300941,ID0243434000,2019-10-20,Nickolson,"[('iAssist Line', 1), ('Universe Note', 1)]",5675,101.4,-37.8234956,144.9764493,10,5208.9,Spring,True,0.8158,five stars grandson is so excited to have a new phone.,True
ORD491503,ID1463620469,2019-02-12,Bakers,"[('Alcon 10', 1), ('Toshika 750', 1), ('pearTV', 2), ('iStream', 1)]",26040,96.55,-37.816506,145.0056917,0,26136.55,Summer,True,1.171,"excellent! my only regret was my last phone was ... phone came new as promised. has performed as all olivia universe products do, excellent! my only regret was my last phone was the note and this screen is obviously a bit smaller. i would order again from this supplier.",True
ORD083949,ID0634777968,2019-12-15,Thompson,"[('Candle Inferno', 2), ('Universe Note', 1), ('Toshika 750', 1), ('Alcon 10', 2)]",26530,58.82,-37.8148177,144.9375311,15,22609.32,Summer,False,0.8721,one star bad battery returned,False
ORD228646,ID0714681786,2019-12-28,Nickolson,"[('pearTV', 1), ('Olivia x460', 2)]",8760,80.26,-37.8097251,144.9725363,5,8402.26,Summer,True,1.0217,"camera stopped working after 2 months! camera works infrequently after 2 months. have never had this issue before. it works after a restart, but only for a bit of time. others apparently have had the same issue - black screen, crashing, etc.",False
ORD178306,ID2302923326,2019-11-02,Nickolson,"[('pearTV', 1), ('Thunder line', 1), ('iStream', 1)]",8640,103.32,-37.8158579,144.98237680000005,25,6583.32,Spring,True,1.1683,everything is great nothing,True
ORD056251,ID4826905602,2019-09-23,Nickolson,"[('Toshika 750', 2), ('Olivia x460', 2), ('Candle Inferno', 1)]",11520,76.06,-37.8208183,144.9619892,25,8716.06,Spring,True,0.7095,five stars phone looks and acts like brand new. just costs a lot less! very happy!!,True
ORD146740,ID0582798753,2019-11-20,Nickolson,"[('iStream', 1), ('Universe Note', 1), ('iAssist Line', 2)]",8050,77.73,-37.8233376,144.9791279,5,7725.23,Spring,True,0.9939,nice tablet. very speedy. the only thing i don't like is that i can't add googleplay apps to it. at only $69.00 i guess that's to be expected.,True
ORD431229,ID0095557975,2019-06-14,Thompson,"[('Lucent 330S', 2), ('Toshika 750', 1), ('Thunder line', 2)]",11140,72.95,-37.79864570000001,144.9333648,15,9541.95,Winter,False,1.9726,very good good,True
ORD103398,ID3191033042,2019-12-04,Nickolson,"[('Lucent 330S', 1), ('iAssist Line', 2)]",5680,93.4,-37.8118158,144.9669124,25,4353.4,Summer,True,0.7895,five stars great,True
ORD311006,ID2688454941,2019-05-18,Bakers,"[('Alcon 10', 1), ('pearTV', 1)]",15260,50.89,-37.8175101,144.99580509999996,25,11495.89,Autumn,False,0.838,i bought this as a way to easily read while on the go. i'm disappointed as it's really too big too easily carry around. i've discovered it's not all that easy to use it for reading purposes,False
ORD126941,ID6167279402,2019-01-10,Nickolson,"[('Thunder line', 2), ('Alcon 10', 1)]",13310,76.89,-37.810368200000006,144.96093380000005,15,11390.39,Summer,False,1.1887,"five stars really pleased so far,seems to be a nice phone.",True
ORD319447,ID6167278780,2019-09-19,Thompson,"[('Thunder line', 1), ('Alcon 10', 2)]",20080,73.12,-37.8129201,144.95209430000003,0,20153.12,Spring,False,0.4428,amazing deal. i couldn’t tell that it was refurbished. it looked brand new and came with a pre installed glass screen protector. battery was at 90% overall i’m super happy and satisfied with this purchase,1
ORD239310,ID0767752928,2019-12-26,Nickolson,"[('Alcon 10', 1), ('Lucent 330S', 1)]",10180,101.52,-37.80320070000001,144.9700517,25,7736.52,Summer,True,1.7142,we regret waiting so long to purchase this item. we are both surprised and pleased with the sound quality.,True
ORD339244,ID2180785612,2019-02-28,Nickolson,"[('Toshika 750', 1), ('Olivia x460', 1), ('Lucent 330S', 2), ('Alcon 10', 2)]",25905,74.23,-37.81740670000001,144.9596995,5,24683.98,Summer,False,0.8763,great for watching sports events away from home but within wi fi range.,True
ORD406515,ID2658548177,2019-07-12,Thompson,"[('Toshika 750', 1), ('iStream', 2)]",4620,69.93,-37.8036661,144.9630279,15,3996.93,Winter,False,1.7249,four stars awesome phone so easy to use with lots of power,True
ORD108805,ID0581761000,2019-01-29,Thompson,"[('Candle Inferno', 1), ('Universe Note', 2), ('Toshika 750', 2), ('Thunder line', 1)]",18150,84.66,-37.8044284,144.92824869999995,10,16419.66,Summer,False,1.8926,trust digico it’s perfect,True
ORD280778,ID0227316012,2019-02-17,Bakers,"[('Toshika 750', 2), ('Lucent 330S', 2), ('pearTV', 2), ('Alcon 10', 2)]",41620,74.04,-37.8046584,144.98881540000005,15,35451.04,Summer,False,0.8195,well worth the money! i love this phone! great phone at a very reasonable price.,True
ORD416607,ID2314545797,2019-03-25,Bakers,"[('Olivia x460', 2), ('Alcon 10', 2), ('iAssist Line', 2), ('Lucent 330S', 2)]",27260,66.56,-37.8047344,144.9882562,10,24600.56,Autumn,False,0.8482,looks brand new. easy set up very pleased!! will be buying from this seller again when i buy my next upgrade (which will be very soon). looks brand new. easy set up with my phone carrier over the phone,True
ORD334999,ID0418104791,2019-08-22,Bakers,"[('iStream', 2), ('Alcon 10', 2), ('Thunder line', 1)]",20380,64.82,-37.8193063,144.9897682,10,18406.82,Winter,False,1.1423,great phone great phone for the price,True
ORD150539,ID0319157143,2019-12-04,Nickolson,"[('iAssist Line', 2), ('Thunder line', 2), ('Candle Inferno', 1)]",9240,95.43,-37.8075664,144.9666053,15,7949.43,Summer,True,1.2547,battery is a little weak but still a good phone. i go through a few phones a ... battery is a little weak but still a good phone. i go through a few phones a year so this was a good purchase.,True
ORD118324,ID0420022663,2019-02-12,Bakers,"[('Thunder line', 1), ('Universe Note', 1), ('Lucent 330S', 2)]",8090,67.98,-37.8111942,144.99903769999997,0,8157.98,Summer,False,0.3603,great deal love the phone. everything i wanted. fast shipping.,True
ORD282679,ID6197211187,2019-01-08,Thompson,"[('Universe Note', 1), ('Thunder line', 1), ('pearTV', 1), ('Olivia x460', 2)]",14390,80.69,-37.8149579,144.9275311,5,13751.19,Summer,False,1.7369,great phone great phone. my child loves it. was easy to add to my carrier. which is metro by tmobile.,True
ORD236367,ID0560986804,2019-10-11,Thompson,"[('iAssist Line', 2), ('iStream', 2), ('pearTV', 2), ('Thunder line', 1)]",19550,102.68,-37.8203842,144.9420304,0,19652.68,Spring,True,0.966,worth every penny love it fast great all day battery just as good as the s10 but way cheaper had it four months and no complaints,True
ORD448321,ID0257505808,2019-04-17,Thompson,"[('Toshika 750', 2), ('pearTV', 2), ('Candle Inferno', 2), ('Alcon 10', 1)]",31070,70.92,-37.7991477,144.96323610000005,25,23373.42,Autumn,False,2.0709,works perfectly. everything is as it should be. works perfectly. everything is as it should be.,True
ORD497830,ID0151434830,2019-08-07,Bakers,"[('Universe Note', 2), ('Toshika 750', 2), ('pearTV', 1), ('Lucent 330S', 2)]",24310,67.25,-37.79909050000001,144.9928413,5,23161.75,Winter,False,1.2321,like good phone,True
ORD355595,ID4419686625,2019-02-18,Thompson,"[('Thunder line', 2), ('iStream', 2), ('Lucent 330S', 1)]",5890,83.32,-37.8016526,144.9632253,0,5973.32,Summer,False,1.8773,"after half an year.... all good with this phone 10+++ i am very pleased, and its my second phone from this user.",True
ORD079004,ID0664379117,2019-09-15,Nickolson,"[('Candle Inferno', 1), ('Thunder line', 1), ('Olivia x460', 2)]",5060,57.61,-37.8206459,144.96542730000004,15,4358.61,Spring,False,0.4285,would not hold charge . . . brand new phone brand new - out of the box - i charged this phone as instructed (four hours - i gave it six) and when unplugged - black screen. i am returning to digico.,False
ORD264796,ID0846546205,2019-02-19,Nickolson,"[('Toshika 750', 1), ('iStream', 1), ('Lucent 330S', 2)]",6930,86.46,-37.8199577,144.9684242,0,7016.46,Summer,True,0.1812,"fantastic phone, fast shipping! this phone came to me without a single blemish or imperfection at all. it charges super fast and stays charged. very easy to set up. just went from a olivia note to this 6s and i thoroughly enjoy it. ten out of ten would buy again.",True
ORD191201,ID2177115301,2019-09-22,Thompson,"[('iAssist Line', 2), ('Alcon 10', 1), ('Olivia x460', 1), ('Universe Note', 2)]",21525,77.79,-37.8166103,144.9547935,25,16221.54,Spring,True,0.8084,"for a refurbished item.. it works like its new... which i love... easy set up,  which i love. the only issue is the volume,  if you are listening while relaxing its fine,  but if you are expecting to do anything else,  i recommend  purchasing a speaker.",True
ORD372985,ID2069604236,2019-06-12,Bakers,"[('iAssist Line', 2), ('Toshika 750', 1), ('Thunder line', 2)]",13130,55.11,-37.8009849,144.9786899,25,9902.61,Winter,False,1.7672,one star no volume i did returned,False
ORD365942,ID0579986172,2019-03-18,Thompson,"[('Toshika 750', 2), ('iStream', 2), ('Candle Inferno', 2)]",9800,59.61,-37.8128979,144.94749919999995,25,7409.61,Autumn,True,0.0454,spartan technologies phone is advertised as a t-mobile phone. however the phone is not compatible with t-mobile at all. false advertising and a terrible seller.,False
ORD112245,ID3212035134,2019-12-03,Thompson,"[('Universe Note', 1), ('Thunder line', 2)]",7810,69.67,-37.8090778,144.9490486,5,7489.17,Summer,False,0.4365,four stars it is a good unit!,True
ORD452383,ID0247020733,2019-06-08,Nickolson,"[('Lucent 330S', 2), ('Olivia x460', 1), ('Thunder line', 2), ('Alcon 10', 2)]",25945,73.59,-37.8131185,144.96942769999995,15,22126.84,Winter,True,0.6097,great battery life still not great but everything else gets 5 thumbs up,1
ORD300780,ID2269259846,2019-09-22,Nickolson,"[('iAssist Line', 1), ('iStream', 2), ('Candle Inferno', 1)]",2955,106.01,-37.8235454,144.9561646,5,2913.26,Spring,True,1.2997,five stars good product.,True
ORD244215,ID0844493544,2019-08-13,Thompson,"[('Olivia x460', 1), ('Candle Inferno', 2), ('iAssist Line', 1)]",4310,67.05,-37.8194519,144.95303940000005,0,4377.05,Winter,False,0.9193,we like it!! would buy again.still learning about it's features. good value,True
ORD356303,ID0746912859,2019-01-26,Nickolson,"[('Universe Note', 1), ('Olivia x460', 1), ('Thunder line', 1)]",6855,80.25,-37.8246995,144.98470780000005,15,5907.0,Summer,False,1.496,"as described, great condition as described, great condition and working well so far",True
ORD114466,ID0458643322,2019-12-01,Thompson,"[('Universe Note', 2), ('Thunder line', 1)]",9080,82.73,-37.7989322,144.944273,25,6892.73,Summer,False,1.5492,five stars perfect,True
ORD244548,ID2798265315,2019-03-03,Nickolson,"[('Toshika 750', 2), ('pearTV', 2), ('Candle Inferno', 2)]",22120,50.09,-37.8112391,144.9734325,25,16640.09,Autumn,False,0.8871,"that i didn,t get a phone that works. the olivia universe note 5 white 64gb (sprint) doesn't work nobody can hear me on that phone. i cant even use the phone.",False
ORD092164,ID0549746549,2019-02-09,Bakers,"[('iAssist Line', 1), ('pearTV', 2), ('Lucent 330S', 1)]",16075,91.27,-37.8128715,144.98910039999996,10,14558.77,Summer,False,0.6271,awesome awesome phone i use it as my secondary phone and i equeal impressive as my universe s9 from last year.,True
ORD317839,ID0092137424,2019-05-07,Thompson,"[('iAssist Line', 2), ('Universe Note', 1)]",7900,67.12,-37.8224115,144.9500399,25,5992.12,Autumn,False,1.1151,five stars good,True
ORD481369,ID2776396939,2019-12-23,Nickolson,"[('Universe Note', 2), ('Lucent 330S', 1)]",8130,79.59,-37.8127792,144.9640801,15,6990.09,Summer,True,0.8066,"no longer works i bought this product less than a month ago, and it stopped working last night. i was just using an app and the phone just shut down and no longer works. now i'm out 200 dollars! unless my phone starts working again or i get a refund, i'd advise you purchase from another seller.",0
ORD478260,ID0370750441,2019-11-07,Bakers,"[('Toshika 750', 1), ('Alcon 10', 2), ('Universe Note', 2)]",29120,74.84,-37.8147213,144.9903858,10,26282.84,Spring,False,0.677,excellent excellent,True
ORD007998,ID0579383947,2019-08-29,Bakers,"[('Toshika 750', 1), ('Lucent 330S', 2), ('Thunder line', 2)]",11140,66.61,-37.798441,144.99458909999996,5,10649.61,Winter,False,1.2875,still learning to use it in its full glory what i have seen so far i love it! verizon's plans are kind of expensive though. haven't figured out an easy way to carry it around.,True
ORD046012,ID4969353884,2019-11-29,Thompson,"[('iAssist Line', 1), ('Alcon 10', 2), ('Candle Inferno', 1), ('pearTV', 2)]",33175,103.43,-37.8159313,144.93553400000005,5,31619.68,Spring,True,1.0773,very cool and lots of fun! used for a week and still learning its capabilities.,True
ORD016800,ID0443530295,2019-05-22,Bakers,"[('Lucent 330S', 1), ('Thunder line', 2), ('iStream', 2), ('Toshika 750', 2)]",14530,51.8,-37.8158766,145.0044301,15,12402.3,Autumn,False,1.0406,phone defective home button stop working wifi doesn't stay connected,False
ORD184815,ID0294624704,2019-01-30,Nickolson,"[('Olivia x460', 1), ('Lucent 330S', 1), ('Candle Inferno', 1), ('Thunder line', 2)]",7245,70.32,-37.81916939999999,144.9639118,5,6953.07,Summer,False,0.5,love my new phone 😀 the phone works perfectly and it was such a great price. thank you guys very much!,True
ORD416484,ID6221450549,2019-12-01,Bakers,"[('Toshika 750', 1), ('Lucent 330S', 2), ('Universe Note', 1), ('Thunder line', 2)]",14590,77.3,-37.808762,144.9825991,10,13208.3,Summer,True,1.1195,is very good okay,True
ORD030463,ID0501018995,2019-08-31,Nickolson,"[('iStream', 1), ('Universe Note', 1)]",3600,69.56,-37.8049443,144.9733423,25,2769.56,Winter,False,1.5557,pixel2 outstanding phone super fast and nice,True
ORD002999,ID1224821946,2019-08-04,Thompson,"[('Universe Note', 1), ('Olivia x460', 1)]",4675,76.49,-37.8130127,144.93894619999998,15,4050.24,Winter,True,0.7153,like the ability to play a game or 2 when i take a break from reading...,True
ORD151912,ID3945799026,2019-07-04,Thompson,"[('Candle Inferno', 2), ('Alcon 10', 1), ('pearTV', 2)]",22430,76.39,-37.8190445,144.95425519999995,15,19141.89,Winter,True,0.9499,"great phone, i use as a back up phone great phone, i use as a back up phone, the keyboard is just too small for a 66 year old that uses a megs 6.3 screen",True
ORD499218,ID0709978155,2019-06-16,Thompson,"[('iStream', 1), ('Universe Note', 1)]",3600,77.9,-37.8149995,144.93609030000005,25,2777.9,Winter,True,0.9996,five stars this phone was everything and more what i expected. thank you digico!,True
ORD063157,ID4633638477,2019-08-29,Thompson,"[('Toshika 750', 1), ('Olivia x460', 1), ('Thunder line', 2)]",9905,50.1,-37.80642720000001,144.9445756,25,7478.85,Winter,False,0.729,it was not good experience to buy a refurbished alcon it was refurbished but space and home touch is not working. it was not good experience to buy a refurbished alcon.,False
ORD273213,ID0030385497,2019-01-18,Bakers,"[('Alcon 10', 1), ('Universe Note', 1), ('Olivia x460', 2)]",14850,78.82,-37.81832650000001,144.9969132,5,14186.32,Summer,False,0.939,"purchase the thunder with my vivint system because sales person pushed the product stating it would enhance the vivint capabilities. not really so...it's a nice gadget for music and putting together shopping lists and ""to-do"" lists, but not really something we needed. in addition, not enough apps that work with it.",False
ORD298433,ID0277366130,2019-07-11,Bakers,"[('Alcon 10', 1), ('iStream', 1), ('Candle Inferno', 2), ('Lucent 330S', 2)]",12420,70.62,-37.8009524,145.01209409999996,5,11869.62,Winter,False,1.7925,five stars nice phone,True
ORD086983,ID3144992689,2019-11-19,Bakers,"[('Candle Inferno', 2), ('Olivia x460', 2)]",3310,103.12,-37.814464,144.9854415,10,3082.12,Spring,True,0.9943,lucent g7 excellent in every way but 2 things. screen brightness and battery life. had to keep phone near 100 brightness all the time. phone has to be charged 2-3 times a day. went with lucent g7 power instead. way better.,True
ORD046154,ID0317369554,2019-12-21,Thompson,"[('Thunder line', 1), ('Universe Note', 1), ('Toshika 750', 1), ('Candle Inferno', 2)]",10810,94.27,-37.8064324,144.95448059999995,0,10904.27,Summer,True,0.9526,great,True
ORD160206,ID6167231014,2019-09-19,Thompson,"[('Thunder line', 2), ('Universe Note', 1), ('Candle Inferno', 1)]",8240,98.82,-37.8131494,144.9512706,0,8338.82,Spring,True,0.3733,ok ok,True
ORD052783,ID5957906943,2019-01-06,Nickolson,"[('Alcon 10', 1), ('Candle Inferno', 1)]",9380,104.83,-37.8013963,144.9743096,10,8546.83,Summer,True,1.9597,"but works great with my dad's hearing aide's blue tooth a delay in the ringing of the phone, but works great with my dad's hearing aide's blue tooth.",True
ORD362051,ID0260907259,2019-09-09,Bakers,"[('Thunder line', 1), ('Olivia x460', 2), ('pearTV', 1), ('Universe Note', 2)]",17840,85.81,-37.8244094,145.0086985,0,17925.81,Spring,False,1.9941,"very happy great phone i had the j7 it was a lil easier to use. but its still a goid phone and i recommend it if your looking for a boist or virgin mobel, or sprint phone wo paying hundreds of dollers.",True
ORD215590,ID2174950789,2019-11-15,Thompson,"[('Toshika 750', 2), ('pearTV', 1)]",14950,60.81,-37.8161096,144.9527874,10,13515.81,Spring,False,0.6318,"horrible, cheap crap internal speaker seemed to be loose or defective as the persons voice would disappear for 15-20 seconds at a time. bought replacement with the intention of repairing the first one, and it has the same issues!",False
ORD016765,ID0310944920,2019-12-13,Bakers,"[('pearTV', 1), ('Olivia x460', 1)]",7535,73.78,-37.80422,145.0024501,10,6855.28,Summer,False,0.9036,five stars nice cell phone,True
ORD137742,ID2312383361,2019-06-04,Bakers,"[('iAssist Line', 2), ('Olivia x460', 1), ('iStream', 2)]",5975,79.53,-37.8080834,145.0088378,10,5457.03,Winter,True,1.2154,great purchase great gift for my grandma in peru 👍🏻,True
ORD001206,ID1681675853,2019-01-26,Nickolson,"[('Lucent 330S', 2), ('Toshika 750', 2), ('Candle Inferno', 1), ('Olivia x460', 2)]",13980,96.23,-37.8098238,144.976572,15,11979.23,Summer,False,1.1552,best buy was very helpful & the tablet is good for reading books & basic serfing,True
ORD460140,ID0591432620,2019-03-30,Nickolson,"[('iAssist Line', 2), ('Olivia x460', 1)]",5675,65.9,-37.8196671,144.9627943,5,5457.15,Autumn,False,0.606,good okay,True
ORD402903,ID0255061155,2019-03-31,Nickolson,"[('Toshika 750', 2), ('Olivia x460', 2), ('Universe Note', 1), ('pearTV', 1)]",20850,65.48,-37.808657200000006,144.97086069999995,0,20915.48,Autumn,True,1.1122,one star phone not working battrie swell when chargeing i cant use it,False
ORD045199,ID0774546128,2019-04-05,Thompson,"[('Olivia x460', 2), ('Thunder line', 2), ('Universe Note', 1), ('Toshika 750', 1)]",14580,53.44,-37.8059178,144.95616950000004,15,12446.44,Autumn,0,1.0982,"misleading information! phone cannot be activated with verizon!!! unlike what they are saying in the bullet point for this cellphone, this phone is not compatible with prepaid verizon cellular service",False
ORD279942,ID0289648906,2019-09-18,Thompson,"[('Olivia x460', 1), ('Alcon 10', 1), ('Toshika 750', 2)]",18815,96.77,-37.81101,144.94785280000005,5,17971.02,Spring,False,0.1976,would buy again better then i thought it would be 10/10,True
ORD149956,ID0711331605,2019-12-01,Thompson,"[('Universe Note', 1), ('Olivia x460', 1), ('Alcon 10', 1)]",13625,96.57,-37.8072427,144.9582705,25,10315.32,Summer,True,1.1558,perfect peice great peice easy to handle and i like it very mcuh this is my third gift to my friend pefect,True
ORD496666,ID0577458192,2019-02-01,Nickolson,"[('iAssist Line', 2), ('Alcon 10', 2)]",22350,71.26,-37.818219,144.97745469999995,5,21303.76,Summer,False,0.6963,"good! worked, was cleaned before being sent, and as pictured.",True
ORD447857,ID3555802208,2019-07-21,Thompson,"[('pearTV', 1), ('Universe Note', 2), ('Toshika 750', 2)]",21850,50.06,-37.8056732,144.9368923,5,20807.56,Winter,False,1.1867,"if you want to do more than just make calls and text, this phone will be a disappointment. 16gb memory is way too small for a modern phone. operating system and pre-installed digico and google apps (which cannot be uninstalled) leave less than 3gb for your own apps. even using a memory card for photos and music doesn't really help.",False
ORD107183,ID0030385486,2019-06-19,Bakers,"[('Olivia x460', 2), ('pearTV', 1), ('iStream', 2), ('Universe Note', 1)]",12510,63.06,-37.8168076,144.9994885,25,9445.56,Winter,True,0.8456,... i had to return it 10% i do not recommend buying tan telfon did not work on my network i had to return it 10% i do not recommend buying it,False
ORD350984,ID1900213545,2019-03-10,Thompson,"[('Thunder line', 1), ('Lucent 330S', 2), ('Universe Note', 1)]",8090,51.3,-37.8066144,144.96146159999995,5,7736.8,Autumn,False,1.4343,"too proprietary, the apps my daughter liked i could not install on it for her so basically it was worthless for me and i returned it.",False
ORD017105,ID1458422312,2019-09-05,Bakers,"[('Lucent 330S', 2), ('Candle Inferno', 2), ('Alcon 10', 1), ('pearTV', 1)]",18580,81.32,-37.8194964,145.0083377,5,17732.32,Spring,True,1.5642,four stars everything fine,True
ORD408620,ID6167417978,2019-03-06,Nickolson,"[('iStream', 2), ('Lucent 330S', 2), ('Olivia x460', 2), ('Thunder line', 2)]",9570,49.84,-37.8119519,144.9706032,5,9141.34,Autumn,False,0.7453,battery life. i had to replace battery cost me $50!,False
ORD307740,ID0650272629,2019-10-13,Bakers,"[('Lucent 330S', 1), ('Candle Inferno', 1)]",1660,106.15,-37.8103335,144.980929,10,1600.15,Spring,True,1.2584,five stars phone works great! loved the great price!,True
ORD282074,ID0036824732,2019-07-16,Thompson,"[('Olivia x460', 2), ('Lucent 330S', 1), ('pearTV', 1), ('Universe Note', 2)]",16890,79.95,-37.8252974,144.94705259999995,0,16969.95,Winter,True,1.4053,super fast awesome phone. super fast speed. nice 48 pixel pictures. to bad i dropped it and cracked the digitizer.,True
ORD280115,ID2187770699,2019-03-05,Nickolson,"[('Thunder line', 2), ('Toshika 750', 2), ('Alcon 10', 2), ('iStream', 2)]",31200,81.12,-37.80853070000001,144.96328380000003,25,23481.12,Autumn,True,1.2486,the quality like a rocket this is so fast ...i loved thanks digico,True
ORD066106,ID0579970448,2019-11-19,Thompson,"[('iAssist Line', 1), ('Thunder line', 1), ('Olivia x460', 1), ('Lucent 330S', 2)]",8090,94.89,-37.811595,144.9456969,5,7780.39,Spring,True,0.1702,five stars excellent!!! i love my new universe 7!!!!,True
ORD135220,ID2187770696,2019-09-05,Nickolson,"[('Lucent 330S', 1), ('Olivia x460', 2)]",3680,76.1,-37.8116027,144.96475769999995,25,2836.1,Spring,False,0.8852,"best hardware, but software lacks same quality! finger print reader is very slow!",True
ORD012634,ID0847526557,2019-04-20,Nickolson,"[('Alcon 10', 2), ('Olivia x460', 1), ('iAssist Line', 2)]",23575,64.81,-37.823626,144.9691138,5,22461.06,Autumn,False,0.5614,"i love gizmotrader distributor im very happy with my olivia galax s6 edge. battery sucks, but thats olivias fault. the gizmotrader was a awesome company that got my phone to me in 3 days.and katie refunded me $20 to get a battery/case, so this company rocks",True
ORD216751,ID0571460260,2019-08-20,Thompson,"[('Alcon 10', 2), ('Candle Inferno', 2)]",18760,76.99,-37.8105747,144.939228,5,17898.99,Winter,True,0.7281,great product the best part is ease of use really simple to navigate olivia and boost mobile did a good job with this one i didn't have any complaints or issues at this time,True
ORD218256,ID3215191983,2019-12-16,Thompson,"[('pearTV', 2), ('Thunder line', 2)]",16980,56.82,-37.8078274,144.9521754,25,12791.82,Summer,True,0.7019,"smaller than the price. didn’t appear as new or fairly used to me. was really smaller than the price, rough and unnecessarily expensive.",False
ORD313425,ID2768639319,2019-02-18,Nickolson,"[('Thunder line', 2), ('iStream', 2)]",4660,66.31,-37.8178255,144.9673506,15,4027.31,Summer,False,0.2116,better reception on older phone missing ear phone buteverything else is ok .better reception on older phone.,True
ORD097942,ID2020813893,2019-01-15,Thompson,"[('Universe Note', 1), ('Thunder line', 2), ('Alcon 10', 1), ('Candle Inferno', 2)]",17620,96.89,-37.8099713,144.9583438,10,15954.89,Summer,True,1.0362,"tablet works well, slim design is perfect. highly recommended to purchase this tablet.",True
ORD055589,ID5172636080,2019-03-29,Bakers,"[('iStream', 1), ('Alcon 10', 1), ('Olivia x460', 2)]",11550,78.44,-37.8108597,144.9996316,0,11628.44,Autumn,True,0.3987,five stars 100% reliable and recommended. excellent !!!,True
ORD119375,ID2324975784,2019-04-11,Nickolson,"[('Thunder line', 2), ('iAssist Line', 2), ('Universe Note', 2), ('pearTV', 2)]",28330,80.44,-37.8096649,144.9727582,25,21327.94,Autumn,True,1.0333,pear alcons s6 fully unlocked 16 gb this product have not been received they was surpose to be two orders i receive one but haven’t receive this order i am still looking and waiting for this order thank you very much,True
ORD494092,ID0370478104,2019-12-13,Bakers,"[('Lucent 330S', 1), ('Alcon 10', 2), ('Thunder line', 1), ('iStream', 2)]",21610,101.81,-37.8093149,145.01362450000005,5,20631.31,Summer,True,1.6193,five stars great battery life and love the features.,True
ORD172553,ID0846540137,2019-10-09,Bakers,"[('Olivia x460', 1), ('Universe Note', 1), ('Candle Inferno', 1), ('pearTV', 2)]",17725,101.05,-37.8045527,144.993404,5,16939.8,Spring,True,0.6269,universe note 8 happy the phone was unlock for my provider to transfer information from old phone. have to learn the different appts on this phone but i'm sure for the better.,True
ORD030111,ID5563404254,2019-10-22,Bakers,"[('Toshika 750', 2), ('iAssist Line', 2), ('Candle Inferno', 2), ('Alcon 10', 1)]",22900,105.16,-37.8178964,145.00870980000005,0,23005.16,Spring,True,1.4759,"unlocked??? phone is nice and in good condition. however, the details said the phone was gsm unlocked. when i put my gsm sim card it it said invalid sim must be verizon etc. i had to root the phone in order to get my sim card to work.",True
ORD204795,ID0145249644,2019-03-04,Nickolson,"[('Universe Note', 2), ('Candle Inferno', 1), ('Alcon 10', 1), ('Toshika 750', 2)]",24920,49.48,-37.81548770000001,144.9604594,10,22477.48,Autumn,False,0.8711,piece of craaaappp! i bought this phone for my dad and it turned on when it was plugged i. but turned off when unplugged he was devastated!,0
ORD075999,ID2190483597,2019-11-11,Nickolson,"[('Toshika 750', 1), ('Candle Inferno', 2), ('Universe Note', 2), ('Thunder line', 1)]",14260,104.15,-37.8112627,144.9618758,25,10799.15,Spring,True,1.0591,great smartphones are a poison. get this instead.,True
ORD329084,ID0581726324,2019-06-24,Thompson,"[('Candle Inferno', 2), ('iStream', 2)]",1160,89.57,-37.8045967,144.9196376,25,959.57,Winter,True,2.5746,best phone probably the best phone you could buy within 200$ budget. i don't have any issue with this cell and i am enjoying it,True
ORD277579,ID0638044335,2019-08-05,Thompson,"[('Thunder line', 1), ('Toshika 750', 2), ('pearTV', 1), ('Candle Inferno', 1)]",17560,81.08,-37.8133487,144.9312518,15,15007.08,Winter,True,1.393,perfect! works like new! best phone i ever had!,True
ORD136472,ID3207630505,2019-01-10,Thompson,"[('Universe Note', 1), ('Candle Inferno', 2), ('Toshika 750', 1)]",8630,74.88,-37.8082445,144.9464176,15,7410.38,Summer,True,0.4963,broken this product is broken,False
ORD385651,ID0575434472,2019-06-11,Bakers,"[('Universe Note', 2), ('Toshika 750', 2), ('Olivia x460', 1)]",16765,80.05,-37.8188613,144.9848736,0,16845.05,Winter,True,1.343,"i liked it, perfect size, the screen is really clear,  and elegant.",True
ORD031382,ID2096325801,2019-04-22,Thompson,"[('iAssist Line', 2), ('Universe Note', 1)]",7900,53.65,-37.8008011,144.953491,15,6768.65,Autumn,False,1.4372,foto de la oferta y descripción técnica no coincide con la descripción del producto el producto dice 16 gigas. enviaron el de 8 gigas.,False
ORD167443,ID4927643642,2019-12-23,Thompson,"[('Thunder line', 2), ('Toshika 750', 2)]",13000,80.13,-37.8056683,144.93336509999995,5,12430.13,Summer,False,1.4355,nice nice,True
ORD089916,ID5640714715,2019-05-24,Thompson,"[('Universe Note', 1), ('iStream', 2), ('Alcon 10', 1)]",12700,81.53,-37.80034129999999,144.9502061,0,12781.53,Autumn,False,1.4002,satisfaction good phone quality and shipped on time with care,True
ORD472906,ID0370244512,2019-11-16,Nickolson,"[('Candle Inferno', 2), ('Lucent 330S', 2), ('Olivia x460', 2)]",5770,85.42,-37.8015679,144.9684229,5,5566.92,Spring,False,1.898,super super super love it,True
ORD071789,ID0591264788,2019-03-27,Nickolson,"[('Olivia x460', 2), ('iStream', 1), ('Universe Note', 1)]",6050,65.91,-37.8238195,144.9560591,5,5813.41,Autumn,False,1.3213,god quality great phone....very basic and just what i need!!,True
ORD115468,ID0278913048,2019-09-14,Nickolson,"[('iStream', 2), ('Universe Note', 1), ('Toshika 750', 1)]",8070,103.73,-37.8103641,144.9802698,5,7770.23,Spring,True,1.3145,"great deal on a sweet phone it was exactly as described, the seller gets my thumbs up. it arrived quickly and was packaged pretty much like a new phone. very pleased.",True
ORD389875,ID0282825831,2019-01-01,Thompson,"[('Lucent 330S', 2), ('Toshika 750', 1), ('iAssist Line', 1), ('Thunder line', 2)]",13365,75.44,-37.8033206,144.9511536,10,12103.94,Summer,True,1.1013,great size. works with all apps. no issues yet. would buy more.,True
ORD193614,ID4754200394,2019-04-08,Thompson,"[('Lucent 330S', 2), ('Olivia x460', 2)]",4910,83.18,-37.8161658,144.92873930000005,5,4747.68,Autumn,True,1.6581,love it. works great making my home a smarthome,True
ORD169701,ID3937113702,2019-02-01,Nickolson,"[('iAssist Line', 1), ('Toshika 750', 2), ('pearTV', 1), ('Candle Inferno', 1)]",17605,95.26,-37.8098059,144.9638679,0,17700.26,Summer,True,1.0986,ordered new from olivia has worked perfectly since i got it. very happy.,True
ORD326197,ID0780909297,2019-07-05,Thompson,"[('Universe Note', 2), ('Thunder line', 1)]",9080,51.97,-37.8037653,144.95641919999997,25,6861.97,Winter,False,1.2882,not satisfied with the product this product did not fit or stick on my universe s7 phone the screen lifted off very easily after you apply it at the edges not acceptable and not happy.,False
ORD353598,ID0580000921,2019-03-20,Thompson,"[('iAssist Line', 2), ('iStream', 2)]",4750,65.77,-37.8059969,144.93189019999997,5,4578.27,Autumn,False,1.5279,"very bad received the equipment and never lit, i thought it came fully discharged and discarded with other chargers actually burnt wine team, plus it did not bring handsfree or a user's manual, i am very upset about the teasing after me to trust in you",False
ORD451207,ID0579999050,2019-09-07,Thompson,"[('Universe Note', 1), ('Alcon 10', 1), ('Candle Inferno', 1)]",12830,103.7,-37.80616320000001,144.9347763,15,11009.2,Spring,True,1.3015,great quality. best purchase i ever made,True
ORD213418,ID4418536068,2019-10-10,Thompson,"[('iStream', 1), ('pearTV', 2), ('Lucent 330S', 1)]",14000,108.35,-37.8023967,144.9634554,10,12708.35,Spring,True,1.84,phone is great phone is just as i expected...nice to have a new one! i had my old one for almost 6 years.,True
ORD471065,ID0575524455,2019-05-24,Nickolson,"[('Olivia x460', 1), ('Lucent 330S', 2), ('Toshika 750', 2), ('Candle Inferno', 1)]",12755,66.56,-37.8213233,144.98327769999997,15,10908.31,Autumn,True,1.2447,fine phone but dies. olivia is terrible. this phone has been bricked twice. don't buy. olivia seems to not care about having these phones last for more than two months.,False
ORD051094,ID5427967043,2019-06-11,Thompson,"[('pearTV', 1), ('Lucent 330S', 1)]",7540,70.9,-37.8002438,144.95971930000005,5,7233.9,Winter,False,1.7755,got it last black friday. was looking for a cheap decent tab. could've been better if there was a mirroring capability.,True
ORD108422,ID0781107765,2019-07-21,Bakers,"[('Toshika 750', 1), ('Olivia x460', 2)]",6770,73.92,-37.8184967,145.0154168,15,5828.42,Winter,True,2.0115,five stars my sister loved it and like always we had great service with digico,True
ORD355671,ID0547586420,2019-06-07,Bakers,"[('Thunder line', 1), ('pearTV', 1), ('Universe Note', 1), ('iAssist Line', 2)]",16390,78.06,-37.8124968,144.9852763,0,16468.06,Winter,True,0.9187,"five stars really is an amazing phone well worth the upgrade,",True
ORD302731,ID0111302447,2019-09-04,Nickolson,"[('iStream', 2), ('Thunder line', 1), ('Universe Note', 2), ('iAssist Line', 2)]",13830,80.81,-37.8251228,144.9570786,0,13910.81,Spring,False,1.3156,nicest phone i've ever owned it's the best phone i've ever owned. it durable and won't scratch. it has a nice screen and gets a great signal the price was right too.,True
ORD176615,ID6167254973,2019-12-24,Nickolson,"[('iStream', 1), ('Toshika 750', 2)]",8790,65.41,-37.8168724,144.9699267,5,8415.91,Summer,False,0.1946,😍😍 love it,True
ORD244661,ID0312718316,2019-08-09,Thompson,"[('Thunder line', 1), ('iAssist Line', 2), ('iStream', 2), ('Candle Inferno', 2)]",7790,83.01,-37.8031229,144.9616008,25,5925.51,Winter,True,1.6624,"i bought this tablet for myself for christmas! i've enjoyed the ease of use and the price i paid was great. in fact, i purchased another for my son for christmas.",True
ORD175813,ID0496572522,2019-12-13,Bakers,"[('Alcon 10', 1), ('Candle Inferno', 1)]",9380,84.87,-37.80100460000001,145.01447969999995,25,7119.87,Summer,False,1.9666,great phone good phone. my son and i both have this phone and love it. it's only $100 @ walmart now.,True
ORD220272,ID0746924710,2019-11-16,Nickolson,"[('iAssist Line', 2), ('Olivia x460', 1), ('Alcon 10', 1)]",14625,105.69,-37.8237043,144.9825536,10,13268.19,Spring,True,1.277,nice phone just wish it had an actual headphone jack nice phone just wish it had an actual headphone jack,True
ORD461687,ID0443279897,2019-06-12,Bakers,"[('Universe Note', 1), ('Olivia x460', 1), ('iStream', 1), ('Toshika 750', 1)]",9145,75.97,-37.8153528,144.99162919999995,10,8306.47,Winter,True,0.6752,good! it seem to be good. it was a great deal.,True
ORD342337,ID2640759823,2019-04-22,Thompson,"[('iAssist Line', 2), ('Olivia x460', 2)]",6900,80.62,-37.8049451,144.9523702,25,5255.62,Autumn,True,0.9785,works working well as expected.,True
ORD171824,ID0356083796,2019-06-05,Bakers,"[('pearTV', 2), ('iAssist Line', 2)]",17070,49.74,-37.8110006,144.99172430000004,15,14559.24,Winter,False,0.3281,... buy a toshika xperia don't do it it's really bad to get network my old olivia it was a ... if you are thinking to buy a toshika xperia don't do it it's really bad to get network my old olivia it was a lot better tan this,False
ORD008346,ID0587653438,2019-02-13,Nickolson,"[('Olivia x460', 2), ('Universe Note', 2), ('Lucent 330S', 2)]",11810,97.68,-37.8260948,144.9580486,15,10136.18,Summer,True,1.3115,"great phone great phone better that expected , works great with absolutely no issues",True
ORD014469,ID6167254919,2019-09-25,Nickolson,"[('iAssist Line', 2), ('Toshika 750', 2), ('Universe Note', 2), ('Lucent 330S', 2)]",22450,71.76,-37.818256700000006,144.96481780000005,10,20276.76,Spring,False,0.4179,five stars works perfect good company,True
ORD338897,ID3085926093,2019-09-29,Bakers,"[('Olivia x460', 2), ('pearTV', 1), ('iAssist Line', 2)]",13210,107.91,-37.824652,144.9920064,0,13317.91,Spring,True,1.6559,love it,True
ORD282784,ID6207070037,2019-04-24,Nickolson,"[('Thunder line', 2), ('Candle Inferno', 2)]",5220,79.8,-37.81047589999999,144.9669605,0,5299.8,Autumn,True,0.9321,great deal and quality phone delivered sealed in original packaging. feels and looks like excellent quality.,True
ORD198505,ID0746912585,2019-06-04,Nickolson,"[('iAssist Line', 2), ('Universe Note', 1)]",7900,79.08,-37.82415870000001,144.9838507,10,7189.08,Winter,True,1.4017,"great phone... thanks... : ) as expected even better than i thought, thank you .. very good quality product ... thanks for fulfilling my expectations .. great phone i love it...",True
ORD221380,ID0277517041,2019-08-05,Thompson,"[('Candle Inferno', 2), ('Toshika 750', 2)]",9500,79.06,-37.8062827,144.9584448,0,9579.06,Winter,True,1.2276,i love it. great phone. i added a good glass screen protector so i haven't had the issues other people have reported.,True
ORD405194,ID0702374476,2019-11-11,Thompson,"[('pearTV', 2), ('iStream', 2)]",12920,100.92,-37.8065038,144.9411505,10,11728.92,Spring,True,0.8617,s7 edge international model from atet. nice slim design. keyboard edges r a bit tricky. great screen resolution,True
ORD153474,ID0356449457,2019-11-02,Bakers,"[('Candle Inferno', 2), ('pearTV', 1)]",7170,102.5,-37.80675640000001,144.9877288,25,5480.0,Spring,True,0.752,four stars good product prompt delivery,True
ORD333993,ID1445498735,2019-08-15,Bakers,"[('Thunder line', 2), ('Candle Inferno', 2), ('Alcon 10', 2)]",23120,67.36,-37.8164503,144.9851765,10,20875.36,Winter,False,1.1394,"bundle? i love the phone already, i have owned olivias bought on digico prior to this one.",True
ORD463241,ID3106294933,2019-03-12,Thompson,"[('Toshika 750', 1), ('Thunder line', 2)]",8680,67.66,-37.8063974,144.93179469999995,25,6577.66,Autumn,True,1.5141,"imei is already in use, be careful the phone just arrived very exciting, tried to change my sim card to the device's imei but am told it's in use. are these phones stolen? this is supposed to be brand new. very disappointing! should be zero stars.",False
ORD359882,ID0547586414,2019-08-13,Bakers,"[('Lucent 330S', 2), ('iStream', 1), ('Universe Note', 2), ('iAssist Line', 2)]",13960,77.46,-37.8132223,144.98522480000003,5,13339.46,Winter,True,0.9505,good phone i really like this phone it's worked flawlessly since i received it.,True
ORD415314,ID2247180690,2019-09-29,Thompson,"[('Candle Inferno', 2), ('Alcon 10', 1), ('Olivia x460', 1), ('Universe Note', 2)]",17935,85.89,-37.8187901,144.95527969999995,10,16227.39,Spring,True,0.9925,check out any person using a delivery address different from the billing address this was fraudulent on my credit card and i’m terribly disappointed in digico letting this happen,False
ORD334822,ID0253027672,2019-10-22,Thompson,"[('Thunder line', 1), ('Olivia x460', 2), ('Toshika 750', 1)]",8950,97.07,-37.8153166,144.94192030000005,0,9047.07,Spring,True,0.54,good quality for the price best phone for pictures and storage for the price. fabulous battery life.,True
ORD027224,ID3790949308,2019-02-20,Thompson,"[('Olivia x460', 2), ('iStream', 2), ('pearTV', 1), ('Universe Note', 2)]",15960,84.19,-37.8045831,144.9353925,0,16044.19,Summer,True,1.3659,poor display the video display quality on apps is very poor,False
ORD384600,ID1463620830,2019-12-18,Bakers,"[('pearTV', 1), ('Candle Inferno', 1), ('Lucent 330S', 2), ('Alcon 10', 1)]",18150,77.26,-37.8176406,145.0058551,10,16412.26,Summer,False,1.2637,best father's day gift. dad joked to my mom that iassist will be the one listening to all of his (repeated) stories going forward.,True
ORD310061,ID0247277203,2019-11-21,Thompson,"[('Toshika 750', 2), ('Olivia x460', 2), ('Thunder line', 2), ('iAssist Line', 1)]",17675,103.02,-37.8050141,144.9567856,25,13359.27,Spring,True,1.2071,"five stars love it (period, no comma).",True
ORD102257,ID0137148631,2019-12-20,Thompson,"[('pearTV', 2), ('Toshika 750', 1), ('Alcon 10', 2), ('Universe Note', 2)]",41740,82.85,-37.797684,144.94127969999997,0,41822.85,Summer,False,1.7445,"five stars shipped super fast, and setup was easy!",True
ORD272755,ID0702451772,2019-09-04,Thompson,"[('Toshika 750', 2), ('Alcon 10', 2)]",26540,87.33,-37.8046406,144.94417130000005,10,23973.33,Spring,False,0.9298,this product is a beginner product for kids and nothing to be of use for elders,False
ORD081775,ID0711783654,2019-12-18,Thompson,"[('iAssist Line', 2), ('Olivia x460', 1), ('Lucent 330S', 2)]",8135,69.29,-37.8165079,144.9458344,25,6170.54,Summer,False,0.4405,bluetooth isn’t always the best. call,True
ORD271721,ID0361283566,2019-04-23,Bakers,"[('Lucent 330S', 1), ('iAssist Line', 2), ('Thunder line', 2)]",10040,81.13,-37.8003814,144.9835138,0,10121.13,Autumn,False,1.4858,love it works great.. will buy again,True
ORD112016,ID0667224586,2019-10-16,Thompson,"[('Toshika 750', 2), ('pearTV', 1), ('iStream', 1)]",15100,75.64,-37.813908700000006,144.95510269999997,10,13665.64,Spring,False,0.7198,"very good, solid smartphone very good, solid smartphone. keeps a charge for > 24 hours, although i'm a low level user. excellent screen quality and responsiveness. i recommend it.",True
ORD433480,ID0370750708,2019-03-08,Bakers,"[('Candle Inferno', 2), ('Olivia x460', 1), ('Thunder line', 1), ('Universe Note', 1)]",7715,78.05,-37.8132289,144.9883151,5,7407.3,Autumn,True,0.7068,i already have the thunder plus.  bought this one for my bedroom.  love the functions.,True
ORD423066,ID1459448705,2019-04-22,Bakers,"[('Candle Inferno', 1), ('Toshika 750', 2), ('iStream', 1), ('pearTV', 1)]",15530,66.31,-37.81962539999999,145.0082226,25,11713.81,Autumn,False,1.5665,great buy! everything wad simple putting on my metro pics account. highly recommend this company,True
ORD077234,ID0591308521,2019-09-29,Nickolson,"[('Thunder line', 2), ('Toshika 750', 2), ('pearTV', 1)]",19310,103.07,-37.825153,144.95699530000005,5,18447.57,Spring,True,1.3236,"incredible just about the best phone out their, same as the 9, just not quite as much storage, a bit faster,,,,hardly can tell the difference!",True
ORD152885,ID0711331304,2019-12-08,Thompson,"[('Olivia x460', 1), ('Alcon 10', 2), ('Toshika 750', 1)]",23445,97.32,-37.80685560000001,144.95711169999996,25,17681.07,Summer,True,1.0952,great so far so good.,True
ORD345754,ID2288769421,2019-10-01,Bakers,"[('Lucent 330S', 1), ('Candle Inferno', 2)]",2090,105.57,-37.8011789,145.0038446,5,2091.07,Spring,True,1.2398,four stars good,True
ORD415854,ID1847879585,2019-02-28,Bakers,"[('Lucent 330S', 1), ('Candle Inferno', 1), ('Thunder line', 2), ('Olivia x460', 2)]",8470,79.48,-37.8127402,145.0130446,0,8549.48,Summer,False,1.596,"universe note 8 note 8 flawless! it looked brand new... no scratches or damage! works like a charm! i will purchase from this seller again as well as recommend their business. also, seller was super nice and professional! thanks!",True
ORD231804,ID0202767945,2019-01-04,Thompson,"[('pearTV', 2), ('iAssist Line', 2)]",17070,79.34,-37.80604879999999,144.93333859999996,0,17149.34,Summer,False,1.4149,mmm if you are going to spend good money i assure you that it is not a good option,True
ORD309821,ID0055859661,2019-06-16,Bakers,"[('Olivia x460', 2), ('iAssist Line', 2)]",6900,67.62,-37.8053285,144.98630769999997,0,6967.62,Winter,False,0.9413,"five stars great phone. bought used, and it was in near new condition.",True
ORD425917,ID5712522540,2019-01-04,Thompson,"[('Universe Note', 1), ('Toshika 750', 2), ('Candle Inferno', 1)]",12520,56.97,-37.8186913,144.9427556,25,9446.97,Summer,False,0.7698,this thing barely works. you have to select 3rd party apps to do stuff you'd think it could do out of the box. i'm sending mine back asap. waste of money.,False
ORD075474,ID5827673889,2019-03-16,Nickolson,"[('iAssist Line', 2), ('Alcon 10', 2)]",22350,78.96,-37.824069,144.9643534,0,22428.96,Autumn,False,0.7617,new phone) cool device,True
ORD191777,ID0711785484,2019-04-12,Thompson,"[('Alcon 10', 1), ('Universe Note', 2), ('Candle Inferno', 1)]",16280,49.57,-37.8165514,144.9458975,10,14701.57,Autumn,False,0.4438,phone is still owned by sprint this phone was still financed through sprint. there is still a balance on this phone which means a new person can't use it unless they pay the balance off in full. otherwise they have to return the phone to sprint. it is illegal to sell a financed piece of property that is still owned by another company!,False
ORD201335,ID2204643308,2019-10-06,Bakers,"[('Toshika 750', 2), ('Thunder line', 1), ('Lucent 330S', 2)]",13280,85.43,-37.7990439,144.97833459999995,0,13365.43,Spring,False,1.9223,good for this price! my sister especially loves this anything that i pick out. this is the real stuff and at a great price!!! i will order again.,True
ORD443462,ID6197209812,2019-07-08,Thompson,"[('Lucent 330S', 2), ('Universe Note', 1), ('iAssist Line', 2), ('Thunder line', 2)]",14720,78.92,-37.81779810000001,144.93176830000004,15,12590.92,Winter,True,1.4615,100% satisfied exactly what the description said it was,1
ORD053312,ID6167357853,2019-12-19,Nickolson,"[('Alcon 10', 2), ('iStream', 2), ('Olivia x460', 2), ('iAssist Line', 1)]",22875,75.53,-37.809318,144.9719386,15,19519.28,Summer,False,1.0538,"great product for great price i bought this for my bro who's studying in the states and he loves it so far, he said. makes me wanna get one for me.",True
ORD362403,ID2272190620,2019-08-31,Bakers,"[('Candle Inferno', 2), ('iAssist Line', 2), ('Olivia x460', 2), ('Toshika 750', 2)]",16400,68.02,-37.7998153,144.9886964,10,14828.02,Winter,False,1.2707,"great product, great experience, arrived quickly bought this phone as a gift for my son. high quality, pristine device. he hasn’t had a single complaint and is delighted!",True
ORD467254,ID0243963300,2019-09-23,Nickolson,"[('Lucent 330S', 1), ('iStream', 2), ('iAssist Line', 2), ('pearTV', 2)]",18600,75.5,-37.8221442,144.9748752,15,15885.5,Spring,True,0.6126,surprisingly high quality this phone is much higher quality than a similarly priced vivo model that i replaced. it is solid and durable without being clunky. does everything i need it to do.,True
ORD033773,ID6167489480,2019-03-10,Nickolson,"[('Lucent 330S', 1), ('Thunder line', 1), ('Alcon 10', 1), ('Universe Note', 1)]",15810,64.95,-37.8169902,144.9617896,0,15874.95,Autumn,False,0.7055,"long battery life, fast processor user friendly",True
ORD448836,ID0301545277,2019-04-18,Thompson,"[('Thunder line', 2), ('Olivia x460', 1), ('pearTV', 1)]",11895,51.99,-37.8159285,144.9381575,25,8973.24,Autumn,False,0.8634,it was an used broken phone it was used and broken.,False
ORD215854,ID0529205069,2019-12-07,Thompson,"[('Lucent 330S', 1), ('Candle Inferno', 1), ('Thunder line', 1), ('iAssist Line', 1)]",6065,79.31,-37.8233965,144.93557969999995,0,6144.31,Summer,False,1.5639,my dad loves it.. bought it for my dad and he loves it.,True
ORD407212,ID4297530218,2019-03-15,Bakers,"[('Olivia x460', 2), ('Universe Note', 2)]",9350,65.54,-37.8059722,144.9794514,25,7078.04,Autumn,True,1.4584,nope don't do it. back camera box screen broke after 1 mo. screen several months later. phone stopped being able to update either through 4g or manually with a computer. phone randomly reboots. cracks all over front and back now. this is the phone that finally drove me off olivia. nope.,False
ORD431297,ID1449355158,2019-09-03,Nickolson,"[('Universe Note', 2), ('Thunder line', 2), ('iAssist Line', 2)]",15710,85.5,-37.81522639999999,144.97519880000004,15,13439.0,Spring,False,0.6223,one star didn't work,False
ORD249411,ID1449431600,2019-03-20,Nickolson,"[('iStream', 2), ('iAssist Line', 2), ('Thunder line', 1)]",6930,65.84,-37.813274,144.9737564,10,6302.84,Autumn,False,0.6983,"great phone, great seller my olivia universe s4 arrived within a day and in great condition. i am so happy with my phone, it's exactly what i wanted. i was relieved to simply put my straight talk sim card in, add my refill card, turn my phone off/on and be good to go. super easy!",True
ORD480374,ID4633638474,2019-01-03,Thompson,"[('pearTV', 2), ('Universe Note', 1), ('Alcon 10', 2), ('Toshika 750', 2)]",42610,92.79,-37.806344,144.944386,0,42702.79,Summer,True,0.743,a50 awesome a50 awesome,True
ORD293860,ID0634783574,2019-04-29,Thompson,"[('iAssist Line', 2), ('iStream', 1)]",4600,65.87,-37.8123899,144.93693290000004,10,4205.87,Autumn,False,0.8919,"tough devise great reception on both ends of conversation farm work, tractor,gardening,weedeating,etc. tough devise great reception on both ends of conversation.forward my smartphone to this devise and leave it inside where it is safe while working.",True
ORD219694,ID4326586189,2019-11-08,Nickolson,"[('Universe Note', 2), ('pearTV', 1)]",13210,79.7,-37.8102612,144.96141459999996,15,11308.2,Spring,False,1.1716,perfect arrived and i was not disappointed. nicely refurbished with no scratches phone works and the price is great. thank you so much.,True
ORD024596,ID0257505381,2019-07-11,Thompson,"[('iAssist Line', 1), ('Olivia x460', 2)]",4675,71.97,-37.7989401,144.9629875,25,3578.22,Winter,False,2.073,i love it! i love it! thank you.,True
ORD176545,ID2177124622,2019-10-29,Thompson,"[('Toshika 750', 2), ('Candle Inferno', 2), ('Thunder line', 1)]",11680,103.51,-37.8162688,144.9563044,5,11199.51,Spring,True,0.9054,perfect perfect,True
ORD198046,ID4740822046,2019-04-10,Thompson,"[('Lucent 330S', 2), ('iAssist Line', 2), ('Toshika 750', 1)]",11230,49.4,-37.8039516,144.94984219999995,15,9594.9,Autumn,False,1.001,dont buy!!! refurbishment! phones have electrical problems! horrible phone!! not happy at all! phone has problems and doesn't work as it should! phone acts like it's possessed and touch seen doesn't work right!!! would like a refund!,0
ORD416999,ID2020813871,2019-12-29,Nickolson,"[('Candle Inferno', 2), ('iAssist Line', 2)]",5310,96.17,-37.8130553,144.9597517,15,4609.67,Summer,True,1.0597,worth it my battery capacity was is 100%! the phone looks new barely any scratches! my sim card worked on it,True
ORD152045,ID0593055577,2019-03-01,Nickolson,"[('Thunder line', 1), ('Candle Inferno', 2)]",3040,49.99,-37.8114635,144.963864,5,2937.99,Autumn,False,0.9383,worst battery life poor very poor battery life bought this phone less than 3 months and it just suddenly stop charging.i bought multiple a50 charges and blocks and it still not charging,False
ORD386617,ID0576858151,2019-12-24,Bakers,"[('iAssist Line', 1), ('Thunder line', 2)]",6585,101.07,-37.8246758,144.9890462,5,6356.82,Summer,True,1.7223,i love how it is iassist enabled. i just say the show i want to watch and &#34;she&#34; knows how and where to find it for me!,True
ORD378487,ID4733727862,2019-01-12,Thompson,"[('iAssist Line', 1), ('pearTV', 1)]",8535,57.62,-37.8042856,144.94905740000004,15,7312.37,Summer,False,0.9499,damaged comes damaged with a broken charger with no headphones and the charger,False
ORD227810,ID5957906926,2019-09-02,Nickolson,"[('Thunder line', 1), ('pearTV', 2)]",14800,81.84,-37.8062807,144.9735035,0,14881.84,Spring,False,1.4142,powerful gear. perfect gadget for me.,True
ORD346628,ID4148846602,2019-01-06,Bakers,"[('iAssist Line', 1), ('iStream', 2), ('Olivia x460', 1), ('Alcon 10', 1)]",12700,95.71,-37.8163696,144.98524650000004,10,11525.71,Summer,True,1.1289,... here but i just want to say that i love my s4 i didn't directly purchase it here but i just want to say that i love my s4. but the sides are easily dented and the home button is harder to press as time goes by. maybe it's just my unit.,True
ORD482628,ID5402876149,2019-04-25,Nickolson,"[('Alcon 10', 1), ('pearTV', 1), ('Candle Inferno', 1), ('Toshika 750', 2)]",24330,63.93,-37.8190503,144.9768798,15,20744.43,Autumn,False,0.6465,this is our second thunder spot - to go with out two thunder lines - love the look and how alexia responds.,1
ORD404618,ID0418539889,2019-03-04,Bakers,"[('pearTV', 1), ('Candle Inferno', 1), ('Thunder line', 2)]",11100,81.64,-37.8214115,144.9892355,0,11181.64,Autumn,True,1.3758,"it works everywhere i love it, i can use it everywhere i go, thanks for the description, it helped a lot",1
ORD334098,ID0170217605,2019-09-13,Bakers,"[('pearTV', 2), ('Olivia x460', 1), ('iAssist Line', 1)]",16070,73.49,-37.8099215,144.9912177,0,16143.49,Spring,False,0.3531,great! it's a great phone. i dont regret buying.,True
ORD008594,ID0163364650,2019-07-28,Thompson,"[('Thunder line', 1), ('iStream', 1)]",2330,60.45,-37.81361939999999,144.9537478,15,2040.95,Winter,True,0.5967,... phone for my daughter and it does not work like it should i got this phone for my daughter and it does not work like it should...at all. has alot of flaws..she is very dissappointed.. bc this was her bday gift.,False
ORD178331,ID0767729252,2019-10-13,Thompson,"[('pearTV', 1), ('Universe Note', 2)]",13210,74.3,-37.8085804,144.94553159999995,15,11302.8,Spring,True,0.4752,five stars its a great phone it makes the alcon x look like a joke,True
ORD486128,ID5002595102,2019-11-10,Thompson,"[('Universe Note', 2), ('Olivia x460', 2), ('Candle Inferno', 1), ('Thunder line', 2)]",14140,85.36,-37.8122033,144.9534658,5,13518.36,Spring,True,0.565,needs new battery so glad to have a phone again but the battery is seriously awful. will have to go purchase a new one. i’ve turned off and modified everything i can think of to keep it from draining as quickly. that’s the only drawback. i just watched it drop 4% typing this review.,False
ORD400804,ID0777783392,2019-11-12,Thompson,"[('iStream', 1), ('Alcon 10', 1)]",9100,77.99,-37.804871,144.9533402,10,8267.99,Spring,False,1.0288,five stars came exactly as described and works perfectly.,True
ORD020245,ID0767730101,2019-08-09,Nickolson,"[('Thunder line', 1), ('iStream', 1), ('pearTV', 1), ('Toshika 750', 2)]",17280,81.67,-37.8047565,144.9705313,0,17361.67,Winter,True,1.5429,five stars i love it,True
ORD217863,ID1367607235,2019-09-28,Nickolson,"[('Universe Note', 2), ('iStream', 1), ('pearTV', 1), ('Candle Inferno', 1)]",13790,112.15,-37.80037520000001,144.97072980000004,5,13212.65,Spring,True,2.0308,"beautiful phone upgraded from universe s5 and i couldn't be happier with my purchase. it is quite a bit heavier than the s5, but is totally worth it to have the larger screen.",True
ORD177076,ID0655124857,2019-08-07,Thompson,"[('iAssist Line', 2), ('pearTV', 1)]",10760,78.7,-37.8077023,144.9421199,15,9224.7,Winter,True,0.704,operation i love this phone.,True
ORD313223,ID0708722378,2019-09-10,Thompson,"[('iAssist Line', 1), ('Alcon 10', 2), ('pearTV', 2)]",32745,78.85,-37.8074441,144.9578204,5,31186.6,Spring,False,1.1104,extremely satisfied - thank you very good product. very satisfied and will be back in the future. nicely done ✅,True
ORD364149,ID6273363795,2019-08-18,Thompson,"[('Universe Note', 1), ('Thunder line', 1), ('iAssist Line', 1)]",7855,68.61,-37.7995256,144.962149,0,7923.61,Winter,True,1.9751,two stars came with a wrong charger for europe version,False
ORD093198,ID1953969337,2019-05-22,Thompson,"[('pearTV', 1), ('Universe Note', 2), ('Lucent 330S', 2), ('Olivia x460', 2)]",18120,82.14,-37.806073100000006,144.960031,0,18202.14,Autumn,True,1.3562,great great,1
ORD363360,ID0243097148,2019-05-26,Nickolson,"[('Universe Note', 2), ('Olivia x460', 2)]",9350,63.08,-37.82223610000001,144.96774319999997,0,9413.08,Autumn,False,0.4354,"five stars the best cell phone in 2017, the battery is very good!",True
ORD315396,ID0248746680,2019-06-26,Bakers,"[('iStream', 2), ('iAssist Line', 1), ('Olivia x460', 2), ('Thunder line', 1)]",7155,76.94,-37.81638579999999,144.9911876,25,5443.19,Winter,True,0.7953,five stars great phone!!! works well,True
ORD416928,ID0575554313,2019-02-18,Nickolson,"[('Alcon 10', 1), ('Olivia x460', 2), ('Thunder line', 2)]",15760,80.14,-37.8260379,144.9837062,10,14264.14,Summer,False,1.4952,perfect i love this phone.. it’s so neat. i’m so amazed,True
ORD230402,ID0628178567,2019-09-25,Thompson,"[('Universe Note', 1), ('Olivia x460', 1), ('pearTV', 2), ('Candle Inferno', 1)]",17725,71.42,-37.8128321,144.94877680000005,15,15137.67,Spring,False,0.1512,"excellent phone 👍 this phone is a beast! many likable features and unique. face id is quick. would love 120hz refresh rate, but still this device is great. the speakers are top notch.",True
ORD207855,ID0207093449,2019-10-22,Bakers,"[('Lucent 330S', 1), ('Toshika 750', 1)]",5550,103.75,-37.8079403,145.00879650000005,5,5376.25,Spring,True,1.2147,"awesome! as promised condition.... awesome! as promised condition,...with a piece of mind of being able to return within 30 days! thanks!",True
ORD485523,ID0301537535,2019-12-02,Thompson,"[('Alcon 10', 1), ('Thunder line', 1), ('Toshika 750', 2)]",19770,93.34,-37.8196604,144.9445767,25,14920.84,Summer,False,0.8081,"reliable, price efficient device. easy to use for all ages.",True
ORD033752,ID0331417008,2019-04-25,Bakers,"[('Alcon 10', 1), ('Candle Inferno', 1), ('Toshika 750', 1)]",13700,69.71,-37.8217938,145.00951740000005,0,13769.71,Autumn,False,1.8174,the best phone ever 👍👍👍,True
ORD355195,ID0575397941,2019-08-30,Nickolson,"[('iAssist Line', 1), ('Olivia x460', 1)]",3450,52.83,-37.8211898,144.9840542,10,3157.83,Winter,0,1.3076,one star battery very low,False
ORD355337,ID1479905364,2019-09-16,Nickolson,"[('Olivia x460', 2), ('Alcon 10', 2)]",20350,79.27,-37.8203966,144.9576584,10,18394.27,Spring,False,1.0648,excellent it was exactly as advertised.,True
ORD045503,ID0372021704,2019-07-28,Nickolson,"[('pearTV', 1), ('Toshika 750', 2), ('Alcon 10', 1), ('iAssist Line', 1)]",26125,69.18,-37.8035599,144.9764865,10,23581.68,Winter,False,1.7813,great cell for less money excellent product as described,True
ORD492994,ID0588236764,2019-07-18,Nickolson,"[('iStream', 2), ('Olivia x460', 2), ('Candle Inferno', 1), ('pearTV', 2)]",15800,64.69,-37.8114812,144.9732528,15,13494.69,Winter,False,0.8562,five stars simple phone but works well.,True
ORD080357,ID2935371919,2019-12-08,Bakers,"[('Olivia x460', 2), ('Toshika 750', 2), ('Alcon 10', 1)]",20040,86.42,-37.8251521,144.992233,25,15116.42,Summer,True,1.7076,not please it say its factory unlock its not true i bought this phone and it isnt unlocked. that the only pb... i recommend it,False
ORD082325,ID0233255248,2019-05-29,Bakers,"[('Universe Note', 2), ('Thunder line', 1), ('Alcon 10', 1), ('Lucent 330S', 1)]",19260,82.79,-37.8003059,144.9828231,15,16453.79,Autumn,True,1.5345,excellent product excellent product.,1
ORD107176,ID0664380203,2019-02-14,Nickolson,"[('Candle Inferno', 1), ('Olivia x460', 1), ('Toshika 750', 2), ('iStream', 1)]",10445,49.53,-37.8196174,144.9687616,0,10494.53,Summer,False,0.1333,one star does not work properly,False
ORD263227,ID0207093511,2019-12-26,Bakers,"[('Olivia x460', 1), ('Thunder line', 1), ('Candle Inferno', 1)]",3835,78.2,-37.803388,145.0075238,15,3337.95,Summer,False,1.3076,five stars great item as ordered,1
ORD240505,ID1132070463,2019-06-13,Thompson,"[('Lucent 330S', 2), ('Candle Inferno', 1), ('iAssist Line', 2), ('Toshika 750', 2)]",15980,48.71,-37.8111682,144.94028740000005,15,13631.71,Winter,False,0.6195,lasted only 10 minutes. probably a fluke since i have quite a few of these. worked fine then died 10 minutes in. wouldnt reboot or anything.,False
ORD416013,ID4884445043,2019-12-27,Thompson,"[('Olivia x460', 2), ('Universe Note', 2), ('Lucent 330S', 2)]",11810,101.2,-37.8005849,144.9344349,5,11320.7,Summer,True,1.7451,awesome phone!! so easy to use and works so well. i can run multiple apps at once. it's really great for people who like to draw. so many cool features and functions!,True
ORD376580,ID0305106878,2019-06-02,Thompson,"[('Candle Inferno', 2), ('Alcon 10', 1)]",9810,50.39,-37.80879820000001,144.9445234,25,7407.89,Winter,False,0.486,"waiting for an exchange... so far we now have a phone with a speaker that doesnt work, making phone calls impossible without headphones. i will update this review depending on how customer service handles this.",False
ORD346354,ID1449431510,2019-04-02,Nickolson,"[('Olivia x460', 2), ('Universe Note', 1), ('iStream', 1), ('Thunder line', 1)]",8230,51.19,-37.8134209,144.9738303,0,8281.19,Autumn,False,0.688,broken phone was wondering if we could replace a broken phone pls msg me back,False
ORD474143,ID0233275064,2019-12-04,Bakers,"[('Thunder line', 1), ('Olivia x460', 1), ('iStream', 1), ('Candle Inferno', 2)]",4415,68.42,-37.7989222,144.977281,15,3821.17,Summer,False,2.0031,one star estafa!,False
ORD405169,ID0702363472,2019-12-02,Thompson,"[('Alcon 10', 2), ('iAssist Line', 1), ('pearTV', 1)]",26435,78.92,-37.8064414,144.9413287,15,22548.67,Summer,True,0.858,phone failed the phone failed due to motherboard failure after 10 months. little to no warranty help.,False
ORD135110,ID0591233116,2019-03-31,Thompson,"[('Universe Note', 2), ('Olivia x460', 1), ('pearTV', 2), ('Thunder line', 2)]",25105,80.45,-37.82487620000001,144.9534785,0,25185.45,Autumn,True,1.4707,love it it's a good phone for not a lot of money.,True
ORD107520,ID1201219674,2019-01-24,Bakers,"[('pearTV', 1), ('iStream', 1)]",6460,80.96,-37.8022543,144.9805561,0,6540.96,Summer,False,1.552,three stars i like the phone but the top speaker did not work at all.,True
ORD296422,ID0030287462,2019-06-30,Bakers,"[('Universe Note', 1), ('Toshika 750', 2), ('Alcon 10', 2)]",29990,70.81,-37.8014117,144.9761818,25,22563.31,Winter,False,1.9288,siv i love the phone received it really fast also it is easy to use cool lirttle tricks still didn't do everything it is capable of doing,True
ORD162294,ID0767723734,2019-07-31,Nickolson,"[('Olivia x460', 2), ('Toshika 750', 1)]",6770,66.14,-37.804981,144.9723384,0,6836.14,Winter,True,1.5352,"piece of junk, dropped one time in an otterbox ... piece of junk, dropped one time in an otterbox and got the black screen of death and of course the return window was up only two days ago.only thing i have ever bought from digico and was unhappy. phone never worked right 4g was always 3g, very rarely was it 4g.",False
ORD048852,ID1492145775,2019-11-05,Thompson,"[('Olivia x460', 1), ('Universe Note', 1), ('Thunder line', 2)]",9035,84.29,-37.8133498,144.95150769999995,5,8667.54,Spring,False,0.3976,"piece of junk! worst piece of junk ever. i've had it for less than 2 years and it jumps screens, won't answer when you swipe it, sound goes up and down. if you're looking for a new smart phone get an pear. olivia sucks.",False
ORD438500,ID0541122884,2019-09-30,Bakers,"[('iStream', 1), ('Toshika 750', 1), ('Alcon 10', 2), ('Lucent 330S', 2)]",24830,82.98,-37.8033633,145.0110624,0,24912.98,Spring,False,1.5759,she says this was the best gift she ever received.,True
ORD042878,ID0267315671,2019-09-24,Nickolson,"[('Toshika 750', 2), ('Alcon 10', 1)]",17590,76.71,-37.82355689999999,144.97628369999995,0,17666.71,Spring,True,0.8097,this phone in my opinion is a excellent midrange phone first let me say that i thought i was making a mistake by purchasing this phone but what this phone offers for 350 is astonishing been playing with it all night,True
ORD082502,ID0650271133,2019-03-28,Nickolson,"[('Universe Note', 1), ('pearTV', 2)]",16070,79.57,-37.8132615,144.9778051,10,14542.57,Autumn,True,0.9377,i love this phone this is my daily driver. using it for 5 months now. i love it.,True
ORD222188,ID1404216317,2019-04-23,Bakers,"[('Lucent 330S', 1), ('Universe Note', 1), ('Thunder line', 1), ('Olivia x460', 1)]",8085,82.16,-37.8011507,144.98875619999995,5,7762.91,Autumn,True,1.1375,thank you i love my purchase!,True
ORD149146,ID0578120596,2019-07-23,Thompson,"[('iStream', 2), ('pearTV', 1), ('Alcon 10', 2), ('iAssist Line', 2)]",28960,53.52,-37.8250284,144.9452845,25,21773.52,Winter,False,1.3843,"not truly verizon compatible do not buy for verizon plan. reviews say it works with verizon, you just have to toggle ""cdma-less roaming."" so i did that and lost almost all coverage at my home and a cabin i visit. won't send sms consistently either. calls drop. do not buy if you are on verizon.",False
ORD039458,ID0777701883,2019-08-07,Thompson,"[('iStream', 2), ('iAssist Line', 2), ('pearTV', 2)]",17370,49.44,-37.8059473,144.9559905,15,14813.94,Winter,False,1.0845,"would not take a charge, good thing i tried before wrapping it for christmas.",False
ORD479833,ID0575387075,2019-07-21,Nickolson,"[('Candle Inferno', 1), ('Olivia x460', 2), ('Lucent 330S', 1)]",4110,67.24,-37.8198719,144.98443369999995,0,4177.24,Winter,False,1.3164,"a surprising value this is an exceptional phone for roughly $350. difficult to find any difference between the a50 and far more expensive phones. great screen, camera, charging, speed, memory expansion.",True
ORD241473,ID0026034663,2019-10-07,Nickolson,"[('Alcon 10', 1), ('iAssist Line', 2), ('Universe Note', 2), ('pearTV', 2)]",32920,78.28,-37.80916420000001,144.9691215,15,28060.28,Spring,False,1.0505,works like a charm...,True
ORD183128,ID0541122861,2019-12-17,Bakers,"[('Universe Note', 1), ('Toshika 750', 2)]",12090,80.15,-37.8019746,145.0112368,25,9147.65,Summer,False,1.667,reliable good cheap replacement for wife's old phone,True
ORD370406,ID2419787407,2019-02-11,Thompson,"[('Olivia x460', 2), ('Candle Inferno', 1), ('iStream', 1)]",3030,101.77,-37.7990374,144.9357658,0,3131.77,Summer,True,1.8145,no tuve dificultadea todo genial s9 genial,True
ORD339345,ID0767730103,2019-10-22,Nickolson,"[('Candle Inferno', 2), ('pearTV', 2), ('iStream', 1)]",13630,93.65,-37.8045761,144.9705632,15,11679.15,Spring,True,1.5631,go olivia this is the most unresponsive weird touch screen i have to touch it over and over its like it has a mined of its own and does what it wants to do and jumps to a whole different thing and when your in a hurry it can be frustrating i've had it with thus phone i can't wait to put this pice of garbage out of its misery and mine,False
ORD282019,ID0247007089,2019-02-04,Nickolson,"[('Toshika 750', 1), ('pearTV', 1), ('iAssist Line', 1), ('iStream', 2)]",13155,79.88,-37.8097324,144.967153,5,12577.13,Summer,True,1.0088,do not buy do not buy it doesnt hold a charge.,False
ORD022663,ID0577455248,2019-04-28,Bakers,"[('Thunder line', 1), ('Olivia x460', 2), ('Universe Note', 1)]",8080,69.84,-37.823455,144.9894381,25,6129.84,Autumn,False,1.5825,"alcon 6s it’s worth it definitely will be from buyer again just , do t keep the screen saver it’s trash .",True
ORD212215,ID1463547112,2019-04-16,Bakers,"[('Lucent 330S', 1), ('pearTV', 1), ('Toshika 750', 2)]",16180,53.37,-37.8184561,145.005315,5,15424.37,Autumn,False,1.2935,one star does not come with a sim card,False
ORD087771,ID0107172365,2019-12-08,Nickolson,"[('Thunder line', 1), ('iAssist Line', 2), ('Candle Inferno', 1), ('Olivia x460', 1)]",8285,92.68,-37.8217001,144.9629449,15,7134.93,Summer,True,0.676,its great new phone,True
ORD395014,ID1217532774,2019-08-12,Thompson,"[('Lucent 330S', 1), ('Universe Note', 2), ('iStream', 1)]",8280,60.97,-37.818086,144.94862969999997,5,7926.97,Winter,True,0.618,cellphone the phone is very slow. also it heats up very quickly. personally i would not recommend it.,False
ORD052034,ID0576832872,2019-01-04,Bakers,"[('Toshika 750', 2), ('Thunder line', 2), ('Universe Note', 1)]",16450,95.42,-37.8174266,144.98780449999995,0,16545.42,Summer,False,1.054,awesome phone! tough as nails and wate/shock resistance i love this phone. i work in a very busy office and i am always dropping my phone and getting it wet. this phone is extremely durable and water resistant or in my case coffee resistant. i can't say enough about this pone. love it!!,True
ORD077196,ID2020835025,2019-02-27,Nickolson,"[('Thunder line', 2), ('Olivia x460', 1)]",5585,74.32,-37.8149171,144.9680205,15,4821.57,Summer,True,0.431,charge the device and was able to set up everything and when i came back to use it it would not work,0
ORD059746,ID6167344525,2019-02-14,Nickolson,"[('Olivia x460', 1), ('Candle Inferno', 1), ('Lucent 330S', 1), ('iAssist Line', 1)]",5110,71.42,-37.8137283,144.9686925,15,4414.92,Summer,True,0.547,five stars great phone,True
ORD326970,ID1492175308,2019-08-30,Thompson,"[('Alcon 10', 2), ('Thunder line', 1), ('Olivia x460', 1)]",21305,82.4,-37.80269129999999,144.96355580000005,0,21387.4,Winter,False,1.8268,super i got the phone a week ago and it works awesome better choice that is not recommended,True
ORD492167,ID2202858918,2019-10-17,Thompson,"[('Lucent 330S', 2), ('iStream', 2), ('Toshika 750', 2)]",11400,79.8,-37.8214809,144.9538215,25,8629.8,Spring,True,1.1462,i love this phone u can do everything on it im ... i love this phone u can do everything on it im glad i brought it for myself for x-mas and i got it fast it didn't take a week to get it imma really enjoy this olivia universe s4,True
ORD034501,ID0127674045,2019-11-04,Bakers,"[('Thunder line', 2), ('Lucent 330S', 2), ('iStream', 1)]",6970,101.49,-37.8023074,144.9972956,5,6722.99,Spring,True,0.8749,note 9 is amazing!! best note so far,True
ORD482422,ID0767752599,2019-03-01,Nickolson,"[('Thunder line', 2), ('pearTV', 1), ('iStream', 2)]",10970,68.83,-37.8040317,144.96953530000005,10,9941.83,Autumn,False,1.6211,entertainment,True
ORD224953,ID0366082618,2019-12-23,Nickolson,"[('iStream', 2), ('Toshika 750', 1)]",4620,104.54,-37.8019249,144.9656877,5,4493.54,Summer,True,1.8865,love this phone phones pretty good,True
ORD170443,ID0846567046,2019-09-20,Nickolson,"[('Olivia x460', 2), ('iStream', 1)]",2600,75.43,-37.8232066,144.9699894,25,2025.43,Spring,False,0.5148,"five stars love this toy. works perfectly, is international unlocked, i was using in different continents and no issues.",True
ORD297665,ID0387152995,2019-01-30,Thompson,"[('iAssist Line', 2), ('Lucent 330S', 1), ('Olivia x460', 2)]",8130,70.88,-37.8070029,144.9469489,0,8200.88,Summer,False,0.6313,five stars just like it said good shape no problem with it,True
ORD362780,ID0708722502,2019-12-07,Thompson,"[('iStream', 2), ('Thunder line', 1), ('Universe Note', 1)]",5930,74.7,-37.8072312,144.95592659999997,10,5411.7,Summer,False,0.9868,five stars even better than i expected!,True
ORD455944,ID0591432437,2019-05-25,Nickolson,"[('Thunder line', 1), ('Olivia x460', 1)]",3405,76.51,-37.8190672,144.9655408,10,3141.01,Autumn,True,0.3565,great phone great phone lots of features and very very little clutter this is propably one of the greatest phones i've ever owned!,True
ORD055620,ID0589759812,2019-10-07,Thompson,"[('Toshika 750', 2), ('Candle Inferno', 2)]",9500,104.24,-37.8221859,144.9498976,0,9604.24,Spring,True,1.0877,jennies phone as i wrote my daughter got it for christmas and is so pleased that its so clear and no more dropped calls like her last phone!!!!!!!!!! thankyou,True
ORD133491,ID0778806363,2019-07-13,Thompson,"[('Thunder line', 2), ('iAssist Line', 1), ('Alcon 10', 2)]",24485,82.35,-37.8016529,144.95738300000005,25,18446.1,Winter,True,1.5257,amazing worth the money. come with screen protector and case.,True
ORD425681,ID0591392066,2019-10-17,Nickolson,"[('Lucent 330S', 2), ('Alcon 10', 2), ('Toshika 750', 2)]",29000,87.48,-37.8197185,144.95990890000004,5,27637.48,Spring,True,0.8571,"avoid this phone. lot's of issues with this phone. usb was a big problem to connect. there's no photo gallery app. lots of bloat ware apps that reactivate after being uninstalled. battery life is poor. it is a very basic, featureless phone. there are better choices for the price.",False
ORD057211,ID0250933629,2019-10-19,Bakers,"[('Universe Note', 1), ('iAssist Line', 1), ('Toshika 750', 2), ('pearTV', 1)]",20625,84.18,-37.8246444,145.0057775,25,15552.93,Spring,False,1.8759,five stars nice phone for someone that just just needs a phone for talking and for emergencys,True
ORD081037,ID0612015104,2019-01-20,Nickolson,"[('pearTV', 2), ('Toshika 750', 1)]",16940,75.5,-37.816016,144.9637193,25,12780.5,Summer,True,0.5877,one star it doesn't say if it's no contract or not,False
ORD215064,ID4442505793,2019-02-21,Thompson,"[('Candle Inferno', 1), ('Lucent 330S', 1)]",1660,99.03,-37.8246122,144.9528441,0,1759.03,Summer,True,1.4227,four stars so far holding up well,True
ORD026454,ID4157116159,2019-10-29,Bakers,"[('Thunder line', 1), ('Universe Note', 2), ('iAssist Line', 2)]",13530,77.81,-37.817935,144.99391819999997,10,12254.81,Spring,False,0.8913,good deal for a nice phon i like the size . android on it acts decently.,1
ORD365660,ID0702363973,2019-05-25,Thompson,"[('Alcon 10', 1), ('Lucent 330S', 2), ('iStream', 1), ('Candle Inferno', 1)]",11990,51.91,-37.8052479,144.94095769999996,5,11442.41,Autumn,True,0.9859,one star touch screen function stopped working for no apparent reason garbage.,False
ORD128917,ID0387152942,2019-05-26,Thompson,"[('Lucent 330S', 1), ('Olivia x460', 2)]",3680,65.84,-37.8040695,144.9452196,0,3745.84,Autumn,True,0.9715,". worse phone ever! don't buy from here because phone was very slow and had a lot of issues i don't recommend buy it from here ,they sell cheap non working phones !!",False
ORD389342,ID3146808102,2019-08-24,Nickolson,"[('Toshika 750', 2), ('Candle Inferno', 2), ('iStream', 1)]",9650,66.37,-37.8099078,144.97957680000005,25,7303.87,Winter,False,1.3086,inexpensive tablet. funtional and great for reading. it has the blue screen that make it great for reading.,True
ORD216120,ID0363400852,2019-09-22,Thompson,"[('iAssist Line', 1), ('Thunder line', 2), ('Toshika 750', 2)]",15225,86.53,-37.7994124,144.9620601,10,13789.03,Spring,False,1.9793,like new the phone works perfectly fine.,True
ORD396796,ID0580001031,2019-10-21,Thompson,"[('pearTV', 2), ('Universe Note', 2), ('iStream', 1), ('Alcon 10', 1)]",28620,91.2,-37.8065367,144.932218,0,28711.2,Spring,True,1.4739,"does not work this phone does not work with a t-mobile sim card even though it says on the box it is for t-mobile. i wasted an hour at the t-mobile store. the sweet kid who put it together gave it his best... wasted an hour of his time too. oh, and the instructions are written in tiny, blurry, print.",False
ORD186133,ID4804863479,2019-01-17,Thompson,"[('iStream', 1), ('Thunder line', 2)]",4510,68.87,-37.7990483,144.9324169,10,4127.87,Summer,False,1.9902,"not recommended i like the look but that's it. charger is a weird one that don't work in jamaica, battery needs charging three times daily and i have it for two days now and i don't use it much. it only says 4g not lte even though it claims to have the band. only power button opens screen, no option for tapping. not recommended",False
ORD012168,ID0291483921,2019-10-24,Thompson,"[('Olivia x460', 2), ('Candle Inferno', 2), ('pearTV', 2)]",15930,99.16,-37.8155278,144.951093,5,15232.66,Spring,True,0.4756,perfect wow everything was mint as described. thank you!!!,True
ORD166978,ID0282852685,2019-06-29,Bakers,"[('iAssist Line', 2), ('Candle Inferno', 1), ('Lucent 330S', 2), ('Olivia x460', 2)]",9790,84.22,-37.7964641,145.0091307,10,8895.22,Winter,True,1.94,"good value so far, so good. the battery seems to last quite awhile (for a teenager). it came in like new condition. no visible issues. my son has had it for about a month and it is working great for him.",True
ORD414388,ID4733727863,2019-12-23,Thompson,"[('Lucent 330S', 1), ('Candle Inferno', 2), ('Olivia x460', 1), ('Thunder line', 1)]",5495,93.34,-37.80430870000001,144.9492602,25,4214.59,Summer,True,0.9508,works great 👍 great phone!,1
ORD335076,ID0131124746,2019-01-15,Nickolson,"[('Alcon 10', 2), ('Olivia x460', 1)]",19125,59.08,-37.8142714,144.9591922,15,16315.33,Summer,False,1.0303,avoid cell phone purchases this cell phone was no good. i lost $500 with this terrible purchase.,False
ORD135484,ID0777832638,2019-02-27,Thompson,"[('Thunder line', 2), ('Toshika 750', 2), ('iAssist Line', 1)]",15225,79.77,-37.8040854,144.9584151,10,13782.27,Summer,False,1.3819,"so far so good. love this phone bought this in july 2019. after 3 months, have to say this phone is working great.",True
ORD414191,ID0257506567,2019-12-05,Thompson,"[('iAssist Line', 2), ('pearTV', 2), ('Universe Note', 1)]",20520,104.87,-37.79978300000001,144.9633493,0,20624.87,Summer,True,2.0271,very good. thanks. very good.,True
ORD235098,ID2086696164,2019-01-14,Thompson,"[('Universe Note', 1), ('Toshika 750', 1), ('iStream', 1)]",7920,70.26,-37.8159761,144.9513099,0,7990.26,Summer,False,0.5237,it works :) personal,True
ORD226786,ID0575570529,2019-08-13,Nickolson,"[('iAssist Line', 1), ('Olivia x460', 1), ('Thunder line', 2)]",7810,67.7,-37.8240109,144.9830631,0,7877.7,Winter,False,1.3324,looks new works like new works perfectly,True
ORD459851,ID1994687832,2019-07-14,Thompson,"[('Alcon 10', 2), ('Thunder line', 2)]",22260,67.6,-37.79942970000001,144.9508937,5,21214.6,Winter,True,1.5121,"best purchase on digico so far! was excited about getting this because my old phone broke, i love this thing and it is waterproof! definitely worth the money, also was delivered well before expected :d",True
ORD461975,ID0419481490,2019-10-28,Bakers,"[('Toshika 750', 1), ('pearTV', 1), ('iStream', 1)]",10780,102.39,-37.8182368,144.99615319999995,25,8187.39,Spring,True,0.9209,i love it i love it,True
ORD309060,ID1725216520,2019-09-25,Thompson,"[('Olivia x460', 1), ('pearTV', 1), ('Alcon 10', 2), ('Candle Inferno', 2)]",26295,94.39,-37.8028608,144.96046819999995,15,22445.14,Spring,True,1.6068,do more research before buying! i like the sz. the consistencey of the a20 is horrable. the connectivity is terribileand blutooth isn't much better. i would not recommend this phone! vendor was fine,False
ORD437320,ID0233314999,2019-12-13,Bakers,"[('Universe Note', 2), ('iStream', 2), ('Lucent 330S', 1)]",8430,81.65,-37.80408720000001,144.9774972,10,7668.65,Summer,False,1.6928,it's great for my 7 year old. easy for her to use.,True
ORD441807,ID0031402955,2019-10-03,Nickolson,"[('Alcon 10', 1), ('pearTV', 2), ('Universe Note', 2), ('Olivia x460', 1)]",29695,98.3,-37.7973464,144.9689413,10,26823.8,Spring,True,2.3659,would just buy new it was ok for the money i guess had to but another 25 bucks into it for a battery and chargers.was suppose to come with charger but did not. the phone itself was gross very dirty had to give it a good cleaning. wish i would have just bought new,False
ORD208182,ID0591329182,2019-10-21,Nickolson,"[('Alcon 10', 2), ('Olivia x460', 2), ('Toshika 750', 1), ('Universe Note', 2)]",31570,78.31,-37.8249932,144.957368,10,28491.31,Spring,True,1.2864,great phone. get sim from sprint service store. great phone. came in great shape. don't try to get a sim by calling sprint. goto a sprint store with a service center.now that i have the sim. works great.love this phone.,True
ORD010454,ID2190478926,2019-12-17,Nickolson,"[('Lucent 330S', 1), ('iStream', 1)]",1380,94.06,-37.8141907,144.9630638,25,1129.06,Summer,True,0.7522,"the person i got it for liked it, however the battery and charger was looking ... the person i got it for liked it, however the battery and charger was looking old and it had a lot of white dust on it.its a very light weight phone. the phone is a t&t unlocked so it worked in the caribbean",True
ORD056540,ID2133726645,2019-09-27,Thompson,"[('Thunder line', 2), ('Toshika 750', 1), ('Lucent 330S', 1)]",9910,72.62,-37.8117035,144.9454128,10,8991.62,Spring,True,0.1813,amazing phone the phone is awesome its super fast smooth responsive everything you could want in a phone the s pen and the features it has are amazing and the camera's are also awesome.,True
ORD060137,ID3094966837,2019-12-14,Thompson,"[('Lucent 330S', 2), ('iStream', 1), ('Thunder line', 2), ('Universe Note', 1)]",10420,98.11,-37.8004553,144.9485174,25,7913.11,Summer,True,1.366,four stars big fan,True
ORD147420,ID0163364730,2019-09-29,Thompson,"[('Toshika 750', 1), ('Olivia x460', 2)]",6770,59.13,-37.8134219,144.9533437,25,5136.63,Spring,False,0.5581,"screen, battery, and the rest of the phone is weak batteries on these smartphones only last about a year before they can't hold a charge and you cannot change the battery. screen was totally trashed after a light impact from a small plastic stand for smartphones and tablets hit it. total waste of 1k",False
ORD323393,ID0635530384,2019-12-02,Thompson,"[('Thunder line', 2), ('Candle Inferno', 1)]",4790,69.14,-37.81284,144.94309219999997,0,4859.14,Summer,False,0.3502,good great phone,True
ORD307670,ID4315299520,2019-06-28,Bakers,"[('Thunder line', 1), ('Alcon 10', 1)]",11130,76.63,-37.8186097,144.9945661,15,9537.13,Winter,True,0.9606,not phoney looks and works great,True
ORD059424,ID4264281396,2019-04-29,Thompson,"[('iAssist Line', 1), ('iStream', 1), ('Candle Inferno', 1), ('Toshika 750', 1)]",7125,64.1,-37.817809,144.95180449999995,15,6120.35,Autumn,False,0.7073,very pleased. works perfectly! very pleased. works perfectly!,True
ORD481995,ID0370750312,2019-10-30,Bakers,"[('iAssist Line', 2), ('Lucent 330S', 2)]",6910,80.04,-37.813925,144.9830509,10,6299.04,Spring,False,1.1571,worked just like a brand new line ---so i am very satisfied.,True
ORD122306,ID2353534938,2019-08-11,Thompson,"[('Candle Inferno', 1), ('pearTV', 2)]",13050,85.28,-37.7999398,144.96319580000005,10,11830.28,Winter,True,2.0052,five stars great phone!,True
ORD034337,ID0588197264,2019-06-07,Nickolson,"[('iStream', 2), ('Candle Inferno', 1), ('Lucent 330S', 1)]",1960,64.06,-37.8121475,144.97377340000003,15,1730.06,Winter,False,0.8081,great picture quality! easy to set up!,True
ORD033272,ID5424203729,2019-02-17,Nickolson,"[('Candle Inferno', 1), ('pearTV', 1), ('Olivia x460', 2)]",9190,89.25,-37.8190024,144.97694840000003,10,8360.25,Summer,True,0.6521,great screen size and visuals! i'm really enjoying the google pixel 2 xl. i purchased it as a renewed product from digico and it has not disappointed.,True
ORD496092,ID0581711528,2019-06-02,Thompson,"[('Candle Inferno', 2), ('Toshika 750', 1), ('Lucent 330S', 2)]",7640,83.46,-37.80529420000001,144.92855580000003,10,6959.46,Winter,True,1.8236,five stars is perfect for the price!!! wonderful buy!,True
ORD383990,ID0612726025,2019-10-12,Nickolson,"[('Thunder line', 1), ('iStream', 1), ('iAssist Line', 1), ('Olivia x460', 2)]",7005,75.8,-37.8150351,144.961763,10,6380.3,Spring,False,0.7912,amazing phone and delivery all perfect,True
ORD073808,ID4735836881,2019-02-09,Thompson,"[('pearTV', 1), ('Alcon 10', 2)]",24210,94.93,-37.803498,144.949693,15,20673.43,Summer,True,1.0471,it's a great phone with a long lasting battery an absolute wonderful phone. i'm in love. it's slim and has great color and sound is ok could be better but pictures turn around it wonderful. will definitely recommend to friends and family.,True
ORD387365,ID2702095684,2019-04-09,Bakers,"[('Toshika 750', 2), ('Universe Note', 1)]",12090,77.12,-37.8109126,144.9904296,5,11562.62,Autumn,True,0.4345,it works great!!,True
ORD099179,ID0241807192,2019-02-17,Bakers,"[('iStream', 1), ('Universe Note', 2)]",7050,88.78,-37.8098341,144.9890733,0,7138.78,Summer,True,0.5419,gecksqd. helpful in understanding different things .,True
ORD260956,ID0452380773,2019-05-22,Thompson,"[('Toshika 750', 2), ('pearTV', 1), ('iStream', 1), ('Olivia x460', 2)]",17550,66.67,-37.8249449,144.9487577,5,16739.17,Autumn,False,1.3741,five stars awesome phone fast clean and comes in handy,True
ORD017563,ID0312719443,2019-12-04,Thompson,"[('iAssist Line', 1), ('Universe Note', 2)]",9125,102.06,-37.8007198,144.9623465,5,8770.81,Summer,True,1.891,"as described, great! exactly how it was described. brand new with casing, headphones, and charger. unlocked, i simply inserted my sim card and it has been working great. the price for it was fair and saved from getting into a phone contract. thanks!",True
ORD051998,ID0291966939,2019-10-09,Nickolson,"[('Lucent 330S', 1), ('Toshika 750', 2)]",9870,70.86,-37.8000371,144.9744259,5,9447.36,Spring,False,2.1098,i'll never buy refurbished digico phones again! not worth the hassle,False
ORD208994,ID0452381000,2019-02-21,Thompson,"[('Thunder line', 1), ('iStream', 2)]",2480,98.19,-37.8252684,144.9505753,15,2206.19,Summer,True,1.4356,five stars very nice,True
ORD128704,ID0443530297,2019-06-09,Bakers,"[('Toshika 750', 2), ('Candle Inferno', 2)]",9500,81.58,-37.814892,145.0076791,5,9106.58,Winter,True,1.2228,"good seler, i het the same ohone from another one and needed to sen it back akl in scraches very good condition.amost like new recommendation to all",True
ORD089836,ID3185718969,2019-07-13,Bakers,"[('Candle Inferno', 2), ('iAssist Line', 1), ('Universe Note', 1), ('iStream', 2)]",6835,67.33,-37.7990452,144.9880333,25,5193.58,Winter,False,1.3736,is very good i like it,True
ORD179803,ID1833117899,2019-03-09,Thompson,"[('Lucent 330S', 1), ('pearTV', 2), ('Olivia x460', 2)]",16300,82.82,-37.803807,144.9604538,15,13937.82,Autumn,True,1.5362,very good rapport quality and price. i recommande it. good pictures,True
ORD142685,ID3218293525,2019-12-27,Thompson,"[('pearTV', 2), ('Thunder line', 1), ('iStream', 2), ('Alcon 10', 2)]",33000,75.85,-37.8027816,144.9473529,10,29775.85,Summer,False,1.1014,very good quality,True
ORD334719,ID0581753893,2019-12-21,Thompson,"[('Toshika 750', 2), ('Candle Inferno', 2), ('Alcon 10', 2), ('Thunder line', 2)]",31760,97.77,-37.8037495,144.918308,25,23917.77,Summer,True,2.7175,"waste of money don't even deserve a star purchase on the 12th of january 2018 & now it april 9th 2018 and my phone stop working won't even turn on.... waste of money don't even deserve a star, very disappointed ... but cannot post without a star so unfair",False
ORD136550,ID0033238476,2019-11-14,Thompson,"[('Alcon 10', 1), ('pearTV', 1)]",15260,107.39,-37.8043557,144.96170700000005,0,15367.39,Spring,False,1.5858,"good phone. phone is exactly as expected. fast, beautiful. i wasn't interested in the fingerprint reader, but since it's there it would be nice if it worked. i'll try to set it up again, but i did as instructed and it invariably fails.",True
ORD294093,ID0579498253,2019-10-20,Thompson,"[('Candle Inferno', 2), ('Universe Note', 1), ('pearTV', 1), ('Alcon 10', 1)]",19570,76.84,-37.8157265,144.9510606,15,16711.34,Spring,False,0.4886,"not a smart phone, but this one does everything well not a smart phone, but this one does everything well, though the keyboard is extremely small. also, the voicemail occasionally sends your old messages to you as if they just came in, and in normal course doesn't give you verbal dates and times.",True
ORD449478,ID1224821954,2019-10-11,Thompson,"[('iAssist Line', 2), ('Universe Note', 1), ('Alcon 10', 2), ('Toshika 750', 2)]",34440,76.26,-37.81206829999999,144.9383555,0,34516.26,Spring,False,0.7692,five stars excellent phone with awesome camera. phone is fast unless memory is full.,True
ORD418330,ID0163364684,2019-01-22,Thompson,"[('iAssist Line', 1), ('Thunder line', 2), ('Olivia x460', 1), ('Toshika 750', 1)]",12130,72.19,-37.813680700000006,144.95353640000005,25,9169.69,Summer,False,0.5797,"screen had flashing lines. product had a disfunctional screen that had flashing lines in the top right corner, otherwise the device was fine, just wish the screen wasn't broken.",True
ORD200418,ID5448707282,2019-10-25,Thompson,"[('Olivia x460', 1), ('iAssist Line', 1)]",3450,80.2,-37.8217376,144.9367746,25,2667.7,Spring,False,1.3556,four stars i love this phone.,True
ORD260030,ID1277988780,2019-11-26,Bakers,"[('Olivia x460', 1), ('Thunder line', 1)]",3405,108.18,-37.814057700000006,145.01112369999996,25,2661.93,Spring,True,1.4689,happy costumer i love it. it came quick and it works well.,True
ORD124669,ID0702374209,2019-10-04,Thompson,"[('pearTV', 1), ('iAssist Line', 1)]",8535,75.11,-37.8078058,144.9422467,5,8183.36,Spring,False,0.6881,great phone really liked that it came in 2days nice phone for the money and best of all gamepad turn my phone into a game system awesome totally 👍👌😎,1
ORD358929,ID0060095899,2019-05-23,Bakers,"[('Olivia x460', 2), ('iStream', 2), ('Candle Inferno', 2), ('Lucent 330S', 2)]",6070,65.02,-37.8174653,144.99007869999997,15,5224.52,Autumn,False,0.9469,overall phone works great but across the top bar some of the icons ... overall phone works great but across the top bar some of the icons aren't fully lit- guess that is to be expected if it's refurbished?,True
ORD054698,ID0266262714,2019-07-02,Nickolson,"[('Toshika 750', 2), ('Lucent 330S', 2), ('Universe Note', 1), ('Thunder line', 2)]",18910,67.71,-37.821032,144.98419230000005,10,17086.71,Winter,False,1.3157,super the phone is great. i'm just not sure i need all this stuff. i don't understand the word minimum requirement for reviews. it makes no sense.,True
ORD421823,ID0740374932,2019-06-16,Bakers,"[('Candle Inferno', 2), ('Toshika 750', 2)]",9500,69.16,-37.8045225,145.0111104,0,9569.16,Winter,False,1.5236,"awesome product good battery life, awesome olad display, finger print unlock is extremely fast.",True
ORD234857,ID3213448207,2019-05-14,Thompson,"[('iStream', 1), ('Thunder line', 1)]",2330,81.9,-37.8006398,144.95762030000003,15,2062.4,Autumn,True,1.6296,cellphone im not a a techie so this phone works for what i need it for. picture quality is great!,True
ORD251899,ID0370750315,2019-04-10,Bakers,"[('Lucent 330S', 1), ('Olivia x460', 1), ('Candle Inferno', 2), ('iStream', 2)]",3615,64.57,-37.81417570000001,144.9854437,10,3318.07,Autumn,False,0.9785,"great basic phone. no frills this is a very basic phone, works very well as just a phone. great voice quality. best bars for connection on verizon. but..it just a phone.",True
ORD314255,ID4418536064,2019-10-13,Thompson,"[('Candle Inferno', 2), ('pearTV', 1)]",7170,82.04,-37.80239990000001,144.96299219999997,15,6176.54,Spring,False,1.808,"four stars excellent product, i received it in time,",True
ORD320085,ID0583473687,2019-01-22,Bakers,"[('Olivia x460', 2), ('Candle Inferno', 1)]",2880,89.11,-37.8054782,144.9975185,0,2969.11,Summer,True,0.5416,it's just like new and after a few months i have no ... got this as a mother's day gift for my wife. it's just like new and after a few months i have no complaints. beats paying 1000$ for a new phone that does all the same things.,True
ORD201556,ID0356127080,2019-04-07,Bakers,"[('Alcon 10', 1), ('Candle Inferno', 2), ('Universe Note', 1)]",13260,50.92,-37.8174365,144.98875690000003,0,13310.92,Autumn,False,1.0051,"phone is not unlocked. after receiving and returning the phone twice buying from the company themselves, i found the phones are locked to verizon only. wasted to trips to a store find this out.",False
ORD262710,ID2975214867,2019-03-21,Thompson,"[('Thunder line', 2), ('iStream', 1), ('Olivia x460', 2)]",6960,84.79,-37.79950770000001,144.9628439,15,6000.79,Autumn,True,2.0181,great price. great phone if you don't want to pay 'new' prices and you don't need 'latest-greatest'. this is a perfect solution. you get a very good phone with many of the upgrades without the huge price tag. i would not hesitate to buy refurbished and i am very happy to have this as an option.,True
ORD096747,ID0370752343,2019-03-28,Bakers,"[('iStream', 2), ('pearTV', 2), ('iAssist Line', 2), ('Toshika 750', 2)]",26010,79.21,-37.8130695,144.9864823,10,23488.21,Autumn,True,0.8421,love my thunder. love playing music in my room,True
ORD095930,ID0227315844,2019-07-14,Bakers,"[('Universe Note', 1), ('pearTV', 2)]",16070,76.84,-37.8038008,144.9875014,5,15343.34,Winter,True,0.9684,nothing to dislike i love my new toy that has made my house a smart home.,True
ORD041224,ID3954626858,2019-08-19,Nickolson,"[('Lucent 330S', 2), ('Thunder line', 1), ('pearTV', 1), ('Alcon 10', 1)]",19900,68.05,-37.8244743,144.956671,25,14993.05,Winter,False,1.3081,"not tw compatible! this phone is a great value!!! the only reason i have to return is that it is not compatible with total wireless networks. i told it would, but before it was ever delivered, i was informed by tw that it isnt... so, returning unopened:(",True
ORD212523,ID0663480235,2019-04-13,Nickolson,"[('iStream', 1), ('pearTV', 1), ('Alcon 10', 1), ('Universe Note', 2)]",22310,78.6,-37.825245,144.96819169999995,15,19042.1,Autumn,True,0.7498,it works! it worked fine!,True
ORD143591,ID4793613434,2019-09-06,Thompson,"[('Alcon 10', 1), ('pearTV', 1), ('Lucent 330S', 2)]",17720,87.48,-37.8084929,144.9241208,10,16035.48,Spring,False,2.0711,"i like how small it is, but i’m still able to see my ring cameras.",True
ORD481863,ID2442297398,2019-02-11,Thompson,"[('iStream', 1), ('Candle Inferno', 2)]",1010,90.66,-37.8178637,144.9506461,25,848.16,Summer,True,0.6579,it's so efficient and amazing!  how cool!  we all use it often every day...,True
ORD229392,ID0448078443,2019-04-21,Bakers,"[('Candle Inferno', 1), ('pearTV', 1), ('Universe Note', 2), ('Toshika 750', 2)]",22280,54.63,-37.7993846,144.985002,25,16764.63,Autumn,False,1.4849,no support!! the screen cracked the same week i got this phone. i have been unable to get it fixed because no stores have screens for this particular model. i cannot even find this model on the olivia website. no one wants to buy it either because this model is virtually unknown. now i'm stuck with a broken phone with no hope of repair.,False
ORD004994,ID0846567423,2019-05-20,Nickolson,"[('Lucent 330S', 2), ('Thunder line', 2)]",6820,62.01,-37.82023220000001,144.96873290000005,10,6200.01,Autumn,True,0.1959,horrible phone. first one came with a broken home ... horrible phone. first one came with a broken home button. this was replaced with another phone that wouldn't receive emails. super slow phone. bought the xperia m4 and am completely satisfied. stay away.,False
ORD146620,ID3114181932,2019-11-25,Nickolson,"[('Lucent 330S', 2), ('Universe Note', 2), ('Toshika 750', 1), ('Candle Inferno', 2)]",14540,102.2,-37.8116535,144.96394980000005,5,13915.2,Spring,1,0.9164,i really loved my 7in. but i love 8.5 in. a whole lot.!!!!!!!!!!!!!thanks guys!!!,True
ORD133863,ID3146808068,2019-04-24,Bakers,"[('iAssist Line', 2), ('Universe Note', 1), ('Candle Inferno', 2)]",8760,64.16,-37.8145936,144.9902397,25,6634.16,Autumn,True,0.6743,"the phone buttons don't work half of the time, ... the phone buttons don't work half of the time, i tried to reach out to the vender and no response back! shadow on the phone also.",False
ORD087611,ID0663120956,2019-11-21,Thompson,"[('pearTV', 2), ('iStream', 2), ('Universe Note', 2)]",19820,83.52,-37.8002014,144.955207,15,16930.52,Spring,False,1.562,original impecable,True
ORD143826,ID6167191719,2019-06-19,Thompson,"[('Lucent 330S', 2), ('Toshika 750', 1), ('pearTV', 1), ('Thunder line', 1)]",15270,68.38,-37.8184396,144.95674540000005,10,13811.38,Winter,False,1.0659,very good,True
ORD143992,ID4353912800,2019-11-27,Bakers,"[('Candle Inferno', 2), ('Olivia x460', 2)]",3310,111.8,-37.8250773,145.01499980000003,15,2925.3,Spring,True,2.4166,"works great, video call function nice when communicating through drop-in",True
ORD398688,ID2177825297,2019-04-14,Bakers,"[('Thunder line', 2), ('Toshika 750', 2), ('pearTV', 1), ('Candle Inferno', 2)]",20170,68.51,-37.8125914,145.0122258,15,17213.01,Autumn,False,1.5222,like new note 4 i would suggest a phone from this company any day now. what a great phone.,True
ORD357269,ID0777752999,2019-06-08,Thompson,"[('Lucent 330S', 1), ('Olivia x460', 2)]",3680,66.35,-37.805842,144.955763,15,3194.35,Winter,False,1.0784,"awesome deal! great phone for a great price! only had some minor cosmetic damage to it but nothing major. linked right up to a phone line no problem, perfect and reliable for my active life style!",True
ORD423971,ID4380043590,2019-01-14,Bakers,"[('Lucent 330S', 2), ('pearTV', 1), ('Thunder line', 2), ('Olivia x460', 1)]",14355,100.48,-37.8246564,144.9903185,5,13737.73,Summer,True,1.6882,fantastic phone the price for this phone is very reasonable. i've had absolutely no problems with this phone. i strongly recommend it,True
ORD135224,ID1283637408,2019-04-08,Thompson,"[('Universe Note', 1), ('Toshika 750', 2), ('Olivia x460', 1)]",13315,68.58,-37.8019672,144.9573099,25,10054.83,Autumn,False,1.4938,"great phone great phone, great battery life, really glad i bought the unlocked version",True
ORD101139,ID0846548135,2019-03-17,Nickolson,"[('iAssist Line', 2), ('Lucent 330S', 2), ('pearTV', 2), ('iStream', 2)]",19830,64.24,-37.82092100000001,144.9688934,10,17911.24,Autumn,False,0.2653,olivia replenish i just love this phone. this is the best phone that i had for a very long time. best ever!!!!!!!!!,True
ORD274081,ID0103116463,2019-06-24,Thompson,"[('pearTV', 1), ('iAssist Line', 2)]",10760,76.08,-37.81304520000001,144.9557281,10,9760.08,Winter,True,0.7626,great value! great price and ease of purchase!,True
ORD475849,ID3146808071,2019-05-28,Bakers,"[('Lucent 330S', 1), ('Thunder line', 1)]",3410,64.44,-37.8118976,144.9866869,15,2962.94,Autumn,True,0.7807,box was empty!!! got my shipment. the box only contained a charger. highly unsatisfied.,False
ORD280026,ID2170946981,2019-06-15,Bakers,"[('Alcon 10', 2), ('iStream', 1), ('Candle Inferno', 1)]",18480,67.56,-37.8018605,144.9840534,0,18547.56,Winter,True,1.3367,"battery long life. this smart phone it's very nice, i like the shape.",True
ORD361332,ID0777783392,2019-11-24,Thompson,"[('Universe Note', 2), ('Lucent 330S', 2), ('iStream', 1)]",9510,76.45,-37.804871,144.9533402,15,8159.95,Spring,False,1.0288,"seem to be brand new, except for the 85% battery life still has plastic on it. no dents nor scratches. i love it... it is unlocked. haven't tried making a call to hear how the speakers work, because it's a gift for someone, i will let them tell me. but i am satisfied with my item!",True
